Branch,ReceiptNo,SaleDate,Gross,CalculatedNet,CalculatedVAT,COGS,Tender,Status,SkipReason
SH010,REC-SH010-202601-0001,2026-01-01,240.00,224.30,15.70,,,SKIPPED,PERIOD_NOT_OPENED
SH001,REC-SH001-202601-0001,2026-01-01,3940.00,3682.24,257.76,,,SKIPPED,PERIOD_NOT_OPENED
SH001,REC-SH001-202601-0002,2026-01-01,650.00,607.48,42.52,,,SKIPPED,PERIOD_NOT_OPENED
SH010,REC-SH010-202601-0002,2026-01-01,520.00,485.98,34.02,,,SKIPPED,PERIOD_NOT_OPENED
SH006,REC-SH006-202601-0001,2026-01-01,1630.00,1523.36,106.64,,,SKIPPED,PERIOD_NOT_OPENED
SH001,REC-SH001-202601-0003,2026-01-01,1580.00,1476.64,103.36,,,SKIPPED,PERIOD_NOT_OPENED
SH006,REC-SH006-202601-0002,2026-01-01,6300.00,5887.85,412.15,,,SKIPPED,PERIOD_NOT_OPENED
SH006,REC-SH006-202601-0003,2026-01-01,160.00,149.53,10.47,,,SKIPPED,PERIOD_NOT_OPENED
SH012,REC-SH012-202601-0001,2026-01-01,280.00,261.68,18.32,,,SKIPPED,PERIOD_NOT_OPENED
SH010,REC-SH010-202601-0003,2026-01-01,180.00,168.22,11.78,,,SKIPPED,PERIOD_NOT_OPENED
SH024,REC-SH024-202601-0001,2026-01-01,120.00,112.15,7.85,,,SKIPPED,PERIOD_NOT_OPENED
SH012,REC-SH012-202601-0002,2026-01-01,190.00,177.57,12.43,,,SKIPPED,PERIOD_NOT_OPENED
SH001,REC-SH001-202601-0004,2026-01-01,550.00,514.02,35.98,,,SKIPPED,PERIOD_NOT_OPENED
SH006,REC-SH006-202601-0004,2026-01-01,310.00,289.72,20.28,,,SKIPPED,PERIOD_NOT_OPENED
SH025,REC-SH025-202601-0001,2026-01-01,1560.00,1457.94,102.06,,,SKIPPED,PERIOD_NOT_OPENED
SH028,REC-SH028-202601-0001,2026-01-01,330.00,308.41,21.59,,,SKIPPED,PERIOD_NOT_OPENED
SH030,REC-SH030-202601-0001,2026-01-01,160.00,149.53,10.47,,,SKIPPED,PERIOD_NOT_OPENED
SH028,REC-SH028-202601-0002,2026-01-01,120.00,112.15,7.85,,,SKIPPED,PERIOD_NOT_OPENED
SH026,REC-SH026-202601-0001,2026-01-01,80.00,74.77,5.23,,,SKIPPED,PERIOD_NOT_OPENED
SH030,REC-SH030-202601-0002,2026-01-01,325.00,303.74,21.26,,,SKIPPED,PERIOD_NOT_OPENED
SH010,REC-SH010-202601-0004,2026-01-01,1650.00,1542.06,107.94,,,SKIPPED,PERIOD_NOT_OPENED
SH028,REC-SH028-202601-0003,2026-01-01,1580.00,1476.64,103.36,,,SKIPPED,PERIOD_NOT_OPENED
SH012,REC-SH012-202601-0003,2026-01-01,100.00,93.46,6.54,,,SKIPPED,PERIOD_NOT_OPENED
SH001,REC-SH001-202601-0005,2026-01-01,130.00,121.50,8.50,,,SKIPPED,PERIOD_NOT_OPENED
SH026,REC-SH026-202601-0002,2026-01-01,620.00,579.44,40.56,,,SKIPPED,PERIOD_NOT_OPENED
SH024,REC-SH024-202601-0002,2026-01-01,160.00,149.53,10.47,,,SKIPPED,PERIOD_NOT_OPENED
SH026,REC-SH026-202601-0003,2026-01-01,2460.00,2299.07,160.93,,,SKIPPED,PERIOD_NOT_OPENED
SH026,REC-SH026-202601-0004,2026-01-01,320.00,299.07,20.93,,,SKIPPED,PERIOD_NOT_OPENED
SH001,REC-SH001-202601-0006,2026-01-01,60.00,56.07,3.93,,,SKIPPED,PERIOD_NOT_OPENED
SH025,REC-SH025-202601-0002,2026-01-01,60.00,56.07,3.93,,,SKIPPED,PERIOD_NOT_OPENED
SH001,REC-SH001-202601-0007,2026-01-01,1710.00,1598.13,111.87,,,SKIPPED,PERIOD_NOT_OPENED
SH001,REC-SH001-202601-0008,2026-01-01,160.00,149.53,10.47,,,SKIPPED,PERIOD_NOT_OPENED
SH026,REC-SH026-202601-0005,2026-01-01,160.00,149.53,10.47,,,SKIPPED,PERIOD_NOT_OPENED
SH006,REC-SH006-202601-0005,2026-01-01,120.00,112.15,7.85,,,SKIPPED,PERIOD_NOT_OPENED
SH010,REC-SH010-202601-0005,2026-01-01,310.00,289.72,20.28,,,SKIPPED,PERIOD_NOT_OPENED
SH024,REC-SH024-202601-0003,2026-01-01,280.00,261.68,18.32,,,SKIPPED,PERIOD_NOT_OPENED
SH025,REC-SH025-202601-0003,2026-01-01,410.00,383.18,26.82,,,SKIPPED,PERIOD_NOT_OPENED
SH001,REC-SH001-202601-0009,2026-01-01,1380.00,1289.72,90.28,,,SKIPPED,PERIOD_NOT_OPENED
SH006,REC-SH006-202601-0006,2026-01-01,240.00,224.30,15.70,,,SKIPPED,PERIOD_NOT_OPENED
SH006,REC-SH006-202601-0007,2026-01-01,80.00,74.77,5.23,,,SKIPPED,PERIOD_NOT_OPENED
SH006,REC-SH006-202601-0008,2026-01-01,80.00,74.77,5.23,,,SKIPPED,PERIOD_NOT_OPENED
SH012,REC-SH012-202601-0004,2026-01-01,80.00,74.77,5.23,,,SKIPPED,PERIOD_NOT_OPENED
SH006,REC-SH006-202601-0009,2026-01-01,80.00,74.77,5.23,,,SKIPPED,PERIOD_NOT_OPENED
SH025,REC-SH025-202601-0004,2026-01-01,80.00,74.77,5.23,,,SKIPPED,PERIOD_NOT_OPENED
SH028,REC-SH028-202601-0004,2026-01-01,1580.00,1476.64,103.36,,,SKIPPED,PERIOD_NOT_OPENED
SH006,REC-SH006-202601-0010,2026-01-01,80.00,74.77,5.23,,,SKIPPED,PERIOD_NOT_OPENED
SH012,REC-SH012-202601-0005,2026-01-01,80.00,74.77,5.23,,,SKIPPED,PERIOD_NOT_OPENED
SH001,REC-SH001-202601-0010,2026-01-01,840.00,785.05,54.95,,,SKIPPED,PERIOD_NOT_OPENED
SH024,REC-SH024-202601-0004,2026-01-01,600.00,560.75,39.25,,,SKIPPED,PERIOD_NOT_OPENED
SH024,REC-SH024-202601-0005,2026-01-02,180.00,168.22,11.78,,,SKIPPED,PERIOD_NOT_OPENED
SH026,REC-SH026-202601-0006,2026-01-02,540.00,504.67,35.33,,,SKIPPED,PERIOD_NOT_OPENED
SH012,REC-SH012-202601-0006,2026-01-02,160.00,149.53,10.47,,,SKIPPED,PERIOD_NOT_OPENED
SH012,REC-SH012-202601-0007,2026-01-02,80.00,74.77,5.23,,,SKIPPED,PERIOD_NOT_OPENED
SH010,REC-SH010-202601-0006,2026-01-02,160.00,149.53,10.47,,,SKIPPED,PERIOD_NOT_OPENED
SH012,REC-SH012-202601-0008,2026-01-02,80.00,74.77,5.23,,,SKIPPED,PERIOD_NOT_OPENED
SH030,REC-SH030-202601-0003,2026-01-02,330.00,308.41,21.59,,,SKIPPED,PERIOD_NOT_OPENED
SH010,REC-SH010-202601-0007,2026-01-02,240.00,224.30,15.70,,,SKIPPED,PERIOD_NOT_OPENED
SH026,REC-SH026-202601-0007,2026-01-02,2460.00,2299.07,160.93,,,SKIPPED,PERIOD_NOT_OPENED
SH001,REC-SH001-202601-0011,2026-01-02,4140.00,3869.16,270.84,,,SKIPPED,PERIOD_NOT_OPENED
SH001,REC-SH001-202601-0012,2026-01-02,1250.00,1168.22,81.78,,,SKIPPED,PERIOD_NOT_OPENED
SH001,REC-SH001-202601-0013,2026-01-02,180.00,168.22,11.78,,,SKIPPED,PERIOD_NOT_OPENED
SH001,REC-SH001-202601-0014,2026-01-02,1320.00,1233.64,86.36,,,SKIPPED,PERIOD_NOT_OPENED
SH026,REC-SH026-202601-0008,2026-01-02,120.00,112.15,7.85,,,SKIPPED,PERIOD_NOT_OPENED
SH025,REC-SH025-202601-0005,2026-01-02,160.00,149.53,10.47,,,SKIPPED,PERIOD_NOT_OPENED
SH012,REC-SH012-202601-0009,2026-01-02,120.00,112.15,7.85,,,SKIPPED,PERIOD_NOT_OPENED
SH006,REC-SH006-202601-0011,2026-01-02,120.00,112.15,7.85,,,SKIPPED,PERIOD_NOT_OPENED
SH006,REC-SH006-202601-0012,2026-01-02,460.00,429.91,30.09,,,SKIPPED,PERIOD_NOT_OPENED
SH024,REC-SH024-202601-0006,2026-01-02,560.00,523.36,36.64,,,SKIPPED,PERIOD_NOT_OPENED
SH010,REC-SH010-202601-0008,2026-01-02,190.00,177.57,12.43,,,SKIPPED,PERIOD_NOT_OPENED
SH024,REC-SH024-202601-0007,2026-01-02,140.00,130.84,9.16,,,SKIPPED,PERIOD_NOT_OPENED
SH026,REC-SH026-202601-0009,2026-01-02,380.00,355.14,24.86,,,SKIPPED,PERIOD_NOT_OPENED
SH001,REC-SH001-202601-0015,2026-01-02,400.00,373.83,26.17,,,SKIPPED,PERIOD_NOT_OPENED
SH026,REC-SH026-202601-0010,2026-01-02,120.00,112.15,7.85,,,SKIPPED,PERIOD_NOT_OPENED
SH006,REC-SH006-202601-0013,2026-01-02,80.00,74.77,5.23,,,SKIPPED,PERIOD_NOT_OPENED
SH001,REC-SH001-202601-0016,2026-01-02,160.00,149.53,10.47,,,SKIPPED,PERIOD_NOT_OPENED
SH012,REC-SH012-202601-0010,2026-01-02,160.00,149.53,10.47,,,SKIPPED,PERIOD_NOT_OPENED
SH006,REC-SH006-202601-0014,2026-01-02,680.00,635.51,44.49,,,SKIPPED,PERIOD_NOT_OPENED
SH010,REC-SH010-202601-0009,2026-01-02,330.00,308.41,21.59,,,SKIPPED,PERIOD_NOT_OPENED
SH001,REC-SH001-202601-0017,2026-01-02,330.00,308.41,21.59,,,SKIPPED,PERIOD_NOT_OPENED
SH010,REC-SH010-202601-0010,2026-01-02,120.00,112.15,7.85,,,SKIPPED,PERIOD_NOT_OPENED
SH026,REC-SH026-202601-0011,2026-01-02,460.00,429.91,30.09,,,SKIPPED,PERIOD_NOT_OPENED
SH006,REC-SH006-202601-0015,2026-01-02,80.00,74.77,5.23,,,SKIPPED,PERIOD_NOT_OPENED
SH012,REC-SH012-202601-0011,2026-01-02,460.00,429.91,30.09,,,SKIPPED,PERIOD_NOT_OPENED
SH026,REC-SH026-202601-0012,2026-01-02,80.00,74.77,5.23,,,SKIPPED,PERIOD_NOT_OPENED
SH025,REC-SH025-202601-0006,2026-01-02,60.00,56.07,3.93,,,SKIPPED,PERIOD_NOT_OPENED
SH010,REC-SH010-202601-0011,2026-01-02,190.00,177.57,12.43,,,SKIPPED,PERIOD_NOT_OPENED
SH012,REC-SH012-202601-0012,2026-01-02,2600.00,2429.91,170.09,,,SKIPPED,PERIOD_NOT_OPENED
SH010,REC-SH010-202601-0012,2026-01-02,3300.00,3084.11,215.89,,,SKIPPED,PERIOD_NOT_OPENED
SH025,REC-SH025-202601-0007,2026-01-02,440.00,411.21,28.79,,,SKIPPED,PERIOD_NOT_OPENED
SH006,REC-SH006-202601-0016,2026-01-02,380.00,355.14,24.86,,,SKIPPED,PERIOD_NOT_OPENED
SH028,REC-SH028-202601-0005,2026-01-02,80.00,74.77,5.23,,,SKIPPED,PERIOD_NOT_OPENED
SH010,REC-SH010-202601-0013,2026-01-02,330.00,308.41,21.59,,,SKIPPED,PERIOD_NOT_OPENED
SH006,REC-SH006-202601-0017,2026-01-02,1160.00,1084.11,75.89,,,SKIPPED,PERIOD_NOT_OPENED
SH006,REC-SH006-202601-0018,2026-01-02,330.00,308.41,21.59,,,SKIPPED,PERIOD_NOT_OPENED
SH001,REC-SH001-202601-0018,2026-01-02,1580.00,1476.64,103.36,,,SKIPPED,PERIOD_NOT_OPENED
SH012,REC-SH012-202601-0013,2026-01-02,330.00,308.41,21.59,,,SKIPPED,PERIOD_NOT_OPENED
SH006,REC-SH006-202601-0019,2026-01-02,580.00,542.06,37.94,,,SKIPPED,PERIOD_NOT_OPENED
SH012,REC-SH012-202601-0014,2026-01-02,240.00,224.30,15.70,,,SKIPPED,PERIOD_NOT_OPENED
SH030,REC-SH030-202601-0004,2026-01-02,2640.00,2467.29,172.71,,,SKIPPED,PERIOD_NOT_OPENED
SH001,REC-SH001-202601-0019,2026-01-02,220.00,205.61,14.39,,,SKIPPED,PERIOD_NOT_OPENED
SH010,REC-SH010-202601-0014,2026-01-02,160.00,149.53,10.47,,,SKIPPED,PERIOD_NOT_OPENED
SH010,REC-SH010-202601-0015,2026-01-02,80.00,74.77,5.23,,,SKIPPED,PERIOD_NOT_OPENED
SH010,REC-SH010-202601-0016,2026-01-02,580.00,542.06,37.94,,,SKIPPED,PERIOD_NOT_OPENED
SH010,REC-SH010-202601-0017,2026-01-02,660.00,616.82,43.18,,,SKIPPED,PERIOD_NOT_OPENED
SH001,REC-SH001-202601-0020,2026-01-02,660.00,616.82,43.18,,,SKIPPED,PERIOD_NOT_OPENED
SH012,REC-SH012-202601-0015,2026-01-02,120.00,112.15,7.85,,,SKIPPED,PERIOD_NOT_OPENED
SH026,REC-SH026-202601-0013,2026-01-02,240.00,224.30,15.70,,,SKIPPED,PERIOD_NOT_OPENED
SH012,REC-SH012-202601-0016,2026-01-02,600.00,560.75,39.25,,,SKIPPED,PERIOD_NOT_OPENED
SH025,REC-SH025-202601-0008,2026-01-02,160.00,149.53,10.47,,,SKIPPED,PERIOD_NOT_OPENED
SH024,REC-SH024-202601-0008,2026-01-02,80.00,74.77,5.23,,,SKIPPED,PERIOD_NOT_OPENED
SH006,REC-SH006-202601-0020,2026-01-02,80.00,74.77,5.23,,,SKIPPED,PERIOD_NOT_OPENED
SH001,REC-SH001-202601-0021,2026-01-02,1380.00,1289.72,90.28,,,SKIPPED,PERIOD_NOT_OPENED
SH010,REC-SH010-202601-0018,2026-01-02,680.00,635.51,44.49,,,SKIPPED,PERIOD_NOT_OPENED
SH006,REC-SH006-202601-0021,2026-01-02,200.00,186.92,13.08,,,SKIPPED,PERIOD_NOT_OPENED
SH012,REC-SH012-202601-0017,2026-01-02,330.00,308.41,21.59,,,SKIPPED,PERIOD_NOT_OPENED
SH010,REC-SH010-202601-0019,2026-01-02,660.00,616.82,43.18,,,SKIPPED,PERIOD_NOT_OPENED
SH001,REC-SH001-202601-0022,2026-01-02,2200.00,2056.07,143.93,,,SKIPPED,PERIOD_NOT_OPENED
SH026,REC-SH026-202601-0014,2026-01-02,200.00,186.92,13.08,,,SKIPPED,PERIOD_NOT_OPENED
SH024,REC-SH024-202601-0009,2026-01-02,80.00,74.77,5.23,,,SKIPPED,PERIOD_NOT_OPENED
SH025,REC-SH025-202601-0009,2026-01-02,330.00,308.41,21.59,,,SKIPPED,PERIOD_NOT_OPENED
SH025,REC-SH025-202601-0010,2026-01-02,80.00,74.77,5.23,,,SKIPPED,PERIOD_NOT_OPENED
SH010,REC-SH010-202601-0020,2026-01-03,60.00,56.07,3.93,,,SKIPPED,PERIOD_NOT_OPENED
SH001,REC-SH001-202601-0023,2026-01-03,660.00,616.82,43.18,,,SKIPPED,PERIOD_NOT_OPENED
SH001,REC-SH001-202601-0024,2026-01-03,660.00,616.82,43.18,,,SKIPPED,PERIOD_NOT_OPENED
SH006,REC-SH006-202601-0022,2026-01-03,1560.00,1457.94,102.06,,,SKIPPED,PERIOD_NOT_OPENED
SH012,REC-SH012-202601-0018,2026-01-03,240.00,224.30,15.70,,,SKIPPED,PERIOD_NOT_OPENED
SH012,REC-SH012-202601-0019,2026-01-03,2460.00,2299.07,160.93,,,SKIPPED,PERIOD_NOT_OPENED
SH010,REC-SH010-202601-0021,2026-01-03,160.00,149.53,10.47,,,SKIPPED,PERIOD_NOT_OPENED
SH012,REC-SH012-202601-0020,2026-01-03,160.00,149.53,10.47,,,SKIPPED,PERIOD_NOT_OPENED
SH006,REC-SH006-202601-0023,2026-01-03,1320.00,1233.64,86.36,,,SKIPPED,PERIOD_NOT_OPENED
SH006,REC-SH006-202601-0024,2026-01-03,80.00,74.77,5.23,,,SKIPPED,PERIOD_NOT_OPENED
SH001,REC-SH001-202601-0025,2026-01-03,1100.00,1028.04,71.96,,,SKIPPED,PERIOD_NOT_OPENED
SH024,REC-SH024-202601-0010,2026-01-03,80.00,74.77,5.23,,,SKIPPED,PERIOD_NOT_OPENED
SH001,REC-SH001-202601-0026,2026-01-03,1710.00,1598.13,111.87,,,SKIPPED,PERIOD_NOT_OPENED
SH026,REC-SH026-202601-0015,2026-01-03,120.00,112.15,7.85,,,SKIPPED,PERIOD_NOT_OPENED
SH026,REC-SH026-202601-0016,2026-01-03,400.00,373.83,26.17,,,SKIPPED,PERIOD_NOT_OPENED
SH006,REC-SH006-202601-0025,2026-01-03,580.00,542.06,37.94,,,SKIPPED,PERIOD_NOT_OPENED
SH010,REC-SH010-202601-0022,2026-01-03,1380.00,1289.72,90.28,,,SKIPPED,PERIOD_NOT_OPENED
SH010,REC-SH010-202601-0023,2026-01-03,120.00,112.15,7.85,,,SKIPPED,PERIOD_NOT_OPENED
SH010,REC-SH010-202601-0024,2026-01-03,80.00,74.77,5.23,,,SKIPPED,PERIOD_NOT_OPENED
SH012,REC-SH012-202601-0021,2026-01-03,1320.00,1233.64,86.36,,,SKIPPED,PERIOD_NOT_OPENED
SH024,REC-SH024-202601-0011,2026-01-03,120.00,112.15,7.85,,,SKIPPED,PERIOD_NOT_OPENED
SH024,REC-SH024-202601-0012,2026-01-03,410.00,383.18,26.82,,,SKIPPED,PERIOD_NOT_OPENED
SH001,REC-SH001-202601-0027,2026-01-03,660.00,616.82,43.18,,,SKIPPED,PERIOD_NOT_OPENED
SH006,REC-SH006-202601-0026,2026-01-03,580.00,542.06,37.94,,,SKIPPED,PERIOD_NOT_OPENED
SH026,REC-SH026-202601-0017,2026-01-03,480.00,448.60,31.40,,,SKIPPED,PERIOD_NOT_OPENED
SH024,REC-SH024-202601-0013,2026-01-03,380.00,355.14,24.86,,,SKIPPED,PERIOD_NOT_OPENED
SH025,REC-SH025-202601-0011,2026-01-03,80.00,74.77,5.23,,,SKIPPED,PERIOD_NOT_OPENED
SH025,REC-SH025-202601-0012,2026-01-03,160.00,149.53,10.47,,,SKIPPED,PERIOD_NOT_OPENED
SH001,REC-SH001-202601-0028,2026-01-03,1710.00,1598.13,111.87,,,SKIPPED,PERIOD_NOT_OPENED
SH025,REC-SH025-202601-0013,2026-01-03,1560.00,1457.94,102.06,,,SKIPPED,PERIOD_NOT_OPENED
SH006,REC-SH006-202601-0027,2026-01-03,325.00,303.74,21.26,,,SKIPPED,PERIOD_NOT_OPENED
SH010,REC-SH010-202601-0025,2026-01-03,2460.00,2299.07,160.93,,,SKIPPED,PERIOD_NOT_OPENED
SH024,REC-SH024-202601-0014,2026-01-03,1100.00,1028.04,71.96,,,SKIPPED,PERIOD_NOT_OPENED
SH006,REC-SH006-202601-0028,2026-01-03,330.00,308.41,21.59,,,SKIPPED,PERIOD_NOT_OPENED
SH026,REC-SH026-202601-0018,2026-01-03,2090.00,1953.27,136.73,,,SKIPPED,PERIOD_NOT_OPENED
SH012,REC-SH012-202601-0022,2026-01-03,80.00,74.77,5.23,,,SKIPPED,PERIOD_NOT_OPENED
SH026,REC-SH026-202601-0019,2026-01-03,280.00,261.68,18.32,,,SKIPPED,PERIOD_NOT_OPENED
SH026,REC-SH026-202601-0020,2026-01-03,1970.00,1841.12,128.88,,,SKIPPED,PERIOD_NOT_OPENED
SH006,REC-SH006-202601-0029,2026-01-03,580.00,542.06,37.94,,,SKIPPED,PERIOD_NOT_OPENED
SH025,REC-SH025-202601-0014,2026-01-03,240.00,224.30,15.70,,,SKIPPED,PERIOD_NOT_OPENED
SH025,REC-SH025-202601-0015,2026-01-03,160.00,149.53,10.47,,,SKIPPED,PERIOD_NOT_OPENED
SH030,REC-SH030-202601-0005,2026-01-03,160.00,149.53,10.47,,,SKIPPED,PERIOD_NOT_OPENED
SH026,REC-SH026-202601-0021,2026-01-03,1510.00,1411.21,98.79,,,SKIPPED,PERIOD_NOT_OPENED
SH024,REC-SH024-202601-0015,2026-01-03,80.00,74.77,5.23,,,SKIPPED,PERIOD_NOT_OPENED
SH024,REC-SH024-202601-0016,2026-01-03,80.00,74.77,5.23,,,SKIPPED,PERIOD_NOT_OPENED
SH012,REC-SH012-202601-0023,2026-01-03,580.00,542.06,37.94,,,SKIPPED,PERIOD_NOT_OPENED
SH001,REC-SH001-202601-0029,2026-01-03,1710.00,1598.13,111.87,,,SKIPPED,PERIOD_NOT_OPENED
SH010,REC-SH010-202601-0026,2026-01-03,680.00,635.51,44.49,,,SKIPPED,PERIOD_NOT_OPENED
SH006,REC-SH006-202601-0030,2026-01-03,120.00,112.15,7.85,,,SKIPPED,PERIOD_NOT_OPENED
SH006,REC-SH006-202601-0031,2026-01-03,1360.00,1271.03,88.97,,,SKIPPED,PERIOD_NOT_OPENED
SH012,REC-SH012-202601-0024,2026-01-03,190.00,177.57,12.43,,,SKIPPED,PERIOD_NOT_OPENED
SH006,REC-SH006-202601-0032,2026-01-03,580.00,542.06,37.94,,,SKIPPED,PERIOD_NOT_OPENED
SH006,REC-SH006-202601-0033,2026-01-03,880.00,822.43,57.57,,,SKIPPED,PERIOD_NOT_OPENED
SH001,REC-SH001-202601-0030,2026-01-03,60.00,56.07,3.93,,,SKIPPED,PERIOD_NOT_OPENED
SH028,REC-SH028-202601-0006,2026-01-03,1580.00,1476.64,103.36,,,SKIPPED,PERIOD_NOT_OPENED
SH030,REC-SH030-202601-0006,2026-01-03,200.00,186.92,13.08,,,SKIPPED,PERIOD_NOT_OPENED
SH006,REC-SH006-202601-0034,2026-01-03,160.00,149.53,10.47,,,SKIPPED,PERIOD_NOT_OPENED
SH024,REC-SH024-202601-0017,2026-01-03,410.00,383.18,26.82,,,SKIPPED,PERIOD_NOT_OPENED
SH025,REC-SH025-202601-0016,2026-01-03,140.00,130.84,9.16,,,SKIPPED,PERIOD_NOT_OPENED
SH001,REC-SH001-202601-0031,2026-01-03,3160.00,2953.27,206.73,,,SKIPPED,PERIOD_NOT_OPENED
SH006,REC-SH006-202601-0035,2026-01-03,180.00,168.22,11.78,,,SKIPPED,PERIOD_NOT_OPENED
SH010,REC-SH010-202601-0027,2026-01-03,650.00,607.48,42.52,,,SKIPPED,PERIOD_NOT_OPENED
SH010,REC-SH010-202601-0028,2026-01-03,325.00,303.74,21.26,,,SKIPPED,PERIOD_NOT_OPENED
SH006,REC-SH006-202601-0036,2026-01-03,1970.00,1841.12,128.88,,,SKIPPED,PERIOD_NOT_OPENED
SH001,REC-SH001-202601-0032,2026-01-03,2720.00,2542.06,177.94,,,SKIPPED,PERIOD_NOT_OPENED
SH001,REC-SH001-202601-0033,2026-01-03,1580.00,1476.64,103.36,,,SKIPPED,PERIOD_NOT_OPENED
SH012,REC-SH012-202601-0025,2026-01-03,400.00,373.83,26.17,,,SKIPPED,PERIOD_NOT_OPENED
SH010,REC-SH010-202601-0029,2026-01-03,80.00,74.77,5.23,,,SKIPPED,PERIOD_NOT_OPENED
SH026,REC-SH026-202601-0022,2026-01-03,160.00,149.53,10.47,,,SKIPPED,PERIOD_NOT_OPENED
SH010,REC-SH010-202601-0030,2026-01-03,160.00,149.53,10.47,,,SKIPPED,PERIOD_NOT_OPENED
SH025,REC-SH025-202601-0017,2026-01-03,80.00,74.77,5.23,,,SKIPPED,PERIOD_NOT_OPENED
SH001,REC-SH001-202601-0034,2026-01-03,220.00,205.61,14.39,,,SKIPPED,PERIOD_NOT_OPENED
SH010,REC-SH010-202601-0031,2026-01-03,325.00,303.74,21.26,,,SKIPPED,PERIOD_NOT_OPENED
SH006,REC-SH006-202601-0037,2026-01-03,325.00,303.74,21.26,,,SKIPPED,PERIOD_NOT_OPENED
SH026,REC-SH026-202601-0023,2026-01-03,120.00,112.15,7.85,,,SKIPPED,PERIOD_NOT_OPENED
SH006,REC-SH006-202601-0038,2026-01-03,120.00,112.15,7.85,,,SKIPPED,PERIOD_NOT_OPENED
SH006,REC-SH006-202601-0039,2026-01-03,80.00,74.77,5.23,,,SKIPPED,PERIOD_NOT_OPENED
SH006,REC-SH006-202601-0040,2026-01-03,160.00,149.53,10.47,,,SKIPPED,PERIOD_NOT_OPENED
SH006,REC-SH006-202601-0041,2026-01-03,160.00,149.53,10.47,,,SKIPPED,PERIOD_NOT_OPENED
SH010,REC-SH010-202601-0032,2026-01-03,240.00,224.30,15.70,,,SKIPPED,PERIOD_NOT_OPENED
SH030,REC-SH030-202601-0007,2026-01-03,60.00,56.07,3.93,,,SKIPPED,PERIOD_NOT_OPENED
SH026,REC-SH026-202601-0024,2026-01-03,160.00,149.53,10.47,,,SKIPPED,PERIOD_NOT_OPENED
SH006,REC-SH006-202601-0042,2026-01-03,80.00,74.77,5.23,,,SKIPPED,PERIOD_NOT_OPENED
SH024,REC-SH024-202601-0018,2026-01-03,190.00,177.57,12.43,,,SKIPPED,PERIOD_NOT_OPENED
SH024,REC-SH024-202601-0019,2026-01-03,1330.00,1242.99,87.01,,,SKIPPED,PERIOD_NOT_OPENED
SH001,REC-SH001-202601-0035,2026-01-03,60.00,56.07,3.93,,,SKIPPED,PERIOD_NOT_OPENED
SH001,REC-SH001-202601-0036,2026-01-04,1320.00,1233.64,86.36,,,SKIPPED,PERIOD_NOT_OPENED
SH010,REC-SH010-202601-0033,2026-01-04,240.00,224.30,15.70,,,SKIPPED,PERIOD_NOT_OPENED
SH026,REC-SH026-202601-0025,2026-01-04,160.00,149.53,10.47,,,SKIPPED,PERIOD_NOT_OPENED
SH010,REC-SH010-202601-0034,2026-01-04,200.00,186.92,13.08,,,SKIPPED,PERIOD_NOT_OPENED
SH026,REC-SH026-202601-0026,2026-01-04,400.00,373.83,26.17,,,SKIPPED,PERIOD_NOT_OPENED
SH006,REC-SH006-202601-0043,2026-01-04,80.00,74.77,5.23,,,SKIPPED,PERIOD_NOT_OPENED
SH012,REC-SH012-202601-0026,2026-01-04,580.00,542.06,37.94,,,SKIPPED,PERIOD_NOT_OPENED
SH028,REC-SH028-202601-0007,2026-01-04,2180.00,2037.38,142.62,,,SKIPPED,PERIOD_NOT_OPENED
SH006,REC-SH006-202601-0044,2026-01-04,160.00,149.53,10.47,,,SKIPPED,PERIOD_NOT_OPENED
SH006,REC-SH006-202601-0045,2026-01-04,4960.00,4635.51,324.49,,,SKIPPED,PERIOD_NOT_OPENED
SH006,REC-SH006-202601-0046,2026-01-04,1280.00,1196.26,83.74,,,SKIPPED,PERIOD_NOT_OPENED
SH001,REC-SH001-202601-0037,2026-01-04,160.00,149.53,10.47,,,SKIPPED,PERIOD_NOT_OPENED
SH030,REC-SH030-202601-0008,2026-01-04,320.00,299.07,20.93,,,SKIPPED,PERIOD_NOT_OPENED
SH001,REC-SH001-202601-0038,2026-01-04,380.00,355.14,24.86,,,SKIPPED,PERIOD_NOT_OPENED
SH006,REC-SH006-202601-0047,2026-01-04,120.00,112.15,7.85,,,SKIPPED,PERIOD_NOT_OPENED
SH006,REC-SH006-202601-0048,2026-01-04,1320.00,1233.64,86.36,,,SKIPPED,PERIOD_NOT_OPENED
SH028,REC-SH028-202601-0008,2026-01-04,4470.00,4177.57,292.43,,,SKIPPED,PERIOD_NOT_OPENED
SH025,REC-SH025-202601-0018,2026-01-04,60.00,56.07,3.93,,,SKIPPED,PERIOD_NOT_OPENED
SH026,REC-SH026-202601-0027,2026-01-04,160.00,149.53,10.47,,,SKIPPED,PERIOD_NOT_OPENED
SH012,REC-SH012-202601-0027,2026-01-04,2460.00,2299.07,160.93,,,SKIPPED,PERIOD_NOT_OPENED
SH012,REC-SH012-202601-0028,2026-01-04,240.00,224.30,15.70,,,SKIPPED,PERIOD_NOT_OPENED
SH028,REC-SH028-202601-0009,2026-01-04,1830.00,1710.28,119.72,,,SKIPPED,PERIOD_NOT_OPENED
SH006,REC-SH006-202601-0049,2026-01-04,160.00,149.53,10.47,,,SKIPPED,PERIOD_NOT_OPENED
SH006,REC-SH006-202601-0050,2026-01-04,540.00,504.67,35.33,,,SKIPPED,PERIOD_NOT_OPENED
SH026,REC-SH026-202601-0028,2026-01-04,80.00,74.77,5.23,,,SKIPPED,PERIOD_NOT_OPENED
SH006,REC-SH006-202601-0051,2026-01-04,160.00,149.53,10.47,,,SKIPPED,PERIOD_NOT_OPENED
SH010,REC-SH010-202601-0035,2026-01-04,320.00,299.07,20.93,,,SKIPPED,PERIOD_NOT_OPENED
SH006,REC-SH006-202601-0052,2026-01-04,80.00,74.77,5.23,,,SKIPPED,PERIOD_NOT_OPENED
SH010,REC-SH010-202601-0036,2026-01-04,310.00,289.72,20.28,,,SKIPPED,PERIOD_NOT_OPENED
SH006,REC-SH006-202601-0053,2026-01-04,700.00,654.21,45.79,,,SKIPPED,PERIOD_NOT_OPENED
SH025,REC-SH025-202601-0019,2026-01-04,720.00,672.90,47.10,,,SKIPPED,PERIOD_NOT_OPENED
SH026,REC-SH026-202601-0029,2026-01-04,480.00,448.60,31.40,,,SKIPPED,PERIOD_NOT_OPENED
SH026,REC-SH026-202601-0030,2026-01-04,440.00,411.21,28.79,,,SKIPPED,PERIOD_NOT_OPENED
SH006,REC-SH006-202601-0054,2026-01-04,460.00,429.91,30.09,,,SKIPPED,PERIOD_NOT_OPENED
SH006,REC-SH006-202601-0055,2026-01-04,460.00,429.91,30.09,,,SKIPPED,PERIOD_NOT_OPENED
SH012,REC-SH012-202601-0029,2026-01-04,320.00,299.07,20.93,,,SKIPPED,PERIOD_NOT_OPENED
SH001,REC-SH001-202601-0039,2026-01-04,3420.00,3196.26,223.74,,,SKIPPED,PERIOD_NOT_OPENED
SH024,REC-SH024-202601-0020,2026-01-04,120.00,112.15,7.85,,,SKIPPED,PERIOD_NOT_OPENED
SH024,REC-SH024-202601-0021,2026-01-04,920.00,859.81,60.19,,,SKIPPED,PERIOD_NOT_OPENED
SH024,REC-SH024-202601-0022,2026-01-04,240.00,224.30,15.70,,,SKIPPED,PERIOD_NOT_OPENED
SH012,REC-SH012-202601-0030,2026-01-04,380.00,355.14,24.86,,,SKIPPED,PERIOD_NOT_OPENED
SH010,REC-SH010-202601-0037,2026-01-04,4140.00,3869.16,270.84,,,SKIPPED,PERIOD_NOT_OPENED
SH025,REC-SH025-202601-0020,2026-01-04,325.00,303.74,21.26,,,SKIPPED,PERIOD_NOT_OPENED
SH010,REC-SH010-202601-0038,2026-01-04,1970.00,1841.12,128.88,,,SKIPPED,PERIOD_NOT_OPENED
SH001,REC-SH001-202601-0040,2026-01-04,1580.00,1476.64,103.36,,,SKIPPED,PERIOD_NOT_OPENED
SH012,REC-SH012-202601-0031,2026-01-04,430.00,401.87,28.13,,,SKIPPED,PERIOD_NOT_OPENED
SH010,REC-SH010-202601-0039,2026-01-04,460.00,429.91,30.09,,,SKIPPED,PERIOD_NOT_OPENED
SH010,REC-SH010-202601-0040,2026-01-04,80.00,74.77,5.23,,,SKIPPED,PERIOD_NOT_OPENED
SH025,REC-SH025-202601-0021,2026-01-04,320.00,299.07,20.93,,,SKIPPED,PERIOD_NOT_OPENED
SH001,REC-SH001-202601-0041,2026-01-04,1580.00,1476.64,103.36,,,SKIPPED,PERIOD_NOT_OPENED
SH025,REC-SH025-202601-0022,2026-01-04,80.00,74.77,5.23,,,SKIPPED,PERIOD_NOT_OPENED
SH025,REC-SH025-202601-0023,2026-01-04,160.00,149.53,10.47,,,SKIPPED,PERIOD_NOT_OPENED
SH006,REC-SH006-202601-0056,2026-01-04,2085.00,1948.60,136.40,,,SKIPPED,PERIOD_NOT_OPENED
SH006,REC-SH006-202601-0057,2026-01-04,60.00,56.07,3.93,,,SKIPPED,PERIOD_NOT_OPENED
SH006,REC-SH006-202601-0058,2026-01-04,310.00,289.72,20.28,,,SKIPPED,PERIOD_NOT_OPENED
SH010,REC-SH010-202601-0041,2026-01-04,320.00,299.07,20.93,,,SKIPPED,PERIOD_NOT_OPENED
SH025,REC-SH025-202601-0024,2026-01-04,340.00,317.76,22.24,,,SKIPPED,PERIOD_NOT_OPENED
SH006,REC-SH006-202601-0059,2026-01-04,80.00,74.77,5.23,,,SKIPPED,PERIOD_NOT_OPENED
SH012,REC-SH012-202601-0032,2026-01-04,140.00,130.84,9.16,,,SKIPPED,PERIOD_NOT_OPENED
SH010,REC-SH010-202601-0042,2026-01-04,80.00,74.77,5.23,,,SKIPPED,PERIOD_NOT_OPENED
SH012,REC-SH012-202601-0033,2026-01-04,80.00,74.77,5.23,,,SKIPPED,PERIOD_NOT_OPENED
SH006,REC-SH006-202601-0060,2026-01-04,120.00,112.15,7.85,,,SKIPPED,PERIOD_NOT_OPENED
SH006,REC-SH006-202601-0061,2026-01-04,160.00,149.53,10.47,,,SKIPPED,PERIOD_NOT_OPENED
SH026,REC-SH026-202601-0031,2026-01-04,80.00,74.77,5.23,,,SKIPPED,PERIOD_NOT_OPENED
SH010,REC-SH010-202601-0043,2026-01-04,330.00,308.41,21.59,,,SKIPPED,PERIOD_NOT_OPENED
SH012,REC-SH012-202601-0034,2026-01-04,580.00,542.06,37.94,,,SKIPPED,PERIOD_NOT_OPENED
SH025,REC-SH025-202601-0025,2026-01-04,160.00,149.53,10.47,,,SKIPPED,PERIOD_NOT_OPENED
SH025,REC-SH025-202601-0026,2026-01-04,80.00,74.77,5.23,,,SKIPPED,PERIOD_NOT_OPENED
SH026,REC-SH026-202601-0032,2026-01-04,120.00,112.15,7.85,,,SKIPPED,PERIOD_NOT_OPENED
SH025,REC-SH025-202601-0027,2026-01-04,490.00,457.94,32.06,,,SKIPPED,PERIOD_NOT_OPENED
SH006,REC-SH006-202601-0062,2026-01-04,2310.00,2158.88,151.12,,,SKIPPED,PERIOD_NOT_OPENED
SH006,REC-SH006-202601-0063,2026-01-04,580.00,542.06,37.94,,,SKIPPED,PERIOD_NOT_OPENED
SH006,REC-SH006-202601-0064,2026-01-04,120.00,112.15,7.85,,,SKIPPED,PERIOD_NOT_OPENED
SH024,REC-SH024-202601-0023,2026-01-04,80.00,74.77,5.23,,,SKIPPED,PERIOD_NOT_OPENED
SH024,REC-SH024-202601-0024,2026-01-04,160.00,149.53,10.47,,,SKIPPED,PERIOD_NOT_OPENED
SH024,REC-SH024-202601-0025,2026-01-04,1520.00,1420.56,99.44,,,SKIPPED,PERIOD_NOT_OPENED
SH024,REC-SH024-202601-0026,2026-01-04,120.00,112.15,7.85,,,SKIPPED,PERIOD_NOT_OPENED
SH028,REC-SH028-202601-0010,2026-01-04,160.00,149.53,10.47,,,SKIPPED,PERIOD_NOT_OPENED
SH028,REC-SH028-202601-0011,2026-01-04,1580.00,1476.64,103.36,,,SKIPPED,PERIOD_NOT_OPENED
SH028,REC-SH028-202601-0012,2026-01-04,2500.00,2336.45,163.55,,,SKIPPED,PERIOD_NOT_OPENED
SH025,REC-SH025-202601-0028,2026-01-04,300.00,280.37,19.63,,,SKIPPED,PERIOD_NOT_OPENED
SH028,REC-SH028-202601-0013,2026-01-05,2040.00,1906.54,133.46,,,SKIPPED,PERIOD_NOT_OPENED
SH010,REC-SH010-202601-0044,2026-01-05,60.00,56.07,3.93,,,SKIPPED,PERIOD_NOT_OPENED
SH012,REC-SH012-202601-0035,2026-01-05,80.00,74.77,5.23,,,SKIPPED,PERIOD_NOT_OPENED
SH026,REC-SH026-202601-0033,2026-01-05,320.00,299.07,20.93,,,SKIPPED,PERIOD_NOT_OPENED
SH001,REC-SH001-202601-0042,2026-01-05,330.00,308.41,21.59,,,SKIPPED,PERIOD_NOT_OPENED
SH001,REC-SH001-202601-0043,2026-01-05,3090.00,2887.85,202.15,,,SKIPPED,PERIOD_NOT_OPENED
SH001,REC-SH001-202601-0044,2026-01-05,220.00,205.61,14.39,,,SKIPPED,PERIOD_NOT_OPENED
SH006,REC-SH006-202601-0065,2026-01-05,400.00,373.83,26.17,,,SKIPPED,PERIOD_NOT_OPENED
SH026,REC-SH026-202601-0034,2026-01-05,1320.00,1233.64,86.36,,,SKIPPED,PERIOD_NOT_OPENED
SH025,REC-SH025-202601-0029,2026-01-05,1320.00,1233.64,86.36,,,SKIPPED,PERIOD_NOT_OPENED
SH024,REC-SH024-202601-0027,2026-01-05,120.00,112.15,7.85,,,SKIPPED,PERIOD_NOT_OPENED
SH024,REC-SH024-202601-0028,2026-01-05,330.00,308.41,21.59,,,SKIPPED,PERIOD_NOT_OPENED
SH025,REC-SH025-202601-0030,2026-01-05,1200.00,1121.50,78.50,,,SKIPPED,PERIOD_NOT_OPENED
SH028,REC-SH028-202601-0014,2026-01-05,220.00,205.61,14.39,,,SKIPPED,PERIOD_NOT_OPENED
SH026,REC-SH026-202601-0035,2026-01-05,410.00,383.18,26.82,,,SKIPPED,PERIOD_NOT_OPENED
SH006,REC-SH006-202601-0066,2026-01-05,80.00,74.77,5.23,,,SKIPPED,PERIOD_NOT_OPENED
SH006,REC-SH006-202601-0067,2026-01-05,580.00,542.06,37.94,,,SKIPPED,PERIOD_NOT_OPENED
SH025,REC-SH025-202601-0031,2026-01-05,370.00,345.79,24.21,,,SKIPPED,PERIOD_NOT_OPENED
SH026,REC-SH026-202601-0036,2026-01-05,190.00,177.57,12.43,,,SKIPPED,PERIOD_NOT_OPENED
SH001,REC-SH001-202601-0045,2026-01-05,120.00,112.15,7.85,,,SKIPPED,PERIOD_NOT_OPENED
SH001,REC-SH001-202601-0046,2026-01-05,460.00,429.91,30.09,,,SKIPPED,PERIOD_NOT_OPENED
SH010,REC-SH010-202601-0045,2026-01-05,410.00,383.18,26.82,,,SKIPPED,PERIOD_NOT_OPENED
SH012,REC-SH012-202601-0036,2026-01-05,310.00,289.72,20.28,,,SKIPPED,PERIOD_NOT_OPENED
SH012,REC-SH012-202601-0037,2026-01-05,120.00,112.15,7.85,,,SKIPPED,PERIOD_NOT_OPENED
SH026,REC-SH026-202601-0037,2026-01-05,190.00,177.57,12.43,,,SKIPPED,PERIOD_NOT_OPENED
SH001,REC-SH001-202601-0047,2026-01-05,220.00,205.61,14.39,,,SKIPPED,PERIOD_NOT_OPENED
SH026,REC-SH026-202601-0038,2026-01-05,240.00,224.30,15.70,,,SKIPPED,PERIOD_NOT_OPENED
SH025,REC-SH025-202601-0032,2026-01-05,120.00,112.15,7.85,,,SKIPPED,PERIOD_NOT_OPENED
SH026,REC-SH026-202601-0039,2026-01-05,320.00,299.07,20.93,,,SKIPPED,PERIOD_NOT_OPENED
SH024,REC-SH024-202601-0029,2026-01-05,610.00,570.09,39.91,,,SKIPPED,PERIOD_NOT_OPENED
SH028,REC-SH028-202601-0015,2026-01-05,120.00,112.15,7.85,,,SKIPPED,PERIOD_NOT_OPENED
SH001,REC-SH001-202601-0048,2026-01-05,1320.00,1233.64,86.36,,,SKIPPED,PERIOD_NOT_OPENED
SH001,REC-SH001-202601-0049,2026-01-05,330.00,308.41,21.59,,,SKIPPED,PERIOD_NOT_OPENED
SH010,REC-SH010-202601-0046,2026-01-05,160.00,149.53,10.47,,,SKIPPED,PERIOD_NOT_OPENED
SH012,REC-SH012-202601-0038,2026-01-05,80.00,74.77,5.23,,,SKIPPED,PERIOD_NOT_OPENED
SH010,REC-SH010-202601-0047,2026-01-05,120.00,112.15,7.85,,,SKIPPED,PERIOD_NOT_OPENED
SH028,REC-SH028-202601-0016,2026-01-05,500.00,467.29,32.71,,,SKIPPED,PERIOD_NOT_OPENED
SH024,REC-SH024-202601-0030,2026-01-05,80.00,74.77,5.23,,,SKIPPED,PERIOD_NOT_OPENED
SH025,REC-SH025-202601-0033,2026-01-05,560.00,523.36,36.64,,,SKIPPED,PERIOD_NOT_OPENED
SH028,REC-SH028-202601-0017,2026-01-05,1250.00,1168.22,81.78,,,SKIPPED,PERIOD_NOT_OPENED
SH012,REC-SH012-202601-0039,2026-01-05,580.00,542.06,37.94,,,SKIPPED,PERIOD_NOT_OPENED
SH006,REC-SH006-202601-0068,2026-01-05,80.00,74.77,5.23,,,SKIPPED,PERIOD_NOT_OPENED
SH024,REC-SH024-202601-0031,2026-01-05,80.00,74.77,5.23,,,SKIPPED,PERIOD_NOT_OPENED
SH030,REC-SH030-202601-0009,2026-01-05,240.00,224.30,15.70,,,SKIPPED,PERIOD_NOT_OPENED
SH024,REC-SH024-202601-0032,2026-01-05,160.00,149.53,10.47,,,SKIPPED,PERIOD_NOT_OPENED
SH026,REC-SH026-202601-0040,2026-01-05,410.00,383.18,26.82,,,SKIPPED,PERIOD_NOT_OPENED
SH026,REC-SH026-202601-0041,2026-01-05,190.00,177.57,12.43,,,SKIPPED,PERIOD_NOT_OPENED
SH026,REC-SH026-202601-0042,2026-01-05,190.00,177.57,12.43,,,SKIPPED,PERIOD_NOT_OPENED
SH025,REC-SH025-202601-0034,2026-01-05,160.00,149.53,10.47,,,SKIPPED,PERIOD_NOT_OPENED
SH006,REC-SH006-202601-0069,2026-01-05,240.00,224.30,15.70,,,SKIPPED,PERIOD_NOT_OPENED
SH030,REC-SH030-202601-0010,2026-01-05,120.00,112.15,7.85,,,SKIPPED,PERIOD_NOT_OPENED
SH025,REC-SH025-202601-0035,2026-01-05,300.00,280.37,19.63,,,SKIPPED,PERIOD_NOT_OPENED
SH012,REC-SH012-202601-0040,2026-01-05,440.00,411.21,28.79,,,SKIPPED,PERIOD_NOT_OPENED
SH012,REC-SH012-202601-0041,2026-01-05,480.00,448.60,31.40,,,SKIPPED,PERIOD_NOT_OPENED
SH006,REC-SH006-202601-0070,2026-01-05,80.00,74.77,5.23,,,SKIPPED,PERIOD_NOT_OPENED
SH025,REC-SH025-202601-0036,2026-01-05,80.00,74.77,5.23,,,SKIPPED,PERIOD_NOT_OPENED
SH028,REC-SH028-202601-0018,2026-01-05,3160.00,2953.27,206.73,,,SKIPPED,PERIOD_NOT_OPENED
SH001,REC-SH001-202601-0050,2026-01-05,60.00,56.07,3.93,,,SKIPPED,PERIOD_NOT_OPENED
SH025,REC-SH025-202601-0037,2026-01-05,160.00,149.53,10.47,,,SKIPPED,PERIOD_NOT_OPENED
SH024,REC-SH024-202601-0033,2026-01-05,80.00,74.77,5.23,,,SKIPPED,PERIOD_NOT_OPENED
SH024,REC-SH024-202601-0034,2026-01-05,1230.00,1149.53,80.47,,,SKIPPED,PERIOD_NOT_OPENED
SH025,REC-SH025-202601-0038,2026-01-06,1320.00,1233.64,86.36,,,SKIPPED,PERIOD_NOT_OPENED
SH010,REC-SH010-202601-0048,2026-01-06,2650.00,2476.64,173.36,,,SKIPPED,PERIOD_NOT_OPENED
SH006,REC-SH006-202601-0071,2026-01-06,1320.00,1233.64,86.36,,,SKIPPED,PERIOD_NOT_OPENED
SH026,REC-SH026-202601-0043,2026-01-06,120.00,112.15,7.85,,,SKIPPED,PERIOD_NOT_OPENED
SH025,REC-SH025-202601-0039,2026-01-06,340.00,317.76,22.24,,,SKIPPED,PERIOD_NOT_OPENED
SH001,REC-SH001-202601-0051,2026-01-06,3700.00,3457.94,242.06,,,SKIPPED,PERIOD_NOT_OPENED
SH010,REC-SH010-202601-0049,2026-01-06,840.00,785.05,54.95,,,SKIPPED,PERIOD_NOT_OPENED
SH010,REC-SH010-202601-0050,2026-01-06,760.00,710.28,49.72,,,SKIPPED,PERIOD_NOT_OPENED
SH001,REC-SH001-202601-0052,2026-01-06,1320.00,1233.64,86.36,,,SKIPPED,PERIOD_NOT_OPENED
SH006,REC-SH006-202601-0072,2026-01-06,700.00,654.21,45.79,,,SKIPPED,PERIOD_NOT_OPENED
SH025,REC-SH025-202601-0040,2026-01-06,120.00,112.15,7.85,,,SKIPPED,PERIOD_NOT_OPENED
SH025,REC-SH025-202601-0041,2026-01-06,80.00,74.77,5.23,,,SKIPPED,PERIOD_NOT_OPENED
SH006,REC-SH006-202601-0073,2026-01-06,240.00,224.30,15.70,,,SKIPPED,PERIOD_NOT_OPENED
SH010,REC-SH010-202601-0051,2026-01-06,1650.00,1542.06,107.94,,,SKIPPED,PERIOD_NOT_OPENED
SH025,REC-SH025-202601-0042,2026-01-06,60.00,56.07,3.93,,,SKIPPED,PERIOD_NOT_OPENED
SH001,REC-SH001-202601-0053,2026-01-06,80.00,74.77,5.23,,,SKIPPED,PERIOD_NOT_OPENED
SH001,REC-SH001-202601-0054,2026-01-06,1280.00,1196.26,83.74,,,SKIPPED,PERIOD_NOT_OPENED
SH025,REC-SH025-202601-0043,2026-01-06,120.00,112.15,7.85,,,SKIPPED,PERIOD_NOT_OPENED
SH010,REC-SH010-202601-0052,2026-01-06,160.00,149.53,10.47,,,SKIPPED,PERIOD_NOT_OPENED
SH025,REC-SH025-202601-0044,2026-01-06,190.00,177.57,12.43,,,SKIPPED,PERIOD_NOT_OPENED
SH001,REC-SH001-202601-0055,2026-01-06,330.00,308.41,21.59,,,SKIPPED,PERIOD_NOT_OPENED
SH006,REC-SH006-202601-0074,2026-01-06,240.00,224.30,15.70,,,SKIPPED,PERIOD_NOT_OPENED
SH025,REC-SH025-202601-0045,2026-01-06,80.00,74.77,5.23,,,SKIPPED,PERIOD_NOT_OPENED
SH012,REC-SH012-202601-0042,2026-01-06,460.00,429.91,30.09,,,SKIPPED,PERIOD_NOT_OPENED
SH012,REC-SH012-202601-0043,2026-01-06,360.00,336.45,23.55,,,SKIPPED,PERIOD_NOT_OPENED
SH012,REC-SH012-202601-0044,2026-01-06,130.00,121.50,8.50,,,SKIPPED,PERIOD_NOT_OPENED
SH012,REC-SH012-202601-0045,2026-01-06,160.00,149.53,10.47,,,SKIPPED,PERIOD_NOT_OPENED
SH012,REC-SH012-202601-0046,2026-01-06,300.00,280.37,19.63,,,SKIPPED,PERIOD_NOT_OPENED
SH012,REC-SH012-202601-0047,2026-01-06,240.00,224.30,15.70,,,SKIPPED,PERIOD_NOT_OPENED
SH012,REC-SH012-202601-0048,2026-01-06,200.00,186.92,13.08,,,SKIPPED,PERIOD_NOT_OPENED
SH026,REC-SH026-202601-0044,2026-01-06,80.00,74.77,5.23,,,SKIPPED,PERIOD_NOT_OPENED
SH026,REC-SH026-202601-0045,2026-01-06,80.00,74.77,5.23,,,SKIPPED,PERIOD_NOT_OPENED
SH026,REC-SH026-202601-0046,2026-01-06,120.00,112.15,7.85,,,SKIPPED,PERIOD_NOT_OPENED
SH001,REC-SH001-202601-0056,2026-01-06,6280.00,5869.16,410.84,,,SKIPPED,PERIOD_NOT_OPENED
SH010,REC-SH010-202601-0053,2026-01-06,680.00,635.51,44.49,,,SKIPPED,PERIOD_NOT_OPENED
SH006,REC-SH006-202601-0075,2026-01-06,325.00,303.74,21.26,,,SKIPPED,PERIOD_NOT_OPENED
SH006,REC-SH006-202601-0076,2026-01-06,1100.00,1028.04,71.96,,,SKIPPED,PERIOD_NOT_OPENED
SH024,REC-SH024-202601-0035,2026-01-06,80.00,74.77,5.23,,,SKIPPED,PERIOD_NOT_OPENED
SH024,REC-SH024-202601-0036,2026-01-06,120.00,112.15,7.85,,,SKIPPED,PERIOD_NOT_OPENED
SH024,REC-SH024-202601-0037,2026-01-06,240.00,224.30,15.70,,,SKIPPED,PERIOD_NOT_OPENED
SH001,REC-SH001-202601-0057,2026-01-06,220.00,205.61,14.39,,,SKIPPED,PERIOD_NOT_OPENED
SH026,REC-SH026-202601-0047,2026-01-06,1100.00,1028.04,71.96,,,SKIPPED,PERIOD_NOT_OPENED
SH026,REC-SH026-202601-0048,2026-01-06,120.00,112.15,7.85,,,SKIPPED,PERIOD_NOT_OPENED
SH010,REC-SH010-202601-0054,2026-01-06,325.00,303.74,21.26,,,SKIPPED,PERIOD_NOT_OPENED
SH012,REC-SH012-202601-0049,2026-01-06,80.00,74.77,5.23,,,SKIPPED,PERIOD_NOT_OPENED
SH010,REC-SH010-202601-0055,2026-01-06,325.00,303.74,21.26,,,SKIPPED,PERIOD_NOT_OPENED
SH006,REC-SH006-202601-0077,2026-01-06,1100.00,1028.04,71.96,,,SKIPPED,PERIOD_NOT_OPENED
SH006,REC-SH006-202601-0078,2026-01-06,80.00,74.77,5.23,,,SKIPPED,PERIOD_NOT_OPENED
SH026,REC-SH026-202601-0049,2026-01-06,440.00,411.21,28.79,,,SKIPPED,PERIOD_NOT_OPENED
SH030,REC-SH030-202601-0011,2026-01-06,120.00,112.15,7.85,,,SKIPPED,PERIOD_NOT_OPENED
SH026,REC-SH026-202601-0050,2026-01-06,2200.00,2056.07,143.93,,,SKIPPED,PERIOD_NOT_OPENED
SH010,REC-SH010-202601-0056,2026-01-06,1380.00,1289.72,90.28,,,SKIPPED,PERIOD_NOT_OPENED
SH010,REC-SH010-202601-0057,2026-01-06,160.00,149.53,10.47,,,SKIPPED,PERIOD_NOT_OPENED
SH028,REC-SH028-202601-0019,2026-01-06,1580.00,1476.64,103.36,,,SKIPPED,PERIOD_NOT_OPENED
SH030,REC-SH030-202601-0012,2026-01-06,80.00,74.77,5.23,,,SKIPPED,PERIOD_NOT_OPENED
SH001,REC-SH001-202601-0058,2026-01-06,1800.00,1682.24,117.76,,,SKIPPED,PERIOD_NOT_OPENED
SH028,REC-SH028-202601-0020,2026-01-06,240.00,224.30,15.70,,,SKIPPED,PERIOD_NOT_OPENED
SH006,REC-SH006-202601-0079,2026-01-06,500.00,467.29,32.71,,,SKIPPED,PERIOD_NOT_OPENED
SH006,REC-SH006-202601-0080,2026-01-06,120.00,112.15,7.85,,,SKIPPED,PERIOD_NOT_OPENED
SH025,REC-SH025-202601-0046,2026-01-06,120.00,112.15,7.85,,,SKIPPED,PERIOD_NOT_OPENED
SH025,REC-SH025-202601-0047,2026-01-06,1270.00,1186.92,83.08,,,SKIPPED,PERIOD_NOT_OPENED
SH026,REC-SH026-202601-0051,2026-01-06,2500.00,2336.45,163.55,,,SKIPPED,PERIOD_NOT_OPENED
SH001,REC-SH001-202601-0059,2026-01-06,130.00,121.50,8.50,,,SKIPPED,PERIOD_NOT_OPENED
SH025,REC-SH025-202601-0048,2026-01-06,120.00,112.15,7.85,,,SKIPPED,PERIOD_NOT_OPENED
SH001,REC-SH001-202601-0060,2026-01-06,1010.00,943.93,66.07,,,SKIPPED,PERIOD_NOT_OPENED
SH024,REC-SH024-202601-0038,2026-01-06,280.00,261.68,18.32,,,SKIPPED,PERIOD_NOT_OPENED
SH010,REC-SH010-202601-0058,2026-01-06,60.00,56.07,3.93,,,SKIPPED,PERIOD_NOT_OPENED
SH006,REC-SH006-202601-0081,2026-01-06,190.00,177.57,12.43,,,SKIPPED,PERIOD_NOT_OPENED
SH010,REC-SH010-202601-0059,2026-01-06,160.00,149.53,10.47,,,SKIPPED,PERIOD_NOT_OPENED
SH012,REC-SH012-202601-0050,2026-01-06,240.00,224.30,15.70,,,SKIPPED,PERIOD_NOT_OPENED
SH025,REC-SH025-202601-0049,2026-01-06,660.00,616.82,43.18,,,SKIPPED,PERIOD_NOT_OPENED
SH001,REC-SH001-202601-0061,2026-01-06,1580.00,1476.64,103.36,,,SKIPPED,PERIOD_NOT_OPENED
SH012,REC-SH012-202601-0051,2026-01-06,160.00,149.53,10.47,,,SKIPPED,PERIOD_NOT_OPENED
SH025,REC-SH025-202601-0050,2026-01-06,80.00,74.77,5.23,,,SKIPPED,PERIOD_NOT_OPENED
SH026,REC-SH026-202601-0052,2026-01-06,120.00,112.15,7.85,,,SKIPPED,PERIOD_NOT_OPENED
SH010,REC-SH010-202601-0060,2026-01-06,1230.00,1149.53,80.47,,,SKIPPED,PERIOD_NOT_OPENED
SH006,REC-SH006-202601-0082,2026-01-06,240.00,224.30,15.70,,,SKIPPED,PERIOD_NOT_OPENED
SH001,REC-SH001-202601-0062,2026-01-06,330.00,308.41,21.59,,,SKIPPED,PERIOD_NOT_OPENED
SH010,REC-SH010-202601-0061,2026-01-06,80.00,74.77,5.23,,,SKIPPED,PERIOD_NOT_OPENED
SH006,REC-SH006-202601-0083,2026-01-06,120.00,112.15,7.85,,,SKIPPED,PERIOD_NOT_OPENED
SH025,REC-SH025-202601-0051,2026-01-06,120.00,112.15,7.85,,,SKIPPED,PERIOD_NOT_OPENED
SH025,REC-SH025-202601-0052,2026-01-06,160.00,149.53,10.47,,,SKIPPED,PERIOD_NOT_OPENED
SH006,REC-SH006-202601-0084,2026-01-06,160.00,149.53,10.47,,,SKIPPED,PERIOD_NOT_OPENED
SH001,REC-SH001-202601-0063,2026-01-06,1380.00,1289.72,90.28,,,SKIPPED,PERIOD_NOT_OPENED
SH006,REC-SH006-202601-0085,2026-01-06,240.00,224.30,15.70,,,SKIPPED,PERIOD_NOT_OPENED
SH006,REC-SH006-202601-0086,2026-01-06,1280.00,1196.26,83.74,,,SKIPPED,PERIOD_NOT_OPENED
SH024,REC-SH024-202601-0039,2026-01-06,330.00,308.41,21.59,,,SKIPPED,PERIOD_NOT_OPENED
SH028,REC-SH028-202601-0021,2026-01-07,1580.00,1476.64,103.36,,,SKIPPED,PERIOD_NOT_OPENED
SH012,REC-SH012-202601-0052,2026-01-07,120.00,112.15,7.85,,,SKIPPED,PERIOD_NOT_OPENED
SH010,REC-SH010-202601-0062,2026-01-07,2760.00,2579.44,180.56,,,SKIPPED,PERIOD_NOT_OPENED
SH024,REC-SH024-202601-0040,2026-01-07,320.00,299.07,20.93,,,SKIPPED,PERIOD_NOT_OPENED
SH028,REC-SH028-202601-0022,2026-01-07,680.00,635.51,44.49,,,SKIPPED,PERIOD_NOT_OPENED
SH025,REC-SH025-202601-0053,2026-01-07,320.00,299.07,20.93,,,SKIPPED,PERIOD_NOT_OPENED
SH028,REC-SH028-202601-0023,2026-01-07,2500.00,2336.45,163.55,,,SKIPPED,PERIOD_NOT_OPENED
SH025,REC-SH025-202601-0054,2026-01-07,410.00,383.18,26.82,,,SKIPPED,PERIOD_NOT_OPENED
SH010,REC-SH010-202601-0063,2026-01-07,1760.00,1644.86,115.14,,,SKIPPED,PERIOD_NOT_OPENED
SH026,REC-SH026-202601-0053,2026-01-07,120.00,112.15,7.85,,,SKIPPED,PERIOD_NOT_OPENED
SH012,REC-SH012-202601-0053,2026-01-07,760.00,710.28,49.72,,,SKIPPED,PERIOD_NOT_OPENED
SH012,REC-SH012-202601-0054,2026-01-07,240.00,224.30,15.70,,,SKIPPED,PERIOD_NOT_OPENED
SH010,REC-SH010-202601-0064,2026-01-07,2760.00,2579.44,180.56,,,SKIPPED,PERIOD_NOT_OPENED
SH025,REC-SH025-202601-0055,2026-01-07,190.00,177.57,12.43,,,SKIPPED,PERIOD_NOT_OPENED
SH001,REC-SH001-202601-0064,2026-01-07,3120.00,2915.89,204.11,,,SKIPPED,PERIOD_NOT_OPENED
SH001,REC-SH001-202601-0065,2026-01-07,5050.00,4719.63,330.37,,,SKIPPED,PERIOD_NOT_OPENED
SH001,REC-SH001-202601-0066,2026-01-07,1580.00,1476.64,103.36,,,SKIPPED,PERIOD_NOT_OPENED
SH012,REC-SH012-202601-0055,2026-01-07,190.00,177.57,12.43,,,SKIPPED,PERIOD_NOT_OPENED
SH026,REC-SH026-202601-0054,2026-01-07,330.00,308.41,21.59,,,SKIPPED,PERIOD_NOT_OPENED
SH012,REC-SH012-202601-0056,2026-01-07,2460.00,2299.07,160.93,,,SKIPPED,PERIOD_NOT_OPENED
SH006,REC-SH006-202601-0087,2026-01-07,420.00,392.52,27.48,,,SKIPPED,PERIOD_NOT_OPENED
SH001,REC-SH001-202601-0067,2026-01-07,6510.00,6084.11,425.89,,,SKIPPED,PERIOD_NOT_OPENED
SH010,REC-SH010-202601-0065,2026-01-07,1230.00,1149.53,80.47,,,SKIPPED,PERIOD_NOT_OPENED
SH006,REC-SH006-202601-0088,2026-01-07,120.00,112.15,7.85,,,SKIPPED,PERIOD_NOT_OPENED
SH010,REC-SH010-202601-0066,2026-01-07,80.00,74.77,5.23,,,SKIPPED,PERIOD_NOT_OPENED
SH012,REC-SH012-202601-0057,2026-01-07,400.00,373.83,26.17,,,SKIPPED,PERIOD_NOT_OPENED
SH001,REC-SH001-202601-0068,2026-01-07,330.00,308.41,21.59,,,SKIPPED,PERIOD_NOT_OPENED
SH006,REC-SH006-202601-0089,2026-01-07,120.00,112.15,7.85,,,SKIPPED,PERIOD_NOT_OPENED
SH012,REC-SH012-202601-0058,2026-01-07,560.00,523.36,36.64,,,SKIPPED,PERIOD_NOT_OPENED
SH024,REC-SH024-202601-0041,2026-01-07,80.00,74.77,5.23,,,SKIPPED,PERIOD_NOT_OPENED
SH010,REC-SH010-202601-0067,2026-01-07,80.00,74.77,5.23,,,SKIPPED,PERIOD_NOT_OPENED
SH024,REC-SH024-202601-0042,2026-01-07,330.00,308.41,21.59,,,SKIPPED,PERIOD_NOT_OPENED
SH010,REC-SH010-202601-0068,2026-01-07,130.00,121.50,8.50,,,SKIPPED,PERIOD_NOT_OPENED
SH025,REC-SH025-202601-0056,2026-01-07,670.00,626.17,43.83,,,SKIPPED,PERIOD_NOT_OPENED
SH010,REC-SH010-202601-0069,2026-01-07,330.00,308.41,21.59,,,SKIPPED,PERIOD_NOT_OPENED
SH010,REC-SH010-202601-0070,2026-01-07,460.00,429.91,30.09,,,SKIPPED,PERIOD_NOT_OPENED
SH012,REC-SH012-202601-0059,2026-01-07,220.00,205.61,14.39,,,SKIPPED,PERIOD_NOT_OPENED
SH010,REC-SH010-202601-0071,2026-01-07,80.00,74.77,5.23,,,SKIPPED,PERIOD_NOT_OPENED
SH006,REC-SH006-202601-0090,2026-01-07,440.00,411.21,28.79,,,SKIPPED,PERIOD_NOT_OPENED
SH010,REC-SH010-202601-0072,2026-01-07,160.00,149.53,10.47,,,SKIPPED,PERIOD_NOT_OPENED
SH010,REC-SH010-202601-0073,2026-01-07,80.00,74.77,5.23,,,SKIPPED,PERIOD_NOT_OPENED
SH001,REC-SH001-202601-0069,2026-01-07,1320.00,1233.64,86.36,,,SKIPPED,PERIOD_NOT_OPENED
SH010,REC-SH010-202601-0074,2026-01-07,80.00,74.77,5.23,,,SKIPPED,PERIOD_NOT_OPENED
SH006,REC-SH006-202601-0091,2026-01-07,60.00,56.07,3.93,,,SKIPPED,PERIOD_NOT_OPENED
SH026,REC-SH026-202601-0055,2026-01-07,80.00,74.77,5.23,,,SKIPPED,PERIOD_NOT_OPENED
SH026,REC-SH026-202601-0056,2026-01-07,1530.00,1429.91,100.09,,,SKIPPED,PERIOD_NOT_OPENED
SH030,REC-SH030-202601-0013,2026-01-07,180.00,168.22,11.78,,,SKIPPED,PERIOD_NOT_OPENED
SH026,REC-SH026-202601-0057,2026-01-07,1100.00,1028.04,71.96,,,SKIPPED,PERIOD_NOT_OPENED
SH030,REC-SH030-202601-0014,2026-01-07,240.00,224.30,15.70,,,SKIPPED,PERIOD_NOT_OPENED
SH006,REC-SH006-202601-0092,2026-01-07,330.00,308.41,21.59,,,SKIPPED,PERIOD_NOT_OPENED
SH006,REC-SH006-202601-0093,2026-01-07,240.00,224.30,15.70,,,SKIPPED,PERIOD_NOT_OPENED
SH012,REC-SH012-202601-0060,2026-01-07,160.00,149.53,10.47,,,SKIPPED,PERIOD_NOT_OPENED
SH024,REC-SH024-202601-0043,2026-01-07,120.00,112.15,7.85,,,SKIPPED,PERIOD_NOT_OPENED
SH024,REC-SH024-202601-0044,2026-01-07,320.00,299.07,20.93,,,SKIPPED,PERIOD_NOT_OPENED
SH001,REC-SH001-202601-0070,2026-01-07,1710.00,1598.13,111.87,,,SKIPPED,PERIOD_NOT_OPENED
SH024,REC-SH024-202601-0045,2026-01-07,150.00,140.19,9.81,,,SKIPPED,PERIOD_NOT_OPENED
SH026,REC-SH026-202601-0058,2026-01-07,80.00,74.77,5.23,,,SKIPPED,PERIOD_NOT_OPENED
SH012,REC-SH012-202601-0061,2026-01-07,120.00,112.15,7.85,,,SKIPPED,PERIOD_NOT_OPENED
SH025,REC-SH025-202601-0057,2026-01-07,330.00,308.41,21.59,,,SKIPPED,PERIOD_NOT_OPENED
SH028,REC-SH028-202601-0024,2026-01-07,330.00,308.41,21.59,,,SKIPPED,PERIOD_NOT_OPENED
SH012,REC-SH012-202601-0062,2026-01-07,240.00,224.30,15.70,,,SKIPPED,PERIOD_NOT_OPENED
SH030,REC-SH030-202601-0015,2026-01-07,580.00,542.06,37.94,,,SKIPPED,PERIOD_NOT_OPENED
SH012,REC-SH012-202601-0063,2026-01-07,2200.00,2056.07,143.93,,,SKIPPED,PERIOD_NOT_OPENED
SH012,REC-SH012-202601-0064,2026-01-07,240.00,224.30,15.70,,,SKIPPED,PERIOD_NOT_OPENED
SH001,REC-SH001-202601-0071,2026-01-07,1580.00,1476.64,103.36,,,SKIPPED,PERIOD_NOT_OPENED
SH025,REC-SH025-202601-0058,2026-01-07,220.00,205.61,14.39,,,SKIPPED,PERIOD_NOT_OPENED
SH006,REC-SH006-202601-0094,2026-01-07,3780.00,3532.71,247.29,,,SKIPPED,PERIOD_NOT_OPENED
SH010,REC-SH010-202601-0075,2026-01-07,650.00,607.48,42.52,,,SKIPPED,PERIOD_NOT_OPENED
SH001,REC-SH001-202601-0072,2026-01-07,1580.00,1476.64,103.36,,,SKIPPED,PERIOD_NOT_OPENED
SH010,REC-SH010-202601-0076,2026-01-07,60.00,56.07,3.93,,,SKIPPED,PERIOD_NOT_OPENED
SH006,REC-SH006-202601-0095,2026-01-07,120.00,112.15,7.85,,,SKIPPED,PERIOD_NOT_OPENED
SH024,REC-SH024-202601-0046,2026-01-07,280.00,261.68,18.32,,,SKIPPED,PERIOD_NOT_OPENED
SH010,REC-SH010-202601-0077,2026-01-07,1100.00,1028.04,71.96,,,SKIPPED,PERIOD_NOT_OPENED
SH001,REC-SH001-202601-0073,2026-01-07,660.00,616.82,43.18,,,SKIPPED,PERIOD_NOT_OPENED
SH025,REC-SH025-202601-0059,2026-01-07,330.00,308.41,21.59,,,SKIPPED,PERIOD_NOT_OPENED
SH012,REC-SH012-202601-0065,2026-01-07,920.00,859.81,60.19,,,SKIPPED,PERIOD_NOT_OPENED
SH012,REC-SH012-202601-0066,2026-01-07,460.00,429.91,30.09,,,SKIPPED,PERIOD_NOT_OPENED
SH012,REC-SH012-202601-0067,2026-01-07,80.00,74.77,5.23,,,SKIPPED,PERIOD_NOT_OPENED
SH006,REC-SH006-202601-0096,2026-01-07,330.00,308.41,21.59,,,SKIPPED,PERIOD_NOT_OPENED
SH006,REC-SH006-202601-0097,2026-01-07,1880.00,1757.01,122.99,,,SKIPPED,PERIOD_NOT_OPENED
SH026,REC-SH026-202601-0059,2026-01-07,120.00,112.15,7.85,,,SKIPPED,PERIOD_NOT_OPENED
SH010,REC-SH010-202601-0078,2026-01-07,680.00,635.51,44.49,,,SKIPPED,PERIOD_NOT_OPENED
SH028,REC-SH028-202601-0025,2026-01-07,330.00,308.41,21.59,,,SKIPPED,PERIOD_NOT_OPENED
SH024,REC-SH024-202601-0047,2026-01-07,160.00,149.53,10.47,,,SKIPPED,PERIOD_NOT_OPENED
SH006,REC-SH006-202601-0098,2026-01-07,2500.00,2336.45,163.55,,,SKIPPED,PERIOD_NOT_OPENED
SH006,REC-SH006-202601-0099,2026-01-07,460.00,429.91,30.09,,,SKIPPED,PERIOD_NOT_OPENED
SH012,REC-SH012-202601-0068,2026-01-07,2500.00,2336.45,163.55,,,SKIPPED,PERIOD_NOT_OPENED
SH006,REC-SH006-202601-0100,2026-01-07,1360.00,1271.03,88.97,,,SKIPPED,PERIOD_NOT_OPENED
SH025,REC-SH025-202601-0060,2026-01-07,370.00,345.79,24.21,,,SKIPPED,PERIOD_NOT_OPENED
SH006,REC-SH006-202601-0101,2026-01-07,330.00,308.41,21.59,,,SKIPPED,PERIOD_NOT_OPENED
SH006,REC-SH006-202601-0102,2026-01-07,350.00,327.10,22.90,,,SKIPPED,PERIOD_NOT_OPENED
SH001,REC-SH001-202601-0074,2026-01-07,1320.00,1233.64,86.36,,,SKIPPED,PERIOD_NOT_OPENED
SH001,REC-SH001-202601-0075,2026-01-07,2080.00,1943.93,136.07,,,SKIPPED,PERIOD_NOT_OPENED
SH006,REC-SH006-202601-0103,2026-01-07,1650.00,1542.06,107.94,,,SKIPPED,PERIOD_NOT_OPENED
SH026,REC-SH026-202601-0060,2026-01-07,80.00,74.77,5.23,,,SKIPPED,PERIOD_NOT_OPENED
SH001,REC-SH001-202601-0076,2026-01-07,160.00,149.53,10.47,,,SKIPPED,PERIOD_NOT_OPENED
SH025,REC-SH025-202601-0061,2026-01-07,330.00,308.41,21.59,,,SKIPPED,PERIOD_NOT_OPENED
SH010,REC-SH010-202601-0079,2026-01-07,660.00,616.82,43.18,,,SKIPPED,PERIOD_NOT_OPENED
SH010,REC-SH010-202601-0080,2026-01-07,240.00,224.30,15.70,,,SKIPPED,PERIOD_NOT_OPENED
SH025,REC-SH025-202601-0062,2026-01-07,460.00,429.91,30.09,,,SKIPPED,PERIOD_NOT_OPENED
SH025,REC-SH025-202601-0063,2026-01-07,80.00,74.77,5.23,,,SKIPPED,PERIOD_NOT_OPENED
SH006,REC-SH006-202601-0104,2026-01-08,1140.00,1065.42,74.58,,,SKIPPED,PERIOD_NOT_OPENED
SH030,REC-SH030-202601-0016,2026-01-08,2500.00,2336.45,163.55,,,SKIPPED,PERIOD_NOT_OPENED
SH026,REC-SH026-202601-0061,2026-01-08,280.00,261.68,18.32,,,SKIPPED,PERIOD_NOT_OPENED
SH001,REC-SH001-202601-0077,2026-01-08,1580.00,1476.64,103.36,,,SKIPPED,PERIOD_NOT_OPENED
SH026,REC-SH026-202601-0062,2026-01-08,80.00,74.77,5.23,,,SKIPPED,PERIOD_NOT_OPENED
SH010,REC-SH010-202601-0081,2026-01-08,1380.00,1289.72,90.28,,,SKIPPED,PERIOD_NOT_OPENED
SH006,REC-SH006-202601-0105,2026-01-08,80.00,74.77,5.23,,,SKIPPED,PERIOD_NOT_OPENED
SH026,REC-SH026-202601-0063,2026-01-08,240.00,224.30,15.70,,,SKIPPED,PERIOD_NOT_OPENED
SH001,REC-SH001-202601-0078,2026-01-08,80.00,74.77,5.23,,,SKIPPED,PERIOD_NOT_OPENED
SH010,REC-SH010-202601-0082,2026-01-08,160.00,149.53,10.47,,,SKIPPED,PERIOD_NOT_OPENED
SH001,REC-SH001-202601-0079,2026-01-08,160.00,149.53,10.47,,,SKIPPED,PERIOD_NOT_OPENED
SH025,REC-SH025-202601-0064,2026-01-08,180.00,168.22,11.78,,,SKIPPED,PERIOD_NOT_OPENED
SH025,REC-SH025-202601-0065,2026-01-08,60.00,56.07,3.93,,,SKIPPED,PERIOD_NOT_OPENED
SH010,REC-SH010-202601-0083,2026-01-08,2460.00,2299.07,160.93,,,SKIPPED,PERIOD_NOT_OPENED
SH001,REC-SH001-202601-0080,2026-01-08,2760.00,2579.44,180.56,,,SKIPPED,PERIOD_NOT_OPENED
SH012,REC-SH012-202601-0069,2026-01-08,460.00,429.91,30.09,,,SKIPPED,PERIOD_NOT_OPENED
SH006,REC-SH006-202601-0106,2026-01-08,4400.00,4112.15,287.85,,,SKIPPED,PERIOD_NOT_OPENED
SH025,REC-SH025-202601-0066,2026-01-08,120.00,112.15,7.85,,,SKIPPED,PERIOD_NOT_OPENED
SH028,REC-SH028-202601-0026,2026-01-08,120.00,112.15,7.85,,,SKIPPED,PERIOD_NOT_OPENED
SH010,REC-SH010-202601-0084,2026-01-08,2760.00,2579.44,180.56,,,SKIPPED,PERIOD_NOT_OPENED
SH012,REC-SH012-202601-0070,2026-01-08,190.00,177.57,12.43,,,SKIPPED,PERIOD_NOT_OPENED
SH006,REC-SH006-202601-0107,2026-01-08,60.00,56.07,3.93,,,SKIPPED,PERIOD_NOT_OPENED
SH006,REC-SH006-202601-0108,2026-01-08,330.00,308.41,21.59,,,SKIPPED,PERIOD_NOT_OPENED
SH012,REC-SH012-202601-0071,2026-01-08,380.00,355.14,24.86,,,SKIPPED,PERIOD_NOT_OPENED
SH025,REC-SH025-202601-0067,2026-01-08,1560.00,1457.94,102.06,,,SKIPPED,PERIOD_NOT_OPENED
SH006,REC-SH006-202601-0109,2026-01-08,160.00,149.53,10.47,,,SKIPPED,PERIOD_NOT_OPENED
SH012,REC-SH012-202601-0072,2026-01-08,320.00,299.07,20.93,,,SKIPPED,PERIOD_NOT_OPENED
SH012,REC-SH012-202601-0073,2026-01-08,310.00,289.72,20.28,,,SKIPPED,PERIOD_NOT_OPENED
SH006,REC-SH006-202601-0110,2026-01-08,80.00,74.77,5.23,,,SKIPPED,PERIOD_NOT_OPENED
SH006,REC-SH006-202601-0111,2026-01-08,80.00,74.77,5.23,,,SKIPPED,PERIOD_NOT_OPENED
SH006,REC-SH006-202601-0112,2026-01-08,160.00,149.53,10.47,,,SKIPPED,PERIOD_NOT_OPENED
SH024,REC-SH024-202601-0048,2026-01-08,1250.00,1168.22,81.78,,,SKIPPED,PERIOD_NOT_OPENED
SH025,REC-SH025-202601-0068,2026-01-08,810.00,757.01,52.99,,,SKIPPED,PERIOD_NOT_OPENED
SH012,REC-SH012-202601-0074,2026-01-08,920.00,859.81,60.19,,,SKIPPED,PERIOD_NOT_OPENED
SH028,REC-SH028-202601-0027,2026-01-08,320.00,299.07,20.93,,,SKIPPED,PERIOD_NOT_OPENED
SH012,REC-SH012-202601-0075,2026-01-08,120.00,112.15,7.85,,,SKIPPED,PERIOD_NOT_OPENED
SH025,REC-SH025-202601-0069,2026-01-08,80.00,74.77,5.23,,,SKIPPED,PERIOD_NOT_OPENED
SH010,REC-SH010-202601-0085,2026-01-08,80.00,74.77,5.23,,,SKIPPED,PERIOD_NOT_OPENED
SH025,REC-SH025-202601-0070,2026-01-08,400.00,373.83,26.17,,,SKIPPED,PERIOD_NOT_OPENED
SH006,REC-SH006-202601-0113,2026-01-08,320.00,299.07,20.93,,,SKIPPED,PERIOD_NOT_OPENED
SH025,REC-SH025-202601-0071,2026-01-08,360.00,336.45,23.55,,,SKIPPED,PERIOD_NOT_OPENED
SH010,REC-SH010-202601-0086,2026-01-08,330.00,308.41,21.59,,,SKIPPED,PERIOD_NOT_OPENED
SH012,REC-SH012-202601-0076,2026-01-08,80.00,74.77,5.23,,,SKIPPED,PERIOD_NOT_OPENED
SH012,REC-SH012-202601-0077,2026-01-08,380.00,355.14,24.86,,,SKIPPED,PERIOD_NOT_OPENED
SH024,REC-SH024-202601-0049,2026-01-08,939.00,877.57,61.43,,,SKIPPED,PERIOD_NOT_OPENED
SH010,REC-SH010-202601-0087,2026-01-08,650.00,607.48,42.52,,,SKIPPED,PERIOD_NOT_OPENED
SH001,REC-SH001-202601-0081,2026-01-08,220.00,205.61,14.39,,,SKIPPED,PERIOD_NOT_OPENED
SH006,REC-SH006-202601-0114,2026-01-08,180.00,168.22,11.78,,,SKIPPED,PERIOD_NOT_OPENED
SH026,REC-SH026-202601-0064,2026-01-08,120.00,112.15,7.85,,,SKIPPED,PERIOD_NOT_OPENED
SH012,REC-SH012-202601-0078,2026-01-08,580.00,542.06,37.94,,,SKIPPED,PERIOD_NOT_OPENED
SH024,REC-SH024-202601-0050,2026-01-08,280.00,261.68,18.32,,,SKIPPED,PERIOD_NOT_OPENED
SH024,REC-SH024-202601-0051,2026-01-08,100.00,93.46,6.54,,,SKIPPED,PERIOD_NOT_OPENED
SH001,REC-SH001-202601-0082,2026-01-08,1580.00,1476.64,103.36,,,SKIPPED,PERIOD_NOT_OPENED
SH024,REC-SH024-202601-0052,2026-01-08,410.00,383.18,26.82,,,SKIPPED,PERIOD_NOT_OPENED
SH012,REC-SH012-202601-0079,2026-01-09,380.00,355.14,24.86,,,SKIPPED,PERIOD_NOT_OPENED
SH006,REC-SH006-202601-0115,2026-01-09,320.00,299.07,20.93,,,SKIPPED,PERIOD_NOT_OPENED
SH026,REC-SH026-202601-0065,2026-01-09,100.00,93.46,6.54,,,SKIPPED,PERIOD_NOT_OPENED
SH010,REC-SH010-202601-0088,2026-01-09,2690.00,2514.02,175.98,,,SKIPPED,PERIOD_NOT_OPENED
SH024,REC-SH024-202601-0053,2026-01-09,1200.00,1121.50,78.50,,,SKIPPED,PERIOD_NOT_OPENED
SH001,REC-SH001-202601-0083,2026-01-09,220.00,205.61,14.39,,,SKIPPED,PERIOD_NOT_OPENED
SH001,REC-SH001-202601-0084,2026-01-09,330.00,308.41,21.59,,,SKIPPED,PERIOD_NOT_OPENED
SH010,REC-SH010-202601-0089,2026-01-09,130.00,121.50,8.50,,,SKIPPED,PERIOD_NOT_OPENED
SH010,REC-SH010-202601-0090,2026-01-09,320.00,299.07,20.93,,,SKIPPED,PERIOD_NOT_OPENED
SH001,REC-SH001-202601-0085,2026-01-09,1230.00,1149.53,80.47,,,SKIPPED,PERIOD_NOT_OPENED
SH010,REC-SH010-202601-0091,2026-01-09,680.00,635.51,44.49,,,SKIPPED,PERIOD_NOT_OPENED
SH001,REC-SH001-202601-0086,2026-01-09,330.00,308.41,21.59,,,SKIPPED,PERIOD_NOT_OPENED
SH025,REC-SH025-202601-0072,2026-01-09,540.00,504.67,35.33,,,SKIPPED,PERIOD_NOT_OPENED
SH001,REC-SH001-202601-0087,2026-01-09,330.00,308.41,21.59,,,SKIPPED,PERIOD_NOT_OPENED
SH025,REC-SH025-202601-0073,2026-01-09,400.00,373.83,26.17,,,SKIPPED,PERIOD_NOT_OPENED
SH012,REC-SH012-202601-0080,2026-01-09,1560.00,1457.94,102.06,,,SKIPPED,PERIOD_NOT_OPENED
SH010,REC-SH010-202601-0092,2026-01-09,650.00,607.48,42.52,,,SKIPPED,PERIOD_NOT_OPENED
SH012,REC-SH012-202601-0081,2026-01-09,160.00,149.53,10.47,,,SKIPPED,PERIOD_NOT_OPENED
SH006,REC-SH006-202601-0116,2026-01-09,120.00,112.15,7.85,,,SKIPPED,PERIOD_NOT_OPENED
SH028,REC-SH028-202601-0028,2026-01-09,660.00,616.82,43.18,,,SKIPPED,PERIOD_NOT_OPENED
SH025,REC-SH025-202601-0074,2026-01-09,60.00,56.07,3.93,,,SKIPPED,PERIOD_NOT_OPENED
SH010,REC-SH010-202601-0093,2026-01-09,190.00,177.57,12.43,,,SKIPPED,PERIOD_NOT_OPENED
SH025,REC-SH025-202601-0075,2026-01-09,240.00,224.30,15.70,,,SKIPPED,PERIOD_NOT_OPENED
SH001,REC-SH001-202601-0088,2026-01-09,120.00,112.15,7.85,,,SKIPPED,PERIOD_NOT_OPENED
SH026,REC-SH026-202601-0066,2026-01-09,330.00,308.41,21.59,,,SKIPPED,PERIOD_NOT_OPENED
SH012,REC-SH012-202601-0082,2026-01-09,1900.00,1775.70,124.30,,,SKIPPED,PERIOD_NOT_OPENED
SH006,REC-SH006-202601-0117,2026-01-09,90.00,84.11,5.89,,,SKIPPED,PERIOD_NOT_OPENED
SH026,REC-SH026-202601-0067,2026-01-09,460.00,429.91,30.09,,,SKIPPED,PERIOD_NOT_OPENED
SH001,REC-SH001-202601-0089,2026-01-09,330.00,308.41,21.59,,,SKIPPED,PERIOD_NOT_OPENED
SH010,REC-SH010-202601-0094,2026-01-09,240.00,224.30,15.70,,,SKIPPED,PERIOD_NOT_OPENED
SH006,REC-SH006-202601-0118,2026-01-09,240.00,224.30,15.70,,,SKIPPED,PERIOD_NOT_OPENED
SH012,REC-SH012-202601-0083,2026-01-09,460.00,429.91,30.09,,,SKIPPED,PERIOD_NOT_OPENED
SH010,REC-SH010-202601-0095,2026-01-09,2880.00,2691.59,188.41,,,SKIPPED,PERIOD_NOT_OPENED
SH006,REC-SH006-202601-0119,2026-01-09,240.00,224.30,15.70,,,SKIPPED,PERIOD_NOT_OPENED
SH006,REC-SH006-202601-0120,2026-01-09,1880.00,1757.01,122.99,,,SKIPPED,PERIOD_NOT_OPENED
SH001,REC-SH001-202601-0090,2026-01-09,1320.00,1233.64,86.36,,,SKIPPED,PERIOD_NOT_OPENED
SH024,REC-SH024-202601-0054,2026-01-09,80.00,74.77,5.23,,,SKIPPED,PERIOD_NOT_OPENED
SH010,REC-SH010-202601-0096,2026-01-09,540.00,504.67,35.33,,,SKIPPED,PERIOD_NOT_OPENED
SH001,REC-SH001-202601-0091,2026-01-09,1380.00,1289.72,90.28,,,SKIPPED,PERIOD_NOT_OPENED
SH010,REC-SH010-202601-0097,2026-01-09,325.00,303.74,21.26,,,SKIPPED,PERIOD_NOT_OPENED
SH001,REC-SH001-202601-0092,2026-01-09,1280.00,1196.26,83.74,,,SKIPPED,PERIOD_NOT_OPENED
SH026,REC-SH026-202601-0068,2026-01-09,460.00,429.91,30.09,,,SKIPPED,PERIOD_NOT_OPENED
SH006,REC-SH006-202601-0121,2026-01-09,120.00,112.15,7.85,,,SKIPPED,PERIOD_NOT_OPENED
SH024,REC-SH024-202601-0055,2026-01-09,160.00,149.53,10.47,,,SKIPPED,PERIOD_NOT_OPENED
SH012,REC-SH012-202601-0084,2026-01-09,1360.00,1271.03,88.97,,,SKIPPED,PERIOD_NOT_OPENED
SH025,REC-SH025-202601-0076,2026-01-09,330.00,308.41,21.59,,,SKIPPED,PERIOD_NOT_OPENED
SH025,REC-SH025-202601-0077,2026-01-09,1320.00,1233.64,86.36,,,SKIPPED,PERIOD_NOT_OPENED
SH026,REC-SH026-202601-0069,2026-01-09,120.00,112.15,7.85,,,SKIPPED,PERIOD_NOT_OPENED
SH010,REC-SH010-202601-0098,2026-01-09,325.00,303.74,21.26,,,SKIPPED,PERIOD_NOT_OPENED
SH006,REC-SH006-202601-0122,2026-01-09,80.00,74.77,5.23,,,SKIPPED,PERIOD_NOT_OPENED
SH024,REC-SH024-202601-0056,2026-01-09,120.00,112.15,7.85,,,SKIPPED,PERIOD_NOT_OPENED
SH010,REC-SH010-202601-0099,2026-01-09,1360.00,1271.03,88.97,,,SKIPPED,PERIOD_NOT_OPENED
SH012,REC-SH012-202601-0085,2026-01-09,460.00,429.91,30.09,,,SKIPPED,PERIOD_NOT_OPENED
SH025,REC-SH025-202601-0078,2026-01-09,1230.00,1149.53,80.47,,,SKIPPED,PERIOD_NOT_OPENED
SH028,REC-SH028-202601-0029,2026-01-09,1320.00,1233.64,86.36,,,SKIPPED,PERIOD_NOT_OPENED
SH012,REC-SH012-202601-0086,2026-01-09,80.00,74.77,5.23,,,SKIPPED,PERIOD_NOT_OPENED
SH001,REC-SH001-202601-0093,2026-01-09,120.00,112.15,7.85,,,SKIPPED,PERIOD_NOT_OPENED
SH024,REC-SH024-202601-0057,2026-01-09,160.00,149.53,10.47,,,SKIPPED,PERIOD_NOT_OPENED
SH010,REC-SH010-202601-0100,2026-01-09,360.00,336.45,23.55,,,SKIPPED,PERIOD_NOT_OPENED
SH024,REC-SH024-202601-0058,2026-01-09,160.00,149.53,10.47,,,SKIPPED,PERIOD_NOT_OPENED
SH028,REC-SH028-202601-0030,2026-01-09,120.00,112.15,7.85,,,SKIPPED,PERIOD_NOT_OPENED
SH006,REC-SH006-202601-0123,2026-01-09,80.00,74.77,5.23,,,SKIPPED,PERIOD_NOT_OPENED
SH010,REC-SH010-202601-0101,2026-01-09,1280.00,1196.26,83.74,,,SKIPPED,PERIOD_NOT_OPENED
SH010,REC-SH010-202601-0102,2026-01-09,330.00,308.41,21.59,,,SKIPPED,PERIOD_NOT_OPENED
SH010,REC-SH010-202601-0103,2026-01-09,1580.00,1476.64,103.36,,,SKIPPED,PERIOD_NOT_OPENED
SH001,REC-SH001-202601-0094,2026-01-09,80.00,74.77,5.23,,,SKIPPED,PERIOD_NOT_OPENED
SH026,REC-SH026-202601-0070,2026-01-09,120.00,112.15,7.85,,,SKIPPED,PERIOD_NOT_OPENED
SH025,REC-SH025-202601-0079,2026-01-09,80.00,74.77,5.23,,,SKIPPED,PERIOD_NOT_OPENED
SH006,REC-SH006-202601-0124,2026-01-09,1170.00,1093.46,76.54,,,SKIPPED,PERIOD_NOT_OPENED
SH025,REC-SH025-202601-0080,2026-01-09,2460.00,2299.07,160.93,,,SKIPPED,PERIOD_NOT_OPENED
SH025,REC-SH025-202601-0081,2026-01-09,60.00,56.07,3.93,,,SKIPPED,PERIOD_NOT_OPENED
SH025,REC-SH025-202601-0082,2026-01-09,400.00,373.83,26.17,,,SKIPPED,PERIOD_NOT_OPENED
SH024,REC-SH024-202601-0059,2026-01-09,150.00,140.19,9.81,,,SKIPPED,PERIOD_NOT_OPENED
SH025,REC-SH025-202601-0083,2026-01-09,160.00,149.53,10.47,,,SKIPPED,PERIOD_NOT_OPENED
SH026,REC-SH026-202601-0071,2026-01-10,160.00,149.53,10.47,,,SKIPPED,PERIOD_NOT_OPENED
SH006,REC-SH006-202601-0125,2026-01-10,1320.00,1233.64,86.36,,,SKIPPED,PERIOD_NOT_OPENED
SH026,REC-SH026-202601-0072,2026-01-10,1840.00,1719.63,120.37,,,SKIPPED,PERIOD_NOT_OPENED
SH006,REC-SH006-202601-0126,2026-01-10,580.00,542.06,37.94,,,SKIPPED,PERIOD_NOT_OPENED
SH012,REC-SH012-202601-0087,2026-01-10,240.00,224.30,15.70,,,SKIPPED,PERIOD_NOT_OPENED
SH028,REC-SH028-202601-0031,2026-01-10,120.00,112.15,7.85,,,SKIPPED,PERIOD_NOT_OPENED
SH012,REC-SH012-202601-0088,2026-01-10,1250.00,1168.22,81.78,,,SKIPPED,PERIOD_NOT_OPENED
SH010,REC-SH010-202601-0104,2026-01-10,330.00,308.41,21.59,,,SKIPPED,PERIOD_NOT_OPENED
SH026,REC-SH026-202601-0073,2026-01-10,1230.00,1149.53,80.47,,,SKIPPED,PERIOD_NOT_OPENED
SH001,REC-SH001-202601-0095,2026-01-10,7040.00,6579.44,460.56,,,SKIPPED,PERIOD_NOT_OPENED
SH012,REC-SH012-202601-0089,2026-01-10,330.00,308.41,21.59,,,SKIPPED,PERIOD_NOT_OPENED
SH026,REC-SH026-202601-0074,2026-01-10,100.00,93.46,6.54,,,SKIPPED,PERIOD_NOT_OPENED
SH010,REC-SH010-202601-0105,2026-01-10,330.00,308.41,21.59,,,SKIPPED,PERIOD_NOT_OPENED
SH006,REC-SH006-202601-0127,2026-01-10,580.00,542.06,37.94,,,SKIPPED,PERIOD_NOT_OPENED
SH028,REC-SH028-202601-0032,2026-01-10,240.00,224.30,15.70,,,SKIPPED,PERIOD_NOT_OPENED
SH012,REC-SH012-202601-0090,2026-01-10,200.00,186.92,13.08,,,SKIPPED,PERIOD_NOT_OPENED
SH025,REC-SH025-202601-0084,2026-01-10,330.00,308.41,21.59,,,SKIPPED,PERIOD_NOT_OPENED
SH025,REC-SH025-202601-0085,2026-01-10,80.00,74.77,5.23,,,SKIPPED,PERIOD_NOT_OPENED
SH001,REC-SH001-202601-0096,2026-01-10,650.00,607.48,42.52,,,SKIPPED,PERIOD_NOT_OPENED
SH026,REC-SH026-202601-0075,2026-01-10,120.00,112.15,7.85,,,SKIPPED,PERIOD_NOT_OPENED
SH006,REC-SH006-202601-0128,2026-01-10,120.00,112.15,7.85,,,SKIPPED,PERIOD_NOT_OPENED
SH030,REC-SH030-202601-0017,2026-01-10,240.00,224.30,15.70,,,SKIPPED,PERIOD_NOT_OPENED
SH010,REC-SH010-202601-0106,2026-01-10,240.00,224.30,15.70,,,SKIPPED,PERIOD_NOT_OPENED
SH012,REC-SH012-202601-0091,2026-01-10,500.00,467.29,32.71,,,SKIPPED,PERIOD_NOT_OPENED
SH025,REC-SH025-202601-0086,2026-01-10,325.00,303.74,21.26,,,SKIPPED,PERIOD_NOT_OPENED
SH010,REC-SH010-202601-0107,2026-01-10,2790.00,2607.48,182.52,,,SKIPPED,PERIOD_NOT_OPENED
SH025,REC-SH025-202601-0087,2026-01-10,240.00,224.30,15.70,,,SKIPPED,PERIOD_NOT_OPENED
SH006,REC-SH006-202601-0129,2026-01-10,60.00,56.07,3.93,,,SKIPPED,PERIOD_NOT_OPENED
SH010,REC-SH010-202601-0108,2026-01-10,160.00,149.53,10.47,,,SKIPPED,PERIOD_NOT_OPENED
SH012,REC-SH012-202601-0092,2026-01-10,350.00,327.10,22.90,,,SKIPPED,PERIOD_NOT_OPENED
SH006,REC-SH006-202601-0130,2026-01-10,320.00,299.07,20.93,,,SKIPPED,PERIOD_NOT_OPENED
SH025,REC-SH025-202601-0088,2026-01-10,240.00,224.30,15.70,,,SKIPPED,PERIOD_NOT_OPENED
SH026,REC-SH026-202601-0076,2026-01-10,480.00,448.60,31.40,,,SKIPPED,PERIOD_NOT_OPENED
SH010,REC-SH010-202601-0109,2026-01-10,160.00,149.53,10.47,,,SKIPPED,PERIOD_NOT_OPENED
SH026,REC-SH026-202601-0077,2026-01-10,1560.00,1457.94,102.06,,,SKIPPED,PERIOD_NOT_OPENED
SH001,REC-SH001-202601-0097,2026-01-10,1380.00,1289.72,90.28,,,SKIPPED,PERIOD_NOT_OPENED
SH012,REC-SH012-202601-0093,2026-01-10,1360.00,1271.03,88.97,,,SKIPPED,PERIOD_NOT_OPENED
SH001,REC-SH001-202601-0098,2026-01-10,130.00,121.50,8.50,,,SKIPPED,PERIOD_NOT_OPENED
SH001,REC-SH001-202601-0099,2026-01-10,80.00,74.77,5.23,,,SKIPPED,PERIOD_NOT_OPENED
SH026,REC-SH026-202601-0078,2026-01-10,460.00,429.91,30.09,,,SKIPPED,PERIOD_NOT_OPENED
SH006,REC-SH006-202601-0131,2026-01-10,80.00,74.77,5.23,,,SKIPPED,PERIOD_NOT_OPENED
SH024,REC-SH024-202601-0060,2026-01-10,290.00,271.03,18.97,,,SKIPPED,PERIOD_NOT_OPENED
SH026,REC-SH026-202601-0079,2026-01-10,480.00,448.60,31.40,,,SKIPPED,PERIOD_NOT_OPENED
SH006,REC-SH006-202601-0132,2026-01-10,80.00,74.77,5.23,,,SKIPPED,PERIOD_NOT_OPENED
SH012,REC-SH012-202601-0094,2026-01-10,700.00,654.21,45.79,,,SKIPPED,PERIOD_NOT_OPENED
SH006,REC-SH006-202601-0133,2026-01-10,160.00,149.53,10.47,,,SKIPPED,PERIOD_NOT_OPENED
SH025,REC-SH025-202601-0089,2026-01-10,160.00,149.53,10.47,,,SKIPPED,PERIOD_NOT_OPENED
SH025,REC-SH025-202601-0090,2026-01-10,160.00,149.53,10.47,,,SKIPPED,PERIOD_NOT_OPENED
SH006,REC-SH006-202601-0134,2026-01-10,160.00,149.53,10.47,,,SKIPPED,PERIOD_NOT_OPENED
SH006,REC-SH006-202601-0135,2026-01-10,240.00,224.30,15.70,,,SKIPPED,PERIOD_NOT_OPENED
SH025,REC-SH025-202601-0091,2026-01-10,410.00,383.18,26.82,,,SKIPPED,PERIOD_NOT_OPENED
SH006,REC-SH006-202601-0136,2026-01-10,920.00,859.81,60.19,,,SKIPPED,PERIOD_NOT_OPENED
SH012,REC-SH012-202601-0095,2026-01-10,800.00,747.66,52.34,,,SKIPPED,PERIOD_NOT_OPENED
SH010,REC-SH010-202601-0110,2026-01-10,80.00,74.77,5.23,,,SKIPPED,PERIOD_NOT_OPENED
SH026,REC-SH026-202601-0080,2026-01-10,120.00,112.15,7.85,,,SKIPPED,PERIOD_NOT_OPENED
SH025,REC-SH025-202601-0092,2026-01-10,150.00,140.19,9.81,,,SKIPPED,PERIOD_NOT_OPENED
SH010,REC-SH010-202601-0111,2026-01-10,650.00,607.48,42.52,,,SKIPPED,PERIOD_NOT_OPENED
SH006,REC-SH006-202601-0137,2026-01-10,310.00,289.72,20.28,,,SKIPPED,PERIOD_NOT_OPENED
SH026,REC-SH026-202601-0081,2026-01-10,460.00,429.91,30.09,,,SKIPPED,PERIOD_NOT_OPENED
SH026,REC-SH026-202601-0082,2026-01-10,160.00,149.53,10.47,,,SKIPPED,PERIOD_NOT_OPENED
SH001,REC-SH001-202601-0100,2026-01-10,4400.00,4112.15,287.85,,,SKIPPED,PERIOD_NOT_OPENED
SH012,REC-SH012-202601-0096,2026-01-10,80.00,74.77,5.23,,,SKIPPED,PERIOD_NOT_OPENED
SH028,REC-SH028-202601-0033,2026-01-10,330.00,308.41,21.59,,,SKIPPED,PERIOD_NOT_OPENED
SH024,REC-SH024-202601-0061,2026-01-10,360.00,336.45,23.55,,,SKIPPED,PERIOD_NOT_OPENED
SH024,REC-SH024-202601-0062,2026-01-10,220.00,205.61,14.39,,,SKIPPED,PERIOD_NOT_OPENED
SH012,REC-SH012-202601-0097,2026-01-10,190.00,177.57,12.43,,,SKIPPED,PERIOD_NOT_OPENED
SH012,REC-SH012-202601-0098,2026-01-10,60.00,56.07,3.93,,,SKIPPED,PERIOD_NOT_OPENED
SH012,REC-SH012-202601-0099,2026-01-10,80.00,74.77,5.23,,,SKIPPED,PERIOD_NOT_OPENED
SH010,REC-SH010-202601-0112,2026-01-10,80.00,74.77,5.23,,,SKIPPED,PERIOD_NOT_OPENED
SH001,REC-SH001-202601-0101,2026-01-10,60.00,56.07,3.93,,,SKIPPED,PERIOD_NOT_OPENED
SH024,REC-SH024-202601-0063,2026-01-10,1230.00,1149.53,80.47,,,SKIPPED,PERIOD_NOT_OPENED
SH024,REC-SH024-202601-0064,2026-01-10,659.00,615.89,43.11,,,SKIPPED,PERIOD_NOT_OPENED
SH025,REC-SH025-202601-0093,2026-01-10,160.00,149.53,10.47,,,SKIPPED,PERIOD_NOT_OPENED
SH025,REC-SH025-202601-0094,2026-01-10,80.00,74.77,5.23,,,SKIPPED,PERIOD_NOT_OPENED
SH025,REC-SH025-202601-0095,2026-01-10,80.00,74.77,5.23,,,SKIPPED,PERIOD_NOT_OPENED
SH025,REC-SH025-202601-0096,2026-01-10,120.00,112.15,7.85,,,SKIPPED,PERIOD_NOT_OPENED
SH025,REC-SH025-202601-0097,2026-01-10,80.00,74.77,5.23,,,SKIPPED,PERIOD_NOT_OPENED
SH025,REC-SH025-202601-0098,2026-01-10,330.00,308.41,21.59,,,SKIPPED,PERIOD_NOT_OPENED
SH025,REC-SH025-202601-0099,2026-01-10,60.00,56.07,3.93,,,SKIPPED,PERIOD_NOT_OPENED
SH012,REC-SH012-202601-0100,2026-01-11,660.00,616.82,43.18,,,SKIPPED,PERIOD_NOT_OPENED
SH010,REC-SH010-202601-0113,2026-01-11,80.00,74.77,5.23,,,SKIPPED,PERIOD_NOT_OPENED
SH012,REC-SH012-202601-0101,2026-01-11,1360.00,1271.03,88.97,,,SKIPPED,PERIOD_NOT_OPENED
SH010,REC-SH010-202601-0114,2026-01-11,240.00,224.30,15.70,,,SKIPPED,PERIOD_NOT_OPENED
SH006,REC-SH006-202601-0138,2026-01-11,120.00,112.15,7.85,,,SKIPPED,PERIOD_NOT_OPENED
SH012,REC-SH012-202601-0102,2026-01-11,2200.00,2056.07,143.93,,,SKIPPED,PERIOD_NOT_OPENED
SH001,REC-SH001-202601-0102,2026-01-11,2460.00,2299.07,160.93,,,SKIPPED,PERIOD_NOT_OPENED
SH010,REC-SH010-202601-0115,2026-01-11,80.00,74.77,5.23,,,SKIPPED,PERIOD_NOT_OPENED
SH006,REC-SH006-202601-0139,2026-01-11,650.00,607.48,42.52,,,SKIPPED,PERIOD_NOT_OPENED
SH012,REC-SH012-202601-0103,2026-01-11,240.00,224.30,15.70,,,SKIPPED,PERIOD_NOT_OPENED
SH026,REC-SH026-202601-0083,2026-01-11,1710.00,1598.13,111.87,,,SKIPPED,PERIOD_NOT_OPENED
SH012,REC-SH012-202601-0104,2026-01-11,1320.00,1233.64,86.36,,,SKIPPED,PERIOD_NOT_OPENED
SH010,REC-SH010-202601-0116,2026-01-11,330.00,308.41,21.59,,,SKIPPED,PERIOD_NOT_OPENED
SH010,REC-SH010-202601-0117,2026-01-11,400.00,373.83,26.17,,,SKIPPED,PERIOD_NOT_OPENED
SH025,REC-SH025-202601-0100,2026-01-11,160.00,149.53,10.47,,,SKIPPED,PERIOD_NOT_OPENED
SH028,REC-SH028-202601-0034,2026-01-11,440.00,411.21,28.79,,,SKIPPED,PERIOD_NOT_OPENED
SH026,REC-SH026-202601-0084,2026-01-11,460.00,429.91,30.09,,,SKIPPED,PERIOD_NOT_OPENED
SH025,REC-SH025-202601-0101,2026-01-11,650.00,607.48,42.52,,,SKIPPED,PERIOD_NOT_OPENED
SH010,REC-SH010-202601-0118,2026-01-11,120.00,112.15,7.85,,,SKIPPED,PERIOD_NOT_OPENED
SH006,REC-SH006-202601-0140,2026-01-11,80.00,74.77,5.23,,,SKIPPED,PERIOD_NOT_OPENED
SH012,REC-SH012-202601-0105,2026-01-11,120.00,112.15,7.85,,,SKIPPED,PERIOD_NOT_OPENED
SH006,REC-SH006-202601-0141,2026-01-11,1320.00,1233.64,86.36,,,SKIPPED,PERIOD_NOT_OPENED
SH006,REC-SH006-202601-0142,2026-01-11,620.00,579.44,40.56,,,SKIPPED,PERIOD_NOT_OPENED
SH012,REC-SH012-202601-0106,2026-01-11,580.00,542.06,37.94,,,SKIPPED,PERIOD_NOT_OPENED
SH010,REC-SH010-202601-0119,2026-01-11,600.00,560.75,39.25,,,SKIPPED,PERIOD_NOT_OPENED
SH024,REC-SH024-202601-0065,2026-01-11,150.00,140.19,9.81,,,SKIPPED,PERIOD_NOT_OPENED
SH024,REC-SH024-202601-0066,2026-01-11,440.00,411.21,28.79,,,SKIPPED,PERIOD_NOT_OPENED
SH006,REC-SH006-202601-0143,2026-01-11,160.00,149.53,10.47,,,SKIPPED,PERIOD_NOT_OPENED
SH001,REC-SH001-202601-0103,2026-01-11,1230.00,1149.53,80.47,,,SKIPPED,PERIOD_NOT_OPENED
SH006,REC-SH006-202601-0144,2026-01-11,160.00,149.53,10.47,,,SKIPPED,PERIOD_NOT_OPENED
SH024,REC-SH024-202601-0067,2026-01-11,410.00,383.18,26.82,,,SKIPPED,PERIOD_NOT_OPENED
SH006,REC-SH006-202601-0145,2026-01-11,240.00,224.30,15.70,,,SKIPPED,PERIOD_NOT_OPENED
SH006,REC-SH006-202601-0146,2026-01-11,1430.00,1336.45,93.55,,,SKIPPED,PERIOD_NOT_OPENED
SH006,REC-SH006-202601-0147,2026-01-11,80.00,74.77,5.23,,,SKIPPED,PERIOD_NOT_OPENED
SH025,REC-SH025-202601-0102,2026-01-11,120.00,112.15,7.85,,,SKIPPED,PERIOD_NOT_OPENED
SH010,REC-SH010-202601-0120,2026-01-11,80.00,74.77,5.23,,,SKIPPED,PERIOD_NOT_OPENED
SH012,REC-SH012-202601-0107,2026-01-11,80.00,74.77,5.23,,,SKIPPED,PERIOD_NOT_OPENED
SH025,REC-SH025-202601-0103,2026-01-11,410.00,383.18,26.82,,,SKIPPED,PERIOD_NOT_OPENED
SH006,REC-SH006-202601-0148,2026-01-11,550.00,514.02,35.98,,,SKIPPED,PERIOD_NOT_OPENED
SH006,REC-SH006-202601-0149,2026-01-11,660.00,616.82,43.18,,,SKIPPED,PERIOD_NOT_OPENED
SH012,REC-SH012-202601-0108,2026-01-11,1780.00,1663.55,116.45,,,SKIPPED,PERIOD_NOT_OPENED
SH006,REC-SH006-202601-0150,2026-01-11,80.00,74.77,5.23,,,SKIPPED,PERIOD_NOT_OPENED
SH001,REC-SH001-202601-0104,2026-01-11,1250.00,1168.22,81.78,,,SKIPPED,PERIOD_NOT_OPENED
SH026,REC-SH026-202601-0085,2026-01-11,120.00,112.15,7.85,,,SKIPPED,PERIOD_NOT_OPENED
SH010,REC-SH010-202601-0121,2026-01-11,1380.00,1289.72,90.28,,,SKIPPED,PERIOD_NOT_OPENED
SH026,REC-SH026-202601-0086,2026-01-11,80.00,74.77,5.23,,,SKIPPED,PERIOD_NOT_OPENED
SH026,REC-SH026-202601-0087,2026-01-11,120.00,112.15,7.85,,,SKIPPED,PERIOD_NOT_OPENED
SH006,REC-SH006-202601-0151,2026-01-11,580.00,542.06,37.94,,,SKIPPED,PERIOD_NOT_OPENED
SH028,REC-SH028-202601-0035,2026-01-11,460.00,429.91,30.09,,,SKIPPED,PERIOD_NOT_OPENED
SH012,REC-SH012-202601-0109,2026-01-11,610.00,570.09,39.91,,,SKIPPED,PERIOD_NOT_OPENED
SH006,REC-SH006-202601-0152,2026-01-11,380.00,355.14,24.86,,,SKIPPED,PERIOD_NOT_OPENED
SH001,REC-SH001-202601-0105,2026-01-11,220.00,205.61,14.39,,,SKIPPED,PERIOD_NOT_OPENED
SH026,REC-SH026-202601-0088,2026-01-11,160.00,149.53,10.47,,,SKIPPED,PERIOD_NOT_OPENED
SH024,REC-SH024-202601-0068,2026-01-11,100.00,93.46,6.54,,,SKIPPED,PERIOD_NOT_OPENED
SH006,REC-SH006-202601-0153,2026-01-11,1360.00,1271.03,88.97,,,SKIPPED,PERIOD_NOT_OPENED
SH026,REC-SH026-202601-0089,2026-01-11,120.00,112.15,7.85,,,SKIPPED,PERIOD_NOT_OPENED
SH025,REC-SH025-202601-0104,2026-01-11,80.00,74.77,5.23,,,SKIPPED,PERIOD_NOT_OPENED
SH010,REC-SH010-202601-0122,2026-01-11,200.00,186.92,13.08,,,SKIPPED,PERIOD_NOT_OPENED
SH006,REC-SH006-202601-0154,2026-01-11,160.00,149.53,10.47,,,SKIPPED,PERIOD_NOT_OPENED
SH006,REC-SH006-202601-0155,2026-01-11,700.00,654.21,45.79,,,SKIPPED,PERIOD_NOT_OPENED
SH006,REC-SH006-202601-0156,2026-01-11,80.00,74.77,5.23,,,SKIPPED,PERIOD_NOT_OPENED
SH010,REC-SH010-202601-0123,2026-01-11,1710.00,1598.13,111.87,,,SKIPPED,PERIOD_NOT_OPENED
SH010,REC-SH010-202601-0124,2026-01-11,200.00,186.92,13.08,,,SKIPPED,PERIOD_NOT_OPENED
SH012,REC-SH012-202601-0110,2026-01-11,200.00,186.92,13.08,,,SKIPPED,PERIOD_NOT_OPENED
SH025,REC-SH025-202601-0105,2026-01-11,80.00,74.77,5.23,,,SKIPPED,PERIOD_NOT_OPENED
SH024,REC-SH024-202601-0069,2026-01-11,2740.00,2560.75,179.25,,,SKIPPED,PERIOD_NOT_OPENED
SH024,REC-SH024-202601-0070,2026-01-11,120.00,112.15,7.85,,,SKIPPED,PERIOD_NOT_OPENED
SH024,REC-SH024-202601-0071,2026-01-11,560.00,523.36,36.64,,,SKIPPED,PERIOD_NOT_OPENED
SH006,REC-SH006-202601-0157,2026-01-11,460.00,429.91,30.09,,,SKIPPED,PERIOD_NOT_OPENED
SH012,REC-SH012-202601-0111,2026-01-11,1360.00,1271.03,88.97,,,SKIPPED,PERIOD_NOT_OPENED
SH025,REC-SH025-202601-0106,2026-01-11,190.00,177.57,12.43,,,SKIPPED,PERIOD_NOT_OPENED
SH025,REC-SH025-202601-0107,2026-01-11,150.00,140.19,9.81,,,SKIPPED,PERIOD_NOT_OPENED
SH025,REC-SH025-202601-0108,2026-01-11,160.00,149.53,10.47,,,SKIPPED,PERIOD_NOT_OPENED
SH012,REC-SH012-202601-0112,2026-01-12,60.00,56.07,3.93,,,SKIPPED,PERIOD_NOT_OPENED
SH006,REC-SH006-202601-0158,2026-01-12,60.00,56.07,3.93,,,SKIPPED,PERIOD_NOT_OPENED
SH010,REC-SH010-202601-0125,2026-01-12,530.00,495.33,34.67,,,SKIPPED,PERIOD_NOT_OPENED
SH026,REC-SH026-202601-0090,2026-01-12,80.00,74.77,5.23,,,SKIPPED,PERIOD_NOT_OPENED
SH010,REC-SH010-202601-0126,2026-01-12,80.00,74.77,5.23,,,SKIPPED,PERIOD_NOT_OPENED
SH024,REC-SH024-202601-0072,2026-01-12,160.00,149.53,10.47,,,SKIPPED,PERIOD_NOT_OPENED
SH001,REC-SH001-202601-0106,2026-01-12,220.00,205.61,14.39,,,SKIPPED,PERIOD_NOT_OPENED
SH024,REC-SH024-202601-0073,2026-01-12,120.00,112.15,7.85,,,SKIPPED,PERIOD_NOT_OPENED
SH006,REC-SH006-202601-0159,2026-01-12,1280.00,1196.26,83.74,,,SKIPPED,PERIOD_NOT_OPENED
SH026,REC-SH026-202601-0091,2026-01-12,80.00,74.77,5.23,,,SKIPPED,PERIOD_NOT_OPENED
SH025,REC-SH025-202601-0109,2026-01-12,160.00,149.53,10.47,,,SKIPPED,PERIOD_NOT_OPENED
SH025,REC-SH025-202601-0110,2026-01-12,80.00,74.77,5.23,,,SKIPPED,PERIOD_NOT_OPENED
SH001,REC-SH001-202601-0107,2026-01-12,1650.00,1542.06,107.94,,,SKIPPED,PERIOD_NOT_OPENED
SH001,REC-SH001-202601-0108,2026-01-12,130.00,121.50,8.50,,,SKIPPED,PERIOD_NOT_OPENED
SH025,REC-SH025-202601-0111,2026-01-12,80.00,74.77,5.23,,,SKIPPED,PERIOD_NOT_OPENED
SH026,REC-SH026-202601-0092,2026-01-12,80.00,74.77,5.23,,,SKIPPED,PERIOD_NOT_OPENED
SH025,REC-SH025-202601-0112,2026-01-12,120.00,112.15,7.85,,,SKIPPED,PERIOD_NOT_OPENED
SH006,REC-SH006-202601-0160,2026-01-12,200.00,186.92,13.08,,,SKIPPED,PERIOD_NOT_OPENED
SH006,REC-SH006-202601-0161,2026-01-12,120.00,112.15,7.85,,,SKIPPED,PERIOD_NOT_OPENED
SH012,REC-SH012-202601-0113,2026-01-12,370.00,345.79,24.21,,,SKIPPED,PERIOD_NOT_OPENED
SH012,REC-SH012-202601-0114,2026-01-12,220.00,205.61,14.39,,,SKIPPED,PERIOD_NOT_OPENED
SH025,REC-SH025-202601-0113,2026-01-12,240.00,224.30,15.70,,,SKIPPED,PERIOD_NOT_OPENED
SH006,REC-SH006-202601-0162,2026-01-12,290.00,271.03,18.97,,,SKIPPED,PERIOD_NOT_OPENED
SH006,REC-SH006-202601-0163,2026-01-12,2500.00,2336.45,163.55,,,SKIPPED,PERIOD_NOT_OPENED
SH026,REC-SH026-202601-0093,2026-01-12,460.00,429.91,30.09,,,SKIPPED,PERIOD_NOT_OPENED
SH010,REC-SH010-202601-0127,2026-01-12,1200.00,1121.50,78.50,,,SKIPPED,PERIOD_NOT_OPENED
SH024,REC-SH024-202601-0074,2026-01-12,680.00,635.51,44.49,,,SKIPPED,PERIOD_NOT_OPENED
SH025,REC-SH025-202601-0114,2026-01-12,1200.00,1121.50,78.50,,,SKIPPED,PERIOD_NOT_OPENED
SH026,REC-SH026-202601-0094,2026-01-12,160.00,149.53,10.47,,,SKIPPED,PERIOD_NOT_OPENED
SH010,REC-SH010-202601-0128,2026-01-12,160.00,149.53,10.47,,,SKIPPED,PERIOD_NOT_OPENED
SH001,REC-SH001-202601-0109,2026-01-12,660.00,616.82,43.18,,,SKIPPED,PERIOD_NOT_OPENED
SH012,REC-SH012-202601-0115,2026-01-12,240.00,224.30,15.70,,,SKIPPED,PERIOD_NOT_OPENED
SH025,REC-SH025-202601-0115,2026-01-12,120.00,112.15,7.85,,,SKIPPED,PERIOD_NOT_OPENED
SH025,REC-SH025-202601-0116,2026-01-12,240.00,224.30,15.70,,,SKIPPED,PERIOD_NOT_OPENED
SH026,REC-SH026-202601-0095,2026-01-12,120.00,112.15,7.85,,,SKIPPED,PERIOD_NOT_OPENED
SH025,REC-SH025-202601-0117,2026-01-12,380.00,355.14,24.86,,,SKIPPED,PERIOD_NOT_OPENED
SH024,REC-SH024-202601-0075,2026-01-12,1510.00,1411.21,98.79,,,SKIPPED,PERIOD_NOT_OPENED
SH012,REC-SH012-202601-0116,2026-01-12,330.00,308.41,21.59,,,SKIPPED,PERIOD_NOT_OPENED
SH006,REC-SH006-202601-0164,2026-01-12,330.00,308.41,21.59,,,SKIPPED,PERIOD_NOT_OPENED
SH006,REC-SH006-202601-0165,2026-01-12,325.00,303.74,21.26,,,SKIPPED,PERIOD_NOT_OPENED
SH025,REC-SH025-202601-0118,2026-01-12,3120.00,2915.89,204.11,,,SKIPPED,PERIOD_NOT_OPENED
SH025,REC-SH025-202601-0119,2026-01-12,260.00,242.99,17.01,,,SKIPPED,PERIOD_NOT_OPENED
SH026,REC-SH026-202601-0096,2026-01-12,660.00,616.82,43.18,,,SKIPPED,PERIOD_NOT_OPENED
SH010,REC-SH010-202601-0129,2026-01-12,280.00,261.68,18.32,,,SKIPPED,PERIOD_NOT_OPENED
SH026,REC-SH026-202601-0097,2026-01-12,330.00,308.41,21.59,,,SKIPPED,PERIOD_NOT_OPENED
SH006,REC-SH006-202601-0166,2026-01-12,660.00,616.82,43.18,,,SKIPPED,PERIOD_NOT_OPENED
SH026,REC-SH026-202601-0098,2026-01-12,80.00,74.77,5.23,,,SKIPPED,PERIOD_NOT_OPENED
SH006,REC-SH006-202601-0167,2026-01-12,80.00,74.77,5.23,,,SKIPPED,PERIOD_NOT_OPENED
SH030,REC-SH030-202601-0018,2026-01-12,80.00,74.77,5.23,,,SKIPPED,PERIOD_NOT_OPENED
SH025,REC-SH025-202601-0120,2026-01-12,240.00,224.30,15.70,,,SKIPPED,PERIOD_NOT_OPENED
SH025,REC-SH025-202601-0121,2026-01-12,1560.00,1457.94,102.06,,,SKIPPED,PERIOD_NOT_OPENED
SH026,REC-SH026-202601-0099,2026-01-12,650.00,607.48,42.52,,,SKIPPED,PERIOD_NOT_OPENED
SH025,REC-SH025-202601-0122,2026-01-12,160.00,149.53,10.47,,,SKIPPED,PERIOD_NOT_OPENED
SH026,REC-SH026-202601-0100,2026-01-12,660.00,616.82,43.18,,,SKIPPED,PERIOD_NOT_OPENED
SH001,REC-SH001-202601-0110,2026-01-12,330.00,308.41,21.59,,,SKIPPED,PERIOD_NOT_OPENED
SH024,REC-SH024-202601-0076,2026-01-12,160.00,149.53,10.47,,,SKIPPED,PERIOD_NOT_OPENED
SH025,REC-SH025-202601-0123,2026-01-12,1440.00,1345.79,94.21,,,SKIPPED,PERIOD_NOT_OPENED
SH010,REC-SH010-202601-0130,2026-01-12,480.00,448.60,31.40,,,SKIPPED,PERIOD_NOT_OPENED
SH010,REC-SH010-202601-0131,2026-01-12,160.00,149.53,10.47,,,SKIPPED,PERIOD_NOT_OPENED
SH026,REC-SH026-202601-0101,2026-01-12,80.00,74.77,5.23,,,SKIPPED,PERIOD_NOT_OPENED
SH006,REC-SH006-202601-0168,2026-01-12,580.00,542.06,37.94,,,SKIPPED,PERIOD_NOT_OPENED
SH010,REC-SH010-202601-0132,2026-01-12,120.00,112.15,7.85,,,SKIPPED,PERIOD_NOT_OPENED
SH026,REC-SH026-202601-0102,2026-01-12,460.00,429.91,30.09,,,SKIPPED,PERIOD_NOT_OPENED
SH025,REC-SH025-202601-0124,2026-01-12,240.00,224.30,15.70,,,SKIPPED,PERIOD_NOT_OPENED
SH006,REC-SH006-202601-0169,2026-01-12,240.00,224.30,15.70,,,SKIPPED,PERIOD_NOT_OPENED
SH006,REC-SH006-202601-0170,2026-01-12,330.00,308.41,21.59,,,SKIPPED,PERIOD_NOT_OPENED
SH010,REC-SH010-202601-0133,2026-01-12,420.00,392.52,27.48,,,SKIPPED,PERIOD_NOT_OPENED
SH026,REC-SH026-202601-0103,2026-01-12,1320.00,1233.64,86.36,,,SKIPPED,PERIOD_NOT_OPENED
SH006,REC-SH006-202601-0171,2026-01-12,80.00,74.77,5.23,,,SKIPPED,PERIOD_NOT_OPENED
SH001,REC-SH001-202601-0111,2026-01-12,1380.00,1289.72,90.28,,,SKIPPED,PERIOD_NOT_OPENED
SH024,REC-SH024-202601-0077,2026-01-12,80.00,74.77,5.23,,,SKIPPED,PERIOD_NOT_OPENED
SH025,REC-SH025-202601-0125,2026-01-12,60.00,56.07,3.93,,,SKIPPED,PERIOD_NOT_OPENED
SH028,REC-SH028-202601-0036,2026-01-12,1250.00,1168.22,81.78,,,SKIPPED,PERIOD_NOT_OPENED
SH025,REC-SH025-202601-0126,2026-01-12,330.00,308.41,21.59,,,SKIPPED,PERIOD_NOT_OPENED
SH010,REC-SH010-202601-0134,2026-01-13,80.00,74.77,5.23,,,SKIPPED,PERIOD_NOT_OPENED
SH010,REC-SH010-202601-0135,2026-01-13,80.00,74.77,5.23,,,SKIPPED,PERIOD_NOT_OPENED
SH010,REC-SH010-202601-0136,2026-01-13,1230.00,1149.53,80.47,,,SKIPPED,PERIOD_NOT_OPENED
SH010,REC-SH010-202601-0137,2026-01-13,1380.00,1289.72,90.28,,,SKIPPED,PERIOD_NOT_OPENED
SH001,REC-SH001-202601-0112,2026-01-13,1320.00,1233.64,86.36,,,SKIPPED,PERIOD_NOT_OPENED
SH006,REC-SH006-202601-0172,2026-01-13,320.00,299.07,20.93,,,SKIPPED,PERIOD_NOT_OPENED
SH026,REC-SH026-202601-0104,2026-01-13,160.00,149.53,10.47,,,SKIPPED,PERIOD_NOT_OPENED
SH026,REC-SH026-202601-0105,2026-01-13,2460.00,2299.07,160.93,,,SKIPPED,PERIOD_NOT_OPENED
SH012,REC-SH012-202601-0117,2026-01-13,1640.00,1532.71,107.29,,,SKIPPED,PERIOD_NOT_OPENED
SH026,REC-SH026-202601-0106,2026-01-13,460.00,429.91,30.09,,,SKIPPED,PERIOD_NOT_OPENED
SH012,REC-SH012-202601-0118,2026-01-13,1920.00,1794.39,125.61,,,SKIPPED,PERIOD_NOT_OPENED
SH010,REC-SH010-202601-0138,2026-01-13,7560.00,7065.42,494.58,,,SKIPPED,PERIOD_NOT_OPENED
SH010,REC-SH010-202601-0139,2026-01-13,410.00,383.18,26.82,,,SKIPPED,PERIOD_NOT_OPENED
SH025,REC-SH025-202601-0127,2026-01-13,120.00,112.15,7.85,,,SKIPPED,PERIOD_NOT_OPENED
SH025,REC-SH025-202601-0128,2026-01-13,120.00,112.15,7.85,,,SKIPPED,PERIOD_NOT_OPENED
SH001,REC-SH001-202601-0113,2026-01-13,1470.00,1373.83,96.17,,,SKIPPED,PERIOD_NOT_OPENED
SH026,REC-SH026-202601-0107,2026-01-13,330.00,308.41,21.59,,,SKIPPED,PERIOD_NOT_OPENED
SH010,REC-SH010-202601-0140,2026-01-13,330.00,308.41,21.59,,,SKIPPED,PERIOD_NOT_OPENED
SH012,REC-SH012-202601-0119,2026-01-13,1280.00,1196.26,83.74,,,SKIPPED,PERIOD_NOT_OPENED
SH012,REC-SH012-202601-0120,2026-01-13,120.00,112.15,7.85,,,SKIPPED,PERIOD_NOT_OPENED
SH010,REC-SH010-202601-0141,2026-01-13,2760.00,2579.44,180.56,,,SKIPPED,PERIOD_NOT_OPENED
SH012,REC-SH012-202601-0121,2026-01-13,1780.00,1663.55,116.45,,,SKIPPED,PERIOD_NOT_OPENED
SH024,REC-SH024-202601-0078,2026-01-13,680.00,635.51,44.49,,,SKIPPED,PERIOD_NOT_OPENED
SH026,REC-SH026-202601-0108,2026-01-13,2200.00,2056.07,143.93,,,SKIPPED,PERIOD_NOT_OPENED
SH010,REC-SH010-202601-0142,2026-01-13,160.00,149.53,10.47,,,SKIPPED,PERIOD_NOT_OPENED
SH026,REC-SH026-202601-0109,2026-01-13,160.00,149.53,10.47,,,SKIPPED,PERIOD_NOT_OPENED
SH006,REC-SH006-202601-0173,2026-01-13,240.00,224.30,15.70,,,SKIPPED,PERIOD_NOT_OPENED
SH010,REC-SH010-202601-0143,2026-01-13,1110.00,1037.38,72.62,,,SKIPPED,PERIOD_NOT_OPENED
SH025,REC-SH025-202601-0129,2026-01-13,120.00,112.15,7.85,,,SKIPPED,PERIOD_NOT_OPENED
SH006,REC-SH006-202601-0174,2026-01-13,120.00,112.15,7.85,,,SKIPPED,PERIOD_NOT_OPENED
SH006,REC-SH006-202601-0175,2026-01-13,2620.00,2448.60,171.40,,,SKIPPED,PERIOD_NOT_OPENED
SH010,REC-SH010-202601-0144,2026-01-13,330.00,308.41,21.59,,,SKIPPED,PERIOD_NOT_OPENED
SH026,REC-SH026-202601-0110,2026-01-13,460.00,429.91,30.09,,,SKIPPED,PERIOD_NOT_OPENED
SH012,REC-SH012-202601-0122,2026-01-13,1230.00,1149.53,80.47,,,SKIPPED,PERIOD_NOT_OPENED
SH001,REC-SH001-202601-0114,2026-01-13,730.00,682.24,47.76,,,SKIPPED,PERIOD_NOT_OPENED
SH025,REC-SH025-202601-0130,2026-01-13,80.00,74.77,5.23,,,SKIPPED,PERIOD_NOT_OPENED
SH025,REC-SH025-202601-0131,2026-01-13,1100.00,1028.04,71.96,,,SKIPPED,PERIOD_NOT_OPENED
SH010,REC-SH010-202601-0145,2026-01-13,160.00,149.53,10.47,,,SKIPPED,PERIOD_NOT_OPENED
SH026,REC-SH026-202601-0111,2026-01-13,80.00,74.77,5.23,,,SKIPPED,PERIOD_NOT_OPENED
SH012,REC-SH012-202601-0123,2026-01-13,80.00,74.77,5.23,,,SKIPPED,PERIOD_NOT_OPENED
SH010,REC-SH010-202601-0146,2026-01-13,100.00,93.46,6.54,,,SKIPPED,PERIOD_NOT_OPENED
SH030,REC-SH030-202601-0019,2026-01-13,80.00,74.77,5.23,,,SKIPPED,PERIOD_NOT_OPENED
SH025,REC-SH025-202601-0132,2026-01-13,120.00,112.15,7.85,,,SKIPPED,PERIOD_NOT_OPENED
SH010,REC-SH010-202601-0147,2026-01-13,460.00,429.91,30.09,,,SKIPPED,PERIOD_NOT_OPENED
SH012,REC-SH012-202601-0124,2026-01-13,240.00,224.30,15.70,,,SKIPPED,PERIOD_NOT_OPENED
SH024,REC-SH024-202601-0079,2026-01-13,80.00,74.77,5.23,,,SKIPPED,PERIOD_NOT_OPENED
SH026,REC-SH026-202601-0112,2026-01-13,80.00,74.77,5.23,,,SKIPPED,PERIOD_NOT_OPENED
SH006,REC-SH006-202601-0176,2026-01-13,650.00,607.48,42.52,,,SKIPPED,PERIOD_NOT_OPENED
SH026,REC-SH026-202601-0113,2026-01-13,120.00,112.15,7.85,,,SKIPPED,PERIOD_NOT_OPENED
SH006,REC-SH006-202601-0177,2026-01-13,80.00,74.77,5.23,,,SKIPPED,PERIOD_NOT_OPENED
SH025,REC-SH025-202601-0133,2026-01-13,80.00,74.77,5.23,,,SKIPPED,PERIOD_NOT_OPENED
SH010,REC-SH010-202601-0148,2026-01-13,1230.00,1149.53,80.47,,,SKIPPED,PERIOD_NOT_OPENED
SH006,REC-SH006-202601-0178,2026-01-13,320.00,299.07,20.93,,,SKIPPED,PERIOD_NOT_OPENED
SH025,REC-SH025-202601-0134,2026-01-13,240.00,224.30,15.70,,,SKIPPED,PERIOD_NOT_OPENED
SH006,REC-SH006-202601-0179,2026-01-13,80.00,74.77,5.23,,,SKIPPED,PERIOD_NOT_OPENED
SH026,REC-SH026-202601-0114,2026-01-13,120.00,112.15,7.85,,,SKIPPED,PERIOD_NOT_OPENED
SH012,REC-SH012-202601-0125,2026-01-13,60.00,56.07,3.93,,,SKIPPED,PERIOD_NOT_OPENED
SH010,REC-SH010-202601-0149,2026-01-13,360.00,336.45,23.55,,,SKIPPED,PERIOD_NOT_OPENED
SH006,REC-SH006-202601-0180,2026-01-13,330.00,308.41,21.59,,,SKIPPED,PERIOD_NOT_OPENED
SH025,REC-SH025-202601-0135,2026-01-13,80.00,74.77,5.23,,,SKIPPED,PERIOD_NOT_OPENED
SH025,REC-SH025-202601-0136,2026-01-13,160.00,149.53,10.47,,,SKIPPED,PERIOD_NOT_OPENED
SH006,REC-SH006-202601-0181,2026-01-13,1690.00,1579.44,110.56,,,SKIPPED,PERIOD_NOT_OPENED
SH026,REC-SH026-202601-0115,2026-01-13,2530.00,2364.49,165.51,,,SKIPPED,PERIOD_NOT_OPENED
SH006,REC-SH006-202601-0182,2026-01-13,325.00,303.74,21.26,,,SKIPPED,PERIOD_NOT_OPENED
SH025,REC-SH025-202601-0137,2026-01-13,330.00,308.41,21.59,,,SKIPPED,PERIOD_NOT_OPENED
SH025,REC-SH025-202601-0138,2026-01-13,1280.00,1196.26,83.74,,,SKIPPED,PERIOD_NOT_OPENED
SH006,REC-SH006-202601-0183,2026-01-13,80.00,74.77,5.23,,,SKIPPED,PERIOD_NOT_OPENED
SH028,REC-SH028-202601-0037,2026-01-13,120.00,112.15,7.85,,,SKIPPED,PERIOD_NOT_OPENED
SH025,REC-SH025-202601-0139,2026-01-13,1250.00,1168.22,81.78,,,SKIPPED,PERIOD_NOT_OPENED
SH025,REC-SH025-202601-0140,2026-01-13,120.00,112.15,7.85,,,SKIPPED,PERIOD_NOT_OPENED
SH024,REC-SH024-202601-0080,2026-01-13,260.00,242.99,17.01,,,SKIPPED,PERIOD_NOT_OPENED
SH010,REC-SH010-202601-0150,2026-01-14,2650.00,2476.64,173.36,,,SKIPPED,PERIOD_NOT_OPENED
SH024,REC-SH024-202601-0081,2026-01-14,120.00,112.15,7.85,,,SKIPPED,PERIOD_NOT_OPENED
SH026,REC-SH026-202601-0116,2026-01-14,320.00,299.07,20.93,,,SKIPPED,PERIOD_NOT_OPENED
SH024,REC-SH024-202601-0082,2026-01-14,80.00,74.77,5.23,,,SKIPPED,PERIOD_NOT_OPENED
SH006,REC-SH006-202601-0184,2026-01-14,310.00,289.72,20.28,,,SKIPPED,PERIOD_NOT_OPENED
SH006,REC-SH006-202601-0185,2026-01-14,650.00,607.48,42.52,,,SKIPPED,PERIOD_NOT_OPENED
SH001,REC-SH001-202601-0115,2026-01-14,330.00,308.41,21.59,,,SKIPPED,PERIOD_NOT_OPENED
SH024,REC-SH024-202601-0083,2026-01-14,120.00,112.15,7.85,,,SKIPPED,PERIOD_NOT_OPENED
SH030,REC-SH030-202601-0020,2026-01-14,60.00,56.07,3.93,,,SKIPPED,PERIOD_NOT_OPENED
SH006,REC-SH006-202601-0186,2026-01-14,160.00,149.53,10.47,,,SKIPPED,PERIOD_NOT_OPENED
SH012,REC-SH012-202601-0126,2026-01-14,310.00,289.72,20.28,,,SKIPPED,PERIOD_NOT_OPENED
SH006,REC-SH006-202601-0187,2026-01-14,160.00,149.53,10.47,,,SKIPPED,PERIOD_NOT_OPENED
SH001,REC-SH001-202601-0116,2026-01-14,1780.00,1663.55,116.45,,,SKIPPED,PERIOD_NOT_OPENED
SH024,REC-SH024-202601-0084,2026-01-14,2460.00,2299.07,160.93,,,SKIPPED,PERIOD_NOT_OPENED
SH012,REC-SH012-202601-0127,2026-01-14,480.00,448.60,31.40,,,SKIPPED,PERIOD_NOT_OPENED
SH012,REC-SH012-202601-0128,2026-01-14,160.00,149.53,10.47,,,SKIPPED,PERIOD_NOT_OPENED
SH001,REC-SH001-202601-0117,2026-01-14,120.00,112.15,7.85,,,SKIPPED,PERIOD_NOT_OPENED
SH026,REC-SH026-202601-0117,2026-01-14,160.00,149.53,10.47,,,SKIPPED,PERIOD_NOT_OPENED
SH006,REC-SH006-202601-0188,2026-01-14,325.00,303.74,21.26,,,SKIPPED,PERIOD_NOT_OPENED
SH006,REC-SH006-202601-0189,2026-01-14,520.00,485.98,34.02,,,SKIPPED,PERIOD_NOT_OPENED
SH001,REC-SH001-202601-0118,2026-01-14,580.00,542.06,37.94,,,SKIPPED,PERIOD_NOT_OPENED
SH010,REC-SH010-202601-0151,2026-01-14,325.00,303.74,21.26,,,SKIPPED,PERIOD_NOT_OPENED
SH024,REC-SH024-202601-0085,2026-01-14,1970.00,1841.12,128.88,,,SKIPPED,PERIOD_NOT_OPENED
SH026,REC-SH026-202601-0118,2026-01-14,160.00,149.53,10.47,,,SKIPPED,PERIOD_NOT_OPENED
SH025,REC-SH025-202601-0141,2026-01-14,160.00,149.53,10.47,,,SKIPPED,PERIOD_NOT_OPENED
SH001,REC-SH001-202601-0119,2026-01-14,1320.00,1233.64,86.36,,,SKIPPED,PERIOD_NOT_OPENED
SH006,REC-SH006-202601-0190,2026-01-14,80.00,74.77,5.23,,,SKIPPED,PERIOD_NOT_OPENED
SH006,REC-SH006-202601-0191,2026-01-14,700.00,654.21,45.79,,,SKIPPED,PERIOD_NOT_OPENED
SH024,REC-SH024-202601-0086,2026-01-14,540.00,504.67,35.33,,,SKIPPED,PERIOD_NOT_OPENED
SH024,REC-SH024-202601-0087,2026-01-14,2500.00,2336.45,163.55,,,SKIPPED,PERIOD_NOT_OPENED
SH026,REC-SH026-202601-0119,2026-01-14,1250.00,1168.22,81.78,,,SKIPPED,PERIOD_NOT_OPENED
SH026,REC-SH026-202601-0120,2026-01-14,80.00,74.77,5.23,,,SKIPPED,PERIOD_NOT_OPENED
SH024,REC-SH024-202601-0088,2026-01-14,320.00,299.07,20.93,,,SKIPPED,PERIOD_NOT_OPENED
SH006,REC-SH006-202601-0192,2026-01-14,220.00,205.61,14.39,,,SKIPPED,PERIOD_NOT_OPENED
SH006,REC-SH006-202601-0193,2026-01-14,160.00,149.53,10.47,,,SKIPPED,PERIOD_NOT_OPENED
SH010,REC-SH010-202601-0152,2026-01-14,120.00,112.15,7.85,,,SKIPPED,PERIOD_NOT_OPENED
SH012,REC-SH012-202601-0129,2026-01-14,320.00,299.07,20.93,,,SKIPPED,PERIOD_NOT_OPENED
SH010,REC-SH010-202601-0153,2026-01-14,1320.00,1233.64,86.36,,,SKIPPED,PERIOD_NOT_OPENED
SH012,REC-SH012-202601-0130,2026-01-14,160.00,149.53,10.47,,,SKIPPED,PERIOD_NOT_OPENED
SH025,REC-SH025-202601-0142,2026-01-14,380.00,355.14,24.86,,,SKIPPED,PERIOD_NOT_OPENED
SH010,REC-SH010-202601-0154,2026-01-14,160.00,149.53,10.47,,,SKIPPED,PERIOD_NOT_OPENED
SH025,REC-SH025-202601-0143,2026-01-14,380.00,355.14,24.86,,,SKIPPED,PERIOD_NOT_OPENED
SH030,REC-SH030-202601-0021,2026-01-14,240.00,224.30,15.70,,,SKIPPED,PERIOD_NOT_OPENED
SH010,REC-SH010-202601-0155,2026-01-14,1010.00,943.93,66.07,,,SKIPPED,PERIOD_NOT_OPENED
SH012,REC-SH012-202601-0131,2026-01-14,1360.00,1271.03,88.97,,,SKIPPED,PERIOD_NOT_OPENED
SH024,REC-SH024-202601-0089,2026-01-14,130.00,121.50,8.50,,,SKIPPED,PERIOD_NOT_OPENED
SH010,REC-SH010-202601-0156,2026-01-14,460.00,429.91,30.09,,,SKIPPED,PERIOD_NOT_OPENED
SH001,REC-SH001-202601-0120,2026-01-14,1970.00,1841.12,128.88,,,SKIPPED,PERIOD_NOT_OPENED
SH010,REC-SH010-202601-0157,2026-01-14,1560.00,1457.94,102.06,,,SKIPPED,PERIOD_NOT_OPENED
SH025,REC-SH025-202601-0144,2026-01-14,160.00,149.53,10.47,,,SKIPPED,PERIOD_NOT_OPENED
SH006,REC-SH006-202601-0194,2026-01-14,460.00,429.91,30.09,,,SKIPPED,PERIOD_NOT_OPENED
SH012,REC-SH012-202601-0132,2026-01-14,100.00,93.46,6.54,,,SKIPPED,PERIOD_NOT_OPENED
SH010,REC-SH010-202601-0158,2026-01-14,2460.00,2299.07,160.93,,,SKIPPED,PERIOD_NOT_OPENED
SH026,REC-SH026-202601-0121,2026-01-14,460.00,429.91,30.09,,,SKIPPED,PERIOD_NOT_OPENED
SH025,REC-SH025-202601-0145,2026-01-14,160.00,149.53,10.47,,,SKIPPED,PERIOD_NOT_OPENED
SH010,REC-SH010-202601-0159,2026-01-14,1230.00,1149.53,80.47,,,SKIPPED,PERIOD_NOT_OPENED
SH025,REC-SH025-202601-0146,2026-01-14,60.00,56.07,3.93,,,SKIPPED,PERIOD_NOT_OPENED
SH025,REC-SH025-202601-0147,2026-01-14,60.00,56.07,3.93,,,SKIPPED,PERIOD_NOT_OPENED
SH028,REC-SH028-202601-0038,2026-01-14,2350.00,2196.26,153.74,,,SKIPPED,PERIOD_NOT_OPENED
SH006,REC-SH006-202601-0195,2026-01-14,325.00,303.74,21.26,,,SKIPPED,PERIOD_NOT_OPENED
SH028,REC-SH028-202601-0039,2026-01-14,1250.00,1168.22,81.78,,,SKIPPED,PERIOD_NOT_OPENED
SH026,REC-SH026-202601-0122,2026-01-14,1100.00,1028.04,71.96,,,SKIPPED,PERIOD_NOT_OPENED
SH026,REC-SH026-202601-0123,2026-01-14,1100.00,1028.04,71.96,,,SKIPPED,PERIOD_NOT_OPENED
SH026,REC-SH026-202601-0124,2026-01-14,1430.00,1336.45,93.55,,,SKIPPED,PERIOD_NOT_OPENED
SH006,REC-SH006-202601-0196,2026-01-14,80.00,74.77,5.23,,,SKIPPED,PERIOD_NOT_OPENED
SH025,REC-SH025-202601-0148,2026-01-14,660.00,616.82,43.18,,,SKIPPED,PERIOD_NOT_OPENED
SH024,REC-SH024-202601-0090,2026-01-14,190.00,177.57,12.43,,,SKIPPED,PERIOD_NOT_OPENED
SH010,REC-SH010-202601-0160,2026-01-14,2760.00,2579.44,180.56,,,SKIPPED,PERIOD_NOT_OPENED
SH024,REC-SH024-202601-0091,2026-01-14,660.00,616.82,43.18,,,SKIPPED,PERIOD_NOT_OPENED
SH025,REC-SH025-202601-0149,2026-01-14,300.00,280.37,19.63,,,SKIPPED,PERIOD_NOT_OPENED
SH006,REC-SH006-202601-0197,2026-01-14,80.00,74.77,5.23,,,SKIPPED,PERIOD_NOT_OPENED
SH006,REC-SH006-202601-0198,2026-01-14,80.00,74.77,5.23,,,SKIPPED,PERIOD_NOT_OPENED
SH028,REC-SH028-202601-0040,2026-01-14,330.00,308.41,21.59,,,SKIPPED,PERIOD_NOT_OPENED
SH001,REC-SH001-202601-0121,2026-01-14,60.00,56.07,3.93,,,SKIPPED,PERIOD_NOT_OPENED
SH012,REC-SH012-202601-0133,2026-01-15,240.00,224.30,15.70,,,SKIPPED,PERIOD_NOT_OPENED
SH001,REC-SH001-202601-0122,2026-01-15,1380.00,1289.72,90.28,,,SKIPPED,PERIOD_NOT_OPENED
SH006,REC-SH006-202601-0199,2026-01-15,1320.00,1233.64,86.36,,,SKIPPED,PERIOD_NOT_OPENED
SH001,REC-SH001-202601-0123,2026-01-15,400.00,373.83,26.17,,,SKIPPED,PERIOD_NOT_OPENED
SH012,REC-SH012-202601-0134,2026-01-15,1320.00,1233.64,86.36,,,SKIPPED,PERIOD_NOT_OPENED
SH025,REC-SH025-202601-0150,2026-01-15,60.00,56.07,3.93,,,SKIPPED,PERIOD_NOT_OPENED
SH025,REC-SH025-202601-0151,2026-01-15,240.00,224.30,15.70,,,SKIPPED,PERIOD_NOT_OPENED
SH028,REC-SH028-202601-0041,2026-01-15,1580.00,1476.64,103.36,,,SKIPPED,PERIOD_NOT_OPENED
SH010,REC-SH010-202601-0161,2026-01-15,330.00,308.41,21.59,,,SKIPPED,PERIOD_NOT_OPENED
SH001,REC-SH001-202601-0124,2026-01-15,330.00,308.41,21.59,,,SKIPPED,PERIOD_NOT_OPENED
SH010,REC-SH010-202601-0162,2026-01-15,1650.00,1542.06,107.94,,,SKIPPED,PERIOD_NOT_OPENED
SH026,REC-SH026-202601-0125,2026-01-15,330.00,308.41,21.59,,,SKIPPED,PERIOD_NOT_OPENED
SH001,REC-SH001-202601-0125,2026-01-15,2500.00,2336.45,163.55,,,SKIPPED,PERIOD_NOT_OPENED
SH025,REC-SH025-202601-0152,2026-01-15,240.00,224.30,15.70,,,SKIPPED,PERIOD_NOT_OPENED
SH026,REC-SH026-202601-0126,2026-01-15,120.00,112.15,7.85,,,SKIPPED,PERIOD_NOT_OPENED
SH006,REC-SH006-202601-0200,2026-01-15,80.00,74.77,5.23,,,SKIPPED,PERIOD_NOT_OPENED
SH012,REC-SH012-202601-0135,2026-01-15,1690.00,1579.44,110.56,,,SKIPPED,PERIOD_NOT_OPENED
SH006,REC-SH006-202601-0201,2026-01-15,120.00,112.15,7.85,,,SKIPPED,PERIOD_NOT_OPENED
SH010,REC-SH010-202601-0163,2026-01-15,325.00,303.74,21.26,,,SKIPPED,PERIOD_NOT_OPENED
SH006,REC-SH006-202601-0202,2026-01-15,180.00,168.22,11.78,,,SKIPPED,PERIOD_NOT_OPENED
SH001,REC-SH001-202601-0126,2026-01-15,220.00,205.61,14.39,,,SKIPPED,PERIOD_NOT_OPENED
SH001,REC-SH001-202601-0127,2026-01-15,330.00,308.41,21.59,,,SKIPPED,PERIOD_NOT_OPENED
SH026,REC-SH026-202601-0127,2026-01-15,180.00,168.22,11.78,,,SKIPPED,PERIOD_NOT_OPENED
SH026,REC-SH026-202601-0128,2026-01-15,200.00,186.92,13.08,,,SKIPPED,PERIOD_NOT_OPENED
SH001,REC-SH001-202601-0128,2026-01-15,220.00,205.61,14.39,,,SKIPPED,PERIOD_NOT_OPENED
SH024,REC-SH024-202601-0092,2026-01-15,380.00,355.14,24.86,,,SKIPPED,PERIOD_NOT_OPENED
SH024,REC-SH024-202601-0093,2026-01-15,1200.00,1121.50,78.50,,,SKIPPED,PERIOD_NOT_OPENED
SH001,REC-SH001-202601-0129,2026-01-15,220.00,205.61,14.39,,,SKIPPED,PERIOD_NOT_OPENED
SH012,REC-SH012-202601-0136,2026-01-15,330.00,308.41,21.59,,,SKIPPED,PERIOD_NOT_OPENED
SH006,REC-SH006-202601-0203,2026-01-15,640.00,598.13,41.87,,,SKIPPED,PERIOD_NOT_OPENED
SH001,REC-SH001-202601-0130,2026-01-15,1910.00,1785.05,124.95,,,SKIPPED,PERIOD_NOT_OPENED
SH006,REC-SH006-202601-0204,2026-01-15,1320.00,1233.64,86.36,,,SKIPPED,PERIOD_NOT_OPENED
SH025,REC-SH025-202601-0153,2026-01-15,560.00,523.36,36.64,,,SKIPPED,PERIOD_NOT_OPENED
SH001,REC-SH001-202601-0131,2026-01-15,1000.00,934.58,65.42,,,SKIPPED,PERIOD_NOT_OPENED
SH025,REC-SH025-202601-0154,2026-01-15,350.00,327.10,22.90,,,SKIPPED,PERIOD_NOT_OPENED
SH028,REC-SH028-202601-0042,2026-01-15,220.00,205.61,14.39,,,SKIPPED,PERIOD_NOT_OPENED
SH025,REC-SH025-202601-0155,2026-01-15,200.00,186.92,13.08,,,SKIPPED,PERIOD_NOT_OPENED
SH026,REC-SH026-202601-0129,2026-01-15,120.00,112.15,7.85,,,SKIPPED,PERIOD_NOT_OPENED
SH006,REC-SH006-202601-0205,2026-01-15,160.00,149.53,10.47,,,SKIPPED,PERIOD_NOT_OPENED
SH006,REC-SH006-202601-0206,2026-01-15,240.00,224.30,15.70,,,SKIPPED,PERIOD_NOT_OPENED
SH006,REC-SH006-202601-0207,2026-01-15,460.00,429.91,30.09,,,SKIPPED,PERIOD_NOT_OPENED
SH026,REC-SH026-202601-0130,2026-01-15,240.00,224.30,15.70,,,SKIPPED,PERIOD_NOT_OPENED
SH010,REC-SH010-202601-0164,2026-01-15,80.00,74.77,5.23,,,SKIPPED,PERIOD_NOT_OPENED
SH026,REC-SH026-202601-0131,2026-01-15,1728.00,1614.95,113.05,,,SKIPPED,PERIOD_NOT_OPENED
SH012,REC-SH012-202601-0137,2026-01-15,80.00,74.77,5.23,,,SKIPPED,PERIOD_NOT_OPENED
SH001,REC-SH001-202601-0132,2026-01-15,1430.00,1336.45,93.55,,,SKIPPED,PERIOD_NOT_OPENED
SH026,REC-SH026-202601-0132,2026-01-15,380.00,355.14,24.86,,,SKIPPED,PERIOD_NOT_OPENED
SH024,REC-SH024-202601-0094,2026-01-15,80.00,74.77,5.23,,,SKIPPED,PERIOD_NOT_OPENED
SH012,REC-SH012-202601-0138,2026-01-15,80.00,74.77,5.23,,,SKIPPED,PERIOD_NOT_OPENED
SH010,REC-SH010-202601-0165,2026-01-15,360.00,336.45,23.55,,,SKIPPED,PERIOD_NOT_OPENED
SH006,REC-SH006-202601-0208,2026-01-15,310.00,289.72,20.28,,,SKIPPED,PERIOD_NOT_OPENED
SH012,REC-SH012-202601-0139,2026-01-15,600.00,560.75,39.25,,,SKIPPED,PERIOD_NOT_OPENED
SH012,REC-SH012-202601-0140,2026-01-15,80.00,74.77,5.23,,,SKIPPED,PERIOD_NOT_OPENED
SH012,REC-SH012-202601-0141,2026-01-15,160.00,149.53,10.47,,,SKIPPED,PERIOD_NOT_OPENED
SH025,REC-SH025-202601-0156,2026-01-15,320.00,299.07,20.93,,,SKIPPED,PERIOD_NOT_OPENED
SH001,REC-SH001-202601-0133,2026-01-15,1830.00,1710.28,119.72,,,SKIPPED,PERIOD_NOT_OPENED
SH006,REC-SH006-202601-0209,2026-01-15,160.00,149.53,10.47,,,SKIPPED,PERIOD_NOT_OPENED
SH001,REC-SH001-202601-0134,2026-01-15,120.00,112.15,7.85,,,SKIPPED,PERIOD_NOT_OPENED
SH025,REC-SH025-202601-0157,2026-01-15,1510.00,1411.21,98.79,,,SKIPPED,PERIOD_NOT_OPENED
SH012,REC-SH012-202601-0142,2026-01-16,200.00,186.92,13.08,,,SKIPPED,PERIOD_NOT_OPENED
SH012,REC-SH012-202601-0143,2026-01-16,120.00,112.15,7.85,,,SKIPPED,PERIOD_NOT_OPENED
SH012,REC-SH012-202601-0144,2026-01-16,80.00,74.77,5.23,,,SKIPPED,PERIOD_NOT_OPENED
SH006,REC-SH006-202601-0210,2026-01-16,120.00,112.15,7.85,,,SKIPPED,PERIOD_NOT_OPENED
SH010,REC-SH010-202601-0166,2026-01-16,160.00,149.53,10.47,,,SKIPPED,PERIOD_NOT_OPENED
SH012,REC-SH012-202601-0145,2026-01-16,1160.00,1084.11,75.89,,,SKIPPED,PERIOD_NOT_OPENED
SH006,REC-SH006-202601-0211,2026-01-16,1380.00,1289.72,90.28,,,SKIPPED,PERIOD_NOT_OPENED
SH024,REC-SH024-202601-0095,2026-01-16,400.00,373.83,26.17,,,SKIPPED,PERIOD_NOT_OPENED
SH030,REC-SH030-202601-0022,2026-01-16,5330.00,4981.31,348.69,,,SKIPPED,PERIOD_NOT_OPENED
SH012,REC-SH012-202601-0146,2026-01-16,920.00,859.81,60.19,,,SKIPPED,PERIOD_NOT_OPENED
SH026,REC-SH026-202601-0133,2026-01-16,460.00,429.91,30.09,,,SKIPPED,PERIOD_NOT_OPENED
SH026,REC-SH026-202601-0134,2026-01-16,200.00,186.92,13.08,,,SKIPPED,PERIOD_NOT_OPENED
SH001,REC-SH001-202601-0135,2026-01-16,1320.00,1233.64,86.36,,,SKIPPED,PERIOD_NOT_OPENED
SH006,REC-SH006-202601-0212,2026-01-16,700.00,654.21,45.79,,,SKIPPED,PERIOD_NOT_OPENED
SH025,REC-SH025-202601-0158,2026-01-16,540.00,504.67,35.33,,,SKIPPED,PERIOD_NOT_OPENED
SH025,REC-SH025-202601-0159,2026-01-16,460.00,429.91,30.09,,,SKIPPED,PERIOD_NOT_OPENED
SH006,REC-SH006-202601-0213,2026-01-16,120.00,112.15,7.85,,,SKIPPED,PERIOD_NOT_OPENED
SH028,REC-SH028-202601-0043,2026-01-16,1710.00,1598.13,111.87,,,SKIPPED,PERIOD_NOT_OPENED
SH006,REC-SH006-202601-0214,2026-01-16,330.00,308.41,21.59,,,SKIPPED,PERIOD_NOT_OPENED
SH012,REC-SH012-202601-0147,2026-01-16,280.00,261.68,18.32,,,SKIPPED,PERIOD_NOT_OPENED
SH001,REC-SH001-202601-0136,2026-01-16,380.00,355.14,24.86,,,SKIPPED,PERIOD_NOT_OPENED
SH012,REC-SH012-202601-0148,2026-01-16,2030.00,1897.20,132.80,,,SKIPPED,PERIOD_NOT_OPENED
SH024,REC-SH024-202601-0096,2026-01-16,2500.00,2336.45,163.55,,,SKIPPED,PERIOD_NOT_OPENED
SH026,REC-SH026-202601-0135,2026-01-16,1320.00,1233.64,86.36,,,SKIPPED,PERIOD_NOT_OPENED
SH001,REC-SH001-202601-0137,2026-01-16,1710.00,1598.13,111.87,,,SKIPPED,PERIOD_NOT_OPENED
SH001,REC-SH001-202601-0138,2026-01-16,1380.00,1289.72,90.28,,,SKIPPED,PERIOD_NOT_OPENED
SH010,REC-SH010-202601-0167,2026-01-16,1230.00,1149.53,80.47,,,SKIPPED,PERIOD_NOT_OPENED
SH026,REC-SH026-202601-0136,2026-01-16,160.00,149.53,10.47,,,SKIPPED,PERIOD_NOT_OPENED
SH012,REC-SH012-202601-0149,2026-01-16,80.00,74.77,5.23,,,SKIPPED,PERIOD_NOT_OPENED
SH001,REC-SH001-202601-0139,2026-01-16,1580.00,1476.64,103.36,,,SKIPPED,PERIOD_NOT_OPENED
SH006,REC-SH006-202601-0215,2026-01-16,160.00,149.53,10.47,,,SKIPPED,PERIOD_NOT_OPENED
SH010,REC-SH010-202601-0168,2026-01-16,1750.00,1635.51,114.49,,,SKIPPED,PERIOD_NOT_OPENED
SH026,REC-SH026-202601-0137,2026-01-16,1250.00,1168.22,81.78,,,SKIPPED,PERIOD_NOT_OPENED
SH006,REC-SH006-202601-0216,2026-01-16,1230.00,1149.53,80.47,,,SKIPPED,PERIOD_NOT_OPENED
SH025,REC-SH025-202601-0160,2026-01-16,380.00,355.14,24.86,,,SKIPPED,PERIOD_NOT_OPENED
SH012,REC-SH012-202601-0150,2026-01-16,3160.00,2953.27,206.73,,,SKIPPED,PERIOD_NOT_OPENED
SH006,REC-SH006-202601-0217,2026-01-16,380.00,355.14,24.86,,,SKIPPED,PERIOD_NOT_OPENED
SH026,REC-SH026-202601-0138,2026-01-16,330.00,308.41,21.59,,,SKIPPED,PERIOD_NOT_OPENED
SH010,REC-SH010-202601-0169,2026-01-16,120.00,112.15,7.85,,,SKIPPED,PERIOD_NOT_OPENED
SH026,REC-SH026-202601-0139,2026-01-16,120.00,112.15,7.85,,,SKIPPED,PERIOD_NOT_OPENED
SH010,REC-SH010-202601-0170,2026-01-16,3750.00,3504.67,245.33,,,SKIPPED,PERIOD_NOT_OPENED
SH025,REC-SH025-202601-0161,2026-01-16,60.00,56.07,3.93,,,SKIPPED,PERIOD_NOT_OPENED
SH025,REC-SH025-202601-0162,2026-01-16,60.00,56.07,3.93,,,SKIPPED,PERIOD_NOT_OPENED
SH010,REC-SH010-202601-0171,2026-01-16,120.00,112.15,7.85,,,SKIPPED,PERIOD_NOT_OPENED
SH025,REC-SH025-202601-0163,2026-01-16,340.00,317.76,22.24,,,SKIPPED,PERIOD_NOT_OPENED
SH006,REC-SH006-202601-0218,2026-01-16,460.00,429.91,30.09,,,SKIPPED,PERIOD_NOT_OPENED
SH025,REC-SH025-202601-0164,2026-01-16,80.00,74.77,5.23,,,SKIPPED,PERIOD_NOT_OPENED
SH028,REC-SH028-202601-0044,2026-01-16,1230.00,1149.53,80.47,,,SKIPPED,PERIOD_NOT_OPENED
SH006,REC-SH006-202601-0219,2026-01-16,3940.00,3682.24,257.76,,,SKIPPED,PERIOD_NOT_OPENED
SH028,REC-SH028-202601-0045,2026-01-16,1580.00,1476.64,103.36,,,SKIPPED,PERIOD_NOT_OPENED
SH010,REC-SH010-202601-0172,2026-01-16,2500.00,2336.45,163.55,,,SKIPPED,PERIOD_NOT_OPENED
SH024,REC-SH024-202601-0097,2026-01-16,280.00,261.68,18.32,,,SKIPPED,PERIOD_NOT_OPENED
SH010,REC-SH010-202601-0173,2026-01-16,325.00,303.74,21.26,,,SKIPPED,PERIOD_NOT_OPENED
SH024,REC-SH024-202601-0098,2026-01-16,1320.00,1233.64,86.36,,,SKIPPED,PERIOD_NOT_OPENED
SH010,REC-SH010-202601-0174,2026-01-16,460.00,429.91,30.09,,,SKIPPED,PERIOD_NOT_OPENED
SH001,REC-SH001-202601-0140,2026-01-16,2200.00,2056.07,143.93,,,SKIPPED,PERIOD_NOT_OPENED
SH001,REC-SH001-202601-0141,2026-01-16,860.00,803.74,56.26,,,SKIPPED,PERIOD_NOT_OPENED
SH006,REC-SH006-202601-0220,2026-01-16,240.00,224.30,15.70,,,SKIPPED,PERIOD_NOT_OPENED
SH010,REC-SH010-202601-0175,2026-01-16,320.00,299.07,20.93,,,SKIPPED,PERIOD_NOT_OPENED
SH012,REC-SH012-202601-0151,2026-01-16,80.00,74.77,5.23,,,SKIPPED,PERIOD_NOT_OPENED
SH025,REC-SH025-202601-0165,2026-01-16,160.00,149.53,10.47,,,SKIPPED,PERIOD_NOT_OPENED
SH024,REC-SH024-202601-0099,2026-01-16,120.00,112.15,7.85,,,SKIPPED,PERIOD_NOT_OPENED
SH026,REC-SH026-202601-0140,2026-01-16,1250.00,1168.22,81.78,,,SKIPPED,PERIOD_NOT_OPENED
SH012,REC-SH012-202601-0152,2026-01-16,120.00,112.15,7.85,,,SKIPPED,PERIOD_NOT_OPENED
SH001,REC-SH001-202601-0142,2026-01-16,220.00,205.61,14.39,,,SKIPPED,PERIOD_NOT_OPENED
SH028,REC-SH028-202601-0046,2026-01-16,1560.00,1457.94,102.06,,,SKIPPED,PERIOD_NOT_OPENED
SH010,REC-SH010-202601-0176,2026-01-16,190.00,177.57,12.43,,,SKIPPED,PERIOD_NOT_OPENED
SH006,REC-SH006-202601-0221,2026-01-16,1400.00,1308.41,91.59,,,SKIPPED,PERIOD_NOT_OPENED
SH025,REC-SH025-202601-0166,2026-01-16,80.00,74.77,5.23,,,SKIPPED,PERIOD_NOT_OPENED
SH025,REC-SH025-202601-0167,2026-01-16,240.00,224.30,15.70,,,SKIPPED,PERIOD_NOT_OPENED
SH025,REC-SH025-202601-0168,2026-01-16,330.00,308.41,21.59,,,SKIPPED,PERIOD_NOT_OPENED
SH012,REC-SH012-202601-0153,2026-01-17,200.00,186.92,13.08,,,SKIPPED,PERIOD_NOT_OPENED
SH006,REC-SH006-202601-0222,2026-01-17,260.00,242.99,17.01,,,SKIPPED,PERIOD_NOT_OPENED
SH006,REC-SH006-202601-0223,2026-01-17,2520.00,2355.14,164.86,,,SKIPPED,PERIOD_NOT_OPENED
SH024,REC-SH024-202601-0100,2026-01-17,1200.00,1121.50,78.50,,,SKIPPED,PERIOD_NOT_OPENED
SH006,REC-SH006-202601-0224,2026-01-17,1320.00,1233.64,86.36,,,SKIPPED,PERIOD_NOT_OPENED
SH026,REC-SH026-202601-0141,2026-01-17,1850.00,1728.97,121.03,,,SKIPPED,PERIOD_NOT_OPENED
SH001,REC-SH001-202601-0143,2026-01-17,440.00,411.21,28.79,,,SKIPPED,PERIOD_NOT_OPENED
SH026,REC-SH026-202601-0142,2026-01-17,80.00,74.77,5.23,,,SKIPPED,PERIOD_NOT_OPENED
SH026,REC-SH026-202601-0143,2026-01-17,1320.00,1233.64,86.36,,,SKIPPED,PERIOD_NOT_OPENED
SH010,REC-SH010-202601-0177,2026-01-17,640.00,598.13,41.87,,,SKIPPED,PERIOD_NOT_OPENED
SH001,REC-SH001-202601-0144,2026-01-17,800.00,747.66,52.34,,,SKIPPED,PERIOD_NOT_OPENED
SH001,REC-SH001-202601-0145,2026-01-17,1250.00,1168.22,81.78,,,SKIPPED,PERIOD_NOT_OPENED
SH026,REC-SH026-202601-0144,2026-01-17,120.00,112.15,7.85,,,SKIPPED,PERIOD_NOT_OPENED
SH012,REC-SH012-202601-0154,2026-01-17,600.00,560.75,39.25,,,SKIPPED,PERIOD_NOT_OPENED
SH025,REC-SH025-202601-0169,2026-01-17,300.00,280.37,19.63,,,SKIPPED,PERIOD_NOT_OPENED
SH028,REC-SH028-202601-0047,2026-01-17,160.00,149.53,10.47,,,SKIPPED,PERIOD_NOT_OPENED
SH010,REC-SH010-202601-0178,2026-01-17,310.00,289.72,20.28,,,SKIPPED,PERIOD_NOT_OPENED
SH006,REC-SH006-202601-0225,2026-01-17,240.00,224.30,15.70,,,SKIPPED,PERIOD_NOT_OPENED
SH026,REC-SH026-202601-0145,2026-01-17,120.00,112.15,7.85,,,SKIPPED,PERIOD_NOT_OPENED
SH012,REC-SH012-202601-0155,2026-01-17,240.00,224.30,15.70,,,SKIPPED,PERIOD_NOT_OPENED
SH030,REC-SH030-202601-0023,2026-01-17,60.00,56.07,3.93,,,SKIPPED,PERIOD_NOT_OPENED
SH012,REC-SH012-202601-0156,2026-01-17,120.00,112.15,7.85,,,SKIPPED,PERIOD_NOT_OPENED
SH006,REC-SH006-202601-0226,2026-01-17,580.00,542.06,37.94,,,SKIPPED,PERIOD_NOT_OPENED
SH012,REC-SH012-202601-0157,2026-01-17,1320.00,1233.64,86.36,,,SKIPPED,PERIOD_NOT_OPENED
SH001,REC-SH001-202601-0146,2026-01-17,2760.00,2579.44,180.56,,,SKIPPED,PERIOD_NOT_OPENED
SH026,REC-SH026-202601-0146,2026-01-17,1970.00,1841.12,128.88,,,SKIPPED,PERIOD_NOT_OPENED
SH028,REC-SH028-202601-0048,2026-01-17,610.00,570.09,39.91,,,SKIPPED,PERIOD_NOT_OPENED
SH006,REC-SH006-202601-0227,2026-01-17,760.00,710.28,49.72,,,SKIPPED,PERIOD_NOT_OPENED
SH012,REC-SH012-202601-0158,2026-01-17,240.00,224.30,15.70,,,SKIPPED,PERIOD_NOT_OPENED
SH028,REC-SH028-202601-0049,2026-01-17,80.00,74.77,5.23,,,SKIPPED,PERIOD_NOT_OPENED
SH006,REC-SH006-202601-0228,2026-01-17,120.00,112.15,7.85,,,SKIPPED,PERIOD_NOT_OPENED
SH006,REC-SH006-202601-0229,2026-01-17,520.00,485.98,34.02,,,SKIPPED,PERIOD_NOT_OPENED
SH026,REC-SH026-202601-0147,2026-01-17,1250.00,1168.22,81.78,,,SKIPPED,PERIOD_NOT_OPENED
SH012,REC-SH012-202601-0159,2026-01-17,160.00,149.53,10.47,,,SKIPPED,PERIOD_NOT_OPENED
SH012,REC-SH012-202601-0160,2026-01-17,1160.00,1084.11,75.89,,,SKIPPED,PERIOD_NOT_OPENED
SH010,REC-SH010-202601-0179,2026-01-17,330.00,308.41,21.59,,,SKIPPED,PERIOD_NOT_OPENED
SH001,REC-SH001-202601-0147,2026-01-17,220.00,205.61,14.39,,,SKIPPED,PERIOD_NOT_OPENED
SH006,REC-SH006-202601-0230,2026-01-17,120.00,112.15,7.85,,,SKIPPED,PERIOD_NOT_OPENED
SH006,REC-SH006-202601-0231,2026-01-17,460.00,429.91,30.09,,,SKIPPED,PERIOD_NOT_OPENED
SH030,REC-SH030-202601-0024,2026-01-17,600.00,560.75,39.25,,,SKIPPED,PERIOD_NOT_OPENED
SH024,REC-SH024-202601-0101,2026-01-17,240.00,224.30,15.70,,,SKIPPED,PERIOD_NOT_OPENED
SH024,REC-SH024-202601-0102,2026-01-17,560.00,523.36,36.64,,,SKIPPED,PERIOD_NOT_OPENED
SH012,REC-SH012-202601-0161,2026-01-17,600.00,560.75,39.25,,,SKIPPED,PERIOD_NOT_OPENED
SH001,REC-SH001-202601-0148,2026-01-17,4680.00,4373.83,306.17,,,SKIPPED,PERIOD_NOT_OPENED
SH026,REC-SH026-202601-0148,2026-01-17,120.00,112.15,7.85,,,SKIPPED,PERIOD_NOT_OPENED
SH001,REC-SH001-202601-0149,2026-01-17,280.00,261.68,18.32,,,SKIPPED,PERIOD_NOT_OPENED
SH026,REC-SH026-202601-0149,2026-01-17,60.00,56.07,3.93,,,SKIPPED,PERIOD_NOT_OPENED
SH025,REC-SH025-202601-0170,2026-01-17,1560.00,1457.94,102.06,,,SKIPPED,PERIOD_NOT_OPENED
SH012,REC-SH012-202601-0162,2026-01-17,120.00,112.15,7.85,,,SKIPPED,PERIOD_NOT_OPENED
SH028,REC-SH028-202601-0050,2026-01-17,2370.00,2214.95,155.05,,,SKIPPED,PERIOD_NOT_OPENED
SH006,REC-SH006-202601-0232,2026-01-17,380.00,355.14,24.86,,,SKIPPED,PERIOD_NOT_OPENED
SH012,REC-SH012-202601-0163,2026-01-17,160.00,149.53,10.47,,,SKIPPED,PERIOD_NOT_OPENED
SH001,REC-SH001-202601-0150,2026-01-17,1000.00,934.58,65.42,,,SKIPPED,PERIOD_NOT_OPENED
SH006,REC-SH006-202601-0233,2026-01-17,80.00,74.77,5.23,,,SKIPPED,PERIOD_NOT_OPENED
SH024,REC-SH024-202601-0103,2026-01-17,160.00,149.53,10.47,,,SKIPPED,PERIOD_NOT_OPENED
SH024,REC-SH024-202601-0104,2026-01-17,460.00,429.91,30.09,,,SKIPPED,PERIOD_NOT_OPENED
SH001,REC-SH001-202601-0151,2026-01-17,1380.00,1289.72,90.28,,,SKIPPED,PERIOD_NOT_OPENED
SH025,REC-SH025-202601-0171,2026-01-17,190.00,177.57,12.43,,,SKIPPED,PERIOD_NOT_OPENED
SH001,REC-SH001-202601-0152,2026-01-17,330.00,308.41,21.59,,,SKIPPED,PERIOD_NOT_OPENED
SH010,REC-SH010-202601-0180,2026-01-17,330.00,308.41,21.59,,,SKIPPED,PERIOD_NOT_OPENED
SH001,REC-SH001-202601-0153,2026-01-17,390.00,364.49,25.51,,,SKIPPED,PERIOD_NOT_OPENED
SH010,REC-SH010-202601-0181,2026-01-17,80.00,74.77,5.23,,,SKIPPED,PERIOD_NOT_OPENED
SH025,REC-SH025-202601-0172,2026-01-17,80.00,74.77,5.23,,,SKIPPED,PERIOD_NOT_OPENED
SH006,REC-SH006-202601-0234,2026-01-18,325.00,303.74,21.26,,,SKIPPED,PERIOD_NOT_OPENED
SH001,REC-SH001-202601-0154,2026-01-18,1320.00,1233.64,86.36,,,SKIPPED,PERIOD_NOT_OPENED
SH010,REC-SH010-202601-0182,2026-01-18,325.00,303.74,21.26,,,SKIPPED,PERIOD_NOT_OPENED
SH026,REC-SH026-202601-0150,2026-01-18,1320.00,1233.64,86.36,,,SKIPPED,PERIOD_NOT_OPENED
SH010,REC-SH010-202601-0183,2026-01-18,120.00,112.15,7.85,,,SKIPPED,PERIOD_NOT_OPENED
SH001,REC-SH001-202601-0155,2026-01-18,1320.00,1233.64,86.36,,,SKIPPED,PERIOD_NOT_OPENED
SH012,REC-SH012-202601-0164,2026-01-18,580.00,542.06,37.94,,,SKIPPED,PERIOD_NOT_OPENED
SH006,REC-SH006-202601-0235,2026-01-18,325.00,303.74,21.26,,,SKIPPED,PERIOD_NOT_OPENED
SH006,REC-SH006-202601-0236,2026-01-18,160.00,149.53,10.47,,,SKIPPED,PERIOD_NOT_OPENED
SH001,REC-SH001-202601-0156,2026-01-18,1710.00,1598.13,111.87,,,SKIPPED,PERIOD_NOT_OPENED
SH010,REC-SH010-202601-0184,2026-01-18,160.00,149.53,10.47,,,SKIPPED,PERIOD_NOT_OPENED
SH026,REC-SH026-202601-0151,2026-01-18,330.00,308.41,21.59,,,SKIPPED,PERIOD_NOT_OPENED
SH006,REC-SH006-202601-0237,2026-01-18,240.00,224.30,15.70,,,SKIPPED,PERIOD_NOT_OPENED
SH026,REC-SH026-202601-0152,2026-01-18,2500.00,2336.45,163.55,,,SKIPPED,PERIOD_NOT_OPENED
SH006,REC-SH006-202601-0238,2026-01-18,700.00,654.21,45.79,,,SKIPPED,PERIOD_NOT_OPENED
SH010,REC-SH010-202601-0185,2026-01-18,330.00,308.41,21.59,,,SKIPPED,PERIOD_NOT_OPENED
SH012,REC-SH012-202601-0165,2026-01-18,200.00,186.92,13.08,,,SKIPPED,PERIOD_NOT_OPENED
SH006,REC-SH006-202601-0239,2026-01-18,2290.00,2140.19,149.81,,,SKIPPED,PERIOD_NOT_OPENED
SH010,REC-SH010-202601-0186,2026-01-18,980.00,915.89,64.11,,,SKIPPED,PERIOD_NOT_OPENED
SH012,REC-SH012-202601-0166,2026-01-18,820.00,766.36,53.64,,,SKIPPED,PERIOD_NOT_OPENED
SH006,REC-SH006-202601-0240,2026-01-18,120.00,112.15,7.85,,,SKIPPED,PERIOD_NOT_OPENED
SH026,REC-SH026-202601-0153,2026-01-18,80.00,74.77,5.23,,,SKIPPED,PERIOD_NOT_OPENED
SH010,REC-SH010-202601-0187,2026-01-18,80.00,74.77,5.23,,,SKIPPED,PERIOD_NOT_OPENED
SH025,REC-SH025-202601-0173,2026-01-18,330.00,308.41,21.59,,,SKIPPED,PERIOD_NOT_OPENED
SH024,REC-SH024-202601-0105,2026-01-18,370.00,345.79,24.21,,,SKIPPED,PERIOD_NOT_OPENED
SH026,REC-SH026-202601-0154,2026-01-18,280.00,261.68,18.32,,,SKIPPED,PERIOD_NOT_OPENED
SH026,REC-SH026-202601-0155,2026-01-18,80.00,74.77,5.23,,,SKIPPED,PERIOD_NOT_OPENED
SH026,REC-SH026-202601-0156,2026-01-18,80.00,74.77,5.23,,,SKIPPED,PERIOD_NOT_OPENED
SH012,REC-SH012-202601-0167,2026-01-18,120.00,112.15,7.85,,,SKIPPED,PERIOD_NOT_OPENED
SH010,REC-SH010-202601-0188,2026-01-18,1880.00,1757.01,122.99,,,SKIPPED,PERIOD_NOT_OPENED
SH006,REC-SH006-202601-0241,2026-01-18,1580.00,1476.64,103.36,,,SKIPPED,PERIOD_NOT_OPENED
SH026,REC-SH026-202601-0157,2026-01-18,330.00,308.41,21.59,,,SKIPPED,PERIOD_NOT_OPENED
SH028,REC-SH028-202601-0051,2026-01-18,240.00,224.30,15.70,,,SKIPPED,PERIOD_NOT_OPENED
SH025,REC-SH025-202601-0174,2026-01-18,460.00,429.91,30.09,,,SKIPPED,PERIOD_NOT_OPENED
SH028,REC-SH028-202601-0052,2026-01-18,690.00,644.86,45.14,,,SKIPPED,PERIOD_NOT_OPENED
SH026,REC-SH026-202601-0158,2026-01-18,120.00,112.15,7.85,,,SKIPPED,PERIOD_NOT_OPENED
SH026,REC-SH026-202601-0159,2026-01-18,80.00,74.77,5.23,,,SKIPPED,PERIOD_NOT_OPENED
SH001,REC-SH001-202601-0157,2026-01-18,1540.00,1439.25,100.75,,,SKIPPED,PERIOD_NOT_OPENED
SH025,REC-SH025-202601-0175,2026-01-18,120.00,112.15,7.85,,,SKIPPED,PERIOD_NOT_OPENED
SH006,REC-SH006-202601-0242,2026-01-18,600.00,560.75,39.25,,,SKIPPED,PERIOD_NOT_OPENED
SH024,REC-SH024-202601-0106,2026-01-18,1510.00,1411.21,98.79,,,SKIPPED,PERIOD_NOT_OPENED
SH001,REC-SH001-202601-0158,2026-01-18,1580.00,1476.64,103.36,,,SKIPPED,PERIOD_NOT_OPENED
SH006,REC-SH006-202601-0243,2026-01-18,1600.00,1495.33,104.67,,,SKIPPED,PERIOD_NOT_OPENED
SH001,REC-SH001-202601-0159,2026-01-18,2700.00,2523.36,176.64,,,SKIPPED,PERIOD_NOT_OPENED
SH001,REC-SH001-202601-0160,2026-01-18,3620.00,3383.18,236.82,,,SKIPPED,PERIOD_NOT_OPENED
SH001,REC-SH001-202601-0161,2026-01-18,680.00,635.51,44.49,,,SKIPPED,PERIOD_NOT_OPENED
SH025,REC-SH025-202601-0176,2026-01-18,240.00,224.30,15.70,,,SKIPPED,PERIOD_NOT_OPENED
SH010,REC-SH010-202601-0189,2026-01-18,380.00,355.14,24.86,,,SKIPPED,PERIOD_NOT_OPENED
SH026,REC-SH026-202601-0160,2026-01-18,1320.00,1233.64,86.36,,,SKIPPED,PERIOD_NOT_OPENED
SH025,REC-SH025-202601-0177,2026-01-18,280.00,261.68,18.32,,,SKIPPED,PERIOD_NOT_OPENED
SH025,REC-SH025-202601-0178,2026-01-18,60.00,56.07,3.93,,,SKIPPED,PERIOD_NOT_OPENED
SH010,REC-SH010-202601-0190,2026-01-18,330.00,308.41,21.59,,,SKIPPED,PERIOD_NOT_OPENED
SH001,REC-SH001-202601-0162,2026-01-18,220.00,205.61,14.39,,,SKIPPED,PERIOD_NOT_OPENED
SH010,REC-SH010-202601-0191,2026-01-18,180.00,168.22,11.78,,,SKIPPED,PERIOD_NOT_OPENED
SH010,REC-SH010-202601-0192,2026-01-18,280.00,261.68,18.32,,,SKIPPED,PERIOD_NOT_OPENED
SH010,REC-SH010-202601-0193,2026-01-18,1380.00,1289.72,90.28,,,SKIPPED,PERIOD_NOT_OPENED
SH025,REC-SH025-202601-0179,2026-01-18,465.00,434.58,30.42,,,SKIPPED,PERIOD_NOT_OPENED
SH006,REC-SH006-202601-0244,2026-01-18,380.00,355.14,24.86,,,SKIPPED,PERIOD_NOT_OPENED
SH006,REC-SH006-202601-0245,2026-01-18,160.00,149.53,10.47,,,SKIPPED,PERIOD_NOT_OPENED
SH012,REC-SH012-202601-0168,2026-01-18,330.00,308.41,21.59,,,SKIPPED,PERIOD_NOT_OPENED
SH006,REC-SH006-202601-0246,2026-01-18,990.00,925.23,64.77,,,SKIPPED,PERIOD_NOT_OPENED
SH012,REC-SH012-202601-0169,2026-01-18,160.00,149.53,10.47,,,SKIPPED,PERIOD_NOT_OPENED
SH010,REC-SH010-202601-0194,2026-01-18,4140.00,3869.16,270.84,,,SKIPPED,PERIOD_NOT_OPENED
SH006,REC-SH006-202601-0247,2026-01-18,160.00,149.53,10.47,,,SKIPPED,PERIOD_NOT_OPENED
SH001,REC-SH001-202601-0163,2026-01-18,1320.00,1233.64,86.36,,,SKIPPED,PERIOD_NOT_OPENED
SH026,REC-SH026-202601-0161,2026-01-18,160.00,149.53,10.47,,,SKIPPED,PERIOD_NOT_OPENED
SH001,REC-SH001-202601-0164,2026-01-18,220.00,205.61,14.39,,,SKIPPED,PERIOD_NOT_OPENED
SH026,REC-SH026-202601-0162,2026-01-18,120.00,112.15,7.85,,,SKIPPED,PERIOD_NOT_OPENED
SH001,REC-SH001-202601-0165,2026-01-18,1910.00,1785.05,124.95,,,SKIPPED,PERIOD_NOT_OPENED
SH026,REC-SH026-202601-0163,2026-01-18,1380.00,1289.72,90.28,,,SKIPPED,PERIOD_NOT_OPENED
SH012,REC-SH012-202601-0170,2026-01-18,1360.00,1271.03,88.97,,,SKIPPED,PERIOD_NOT_OPENED
SH024,REC-SH024-202601-0107,2026-01-18,280.00,261.68,18.32,,,SKIPPED,PERIOD_NOT_OPENED
SH025,REC-SH025-202601-0180,2026-01-18,240.00,224.30,15.70,,,SKIPPED,PERIOD_NOT_OPENED
SH024,REC-SH024-202601-0108,2026-01-18,1200.00,1121.50,78.50,,,SKIPPED,PERIOD_NOT_OPENED
SH006,REC-SH006-202601-0248,2026-01-18,580.00,542.06,37.94,,,SKIPPED,PERIOD_NOT_OPENED
SH012,REC-SH012-202601-0171,2026-01-18,460.00,429.91,30.09,,,SKIPPED,PERIOD_NOT_OPENED
SH006,REC-SH006-202601-0249,2026-01-18,80.00,74.77,5.23,,,SKIPPED,PERIOD_NOT_OPENED
SH025,REC-SH025-202601-0181,2026-01-18,1320.00,1233.64,86.36,,,SKIPPED,PERIOD_NOT_OPENED
SH026,REC-SH026-202601-0164,2026-01-18,400.00,373.83,26.17,,,SKIPPED,PERIOD_NOT_OPENED
SH026,REC-SH026-202601-0165,2026-01-18,460.00,429.91,30.09,,,SKIPPED,PERIOD_NOT_OPENED
SH025,REC-SH025-202601-0182,2026-01-18,4100.00,3831.78,268.22,,,SKIPPED,PERIOD_NOT_OPENED
SH010,REC-SH010-202601-0195,2026-01-18,240.00,224.30,15.70,,,SKIPPED,PERIOD_NOT_OPENED
SH001,REC-SH001-202601-0166,2026-01-18,60.00,56.07,3.93,,,SKIPPED,PERIOD_NOT_OPENED
SH025,REC-SH025-202601-0183,2026-01-18,120.00,112.15,7.85,,,SKIPPED,PERIOD_NOT_OPENED
SH026,REC-SH026-202601-0166,2026-01-19,80.00,74.77,5.23,,,SKIPPED,PERIOD_NOT_OPENED
SH012,REC-SH012-202601-0172,2026-01-19,80.00,74.77,5.23,,,SKIPPED,PERIOD_NOT_OPENED
SH012,REC-SH012-202601-0173,2026-01-19,80.00,74.77,5.23,,,SKIPPED,PERIOD_NOT_OPENED
SH001,REC-SH001-202601-0167,2026-01-19,659.00,615.89,43.11,,,SKIPPED,PERIOD_NOT_OPENED
SH028,REC-SH028-202601-0053,2026-01-19,1920.00,1794.39,125.61,,,SKIPPED,PERIOD_NOT_OPENED
SH001,REC-SH001-202601-0168,2026-01-19,450.00,420.56,29.44,,,SKIPPED,PERIOD_NOT_OPENED
SH001,REC-SH001-202601-0169,2026-01-19,550.00,514.02,35.98,,,SKIPPED,PERIOD_NOT_OPENED
SH006,REC-SH006-202601-0250,2026-01-19,320.00,299.07,20.93,,,SKIPPED,PERIOD_NOT_OPENED
SH010,REC-SH010-202601-0196,2026-01-19,2760.00,2579.44,180.56,,,SKIPPED,PERIOD_NOT_OPENED
SH010,REC-SH010-202601-0197,2026-01-19,460.00,429.91,30.09,,,SKIPPED,PERIOD_NOT_OPENED
SH001,REC-SH001-202601-0170,2026-01-19,330.00,308.41,21.59,,,SKIPPED,PERIOD_NOT_OPENED
SH012,REC-SH012-202601-0174,2026-01-19,240.00,224.30,15.70,,,SKIPPED,PERIOD_NOT_OPENED
SH006,REC-SH006-202601-0251,2026-01-19,580.00,542.06,37.94,,,SKIPPED,PERIOD_NOT_OPENED
SH006,REC-SH006-202601-0252,2026-01-19,120.00,112.15,7.85,,,SKIPPED,PERIOD_NOT_OPENED
SH026,REC-SH026-202601-0167,2026-01-19,460.00,429.91,30.09,,,SKIPPED,PERIOD_NOT_OPENED
SH010,REC-SH010-202601-0198,2026-01-19,650.00,607.48,42.52,,,SKIPPED,PERIOD_NOT_OPENED
SH010,REC-SH010-202601-0199,2026-01-19,325.00,303.74,21.26,,,SKIPPED,PERIOD_NOT_OPENED
SH010,REC-SH010-202601-0200,2026-01-19,325.00,303.74,21.26,,,SKIPPED,PERIOD_NOT_OPENED
SH001,REC-SH001-202601-0171,2026-01-19,220.00,205.61,14.39,,,SKIPPED,PERIOD_NOT_OPENED
SH001,REC-SH001-202601-0172,2026-01-19,2460.00,2299.07,160.93,,,SKIPPED,PERIOD_NOT_OPENED
SH006,REC-SH006-202601-0253,2026-01-19,580.00,542.06,37.94,,,SKIPPED,PERIOD_NOT_OPENED
SH010,REC-SH010-202601-0201,2026-01-19,240.00,224.30,15.70,,,SKIPPED,PERIOD_NOT_OPENED
SH024,REC-SH024-202601-0109,2026-01-19,2840.00,2654.21,185.79,,,SKIPPED,PERIOD_NOT_OPENED
SH012,REC-SH012-202601-0175,2026-01-19,370.00,345.79,24.21,,,SKIPPED,PERIOD_NOT_OPENED
SH028,REC-SH028-202601-0054,2026-01-19,120.00,112.15,7.85,,,SKIPPED,PERIOD_NOT_OPENED
SH012,REC-SH012-202601-0176,2026-01-19,80.00,74.77,5.23,,,SKIPPED,PERIOD_NOT_OPENED
SH001,REC-SH001-202601-0173,2026-01-19,610.00,570.09,39.91,,,SKIPPED,PERIOD_NOT_OPENED
SH026,REC-SH026-202601-0168,2026-01-19,280.00,261.68,18.32,,,SKIPPED,PERIOD_NOT_OPENED
SH025,REC-SH025-202601-0184,2026-01-19,80.00,74.77,5.23,,,SKIPPED,PERIOD_NOT_OPENED
SH001,REC-SH001-202601-0174,2026-01-19,220.00,205.61,14.39,,,SKIPPED,PERIOD_NOT_OPENED
SH025,REC-SH025-202601-0185,2026-01-19,80.00,74.77,5.23,,,SKIPPED,PERIOD_NOT_OPENED
SH001,REC-SH001-202601-0175,2026-01-19,1970.00,1841.12,128.88,,,SKIPPED,PERIOD_NOT_OPENED
SH001,REC-SH001-202601-0176,2026-01-19,4410.00,4121.50,288.50,,,SKIPPED,PERIOD_NOT_OPENED
SH010,REC-SH010-202601-0202,2026-01-19,2040.00,1906.54,133.46,,,SKIPPED,PERIOD_NOT_OPENED
SH001,REC-SH001-202601-0177,2026-01-19,1910.00,1785.05,124.95,,,SKIPPED,PERIOD_NOT_OPENED
SH012,REC-SH012-202601-0177,2026-01-19,920.00,859.81,60.19,,,SKIPPED,PERIOD_NOT_OPENED
SH010,REC-SH010-202601-0203,2026-01-19,160.00,149.53,10.47,,,SKIPPED,PERIOD_NOT_OPENED
SH012,REC-SH012-202601-0178,2026-01-19,330.00,308.41,21.59,,,SKIPPED,PERIOD_NOT_OPENED
SH001,REC-SH001-202601-0178,2026-01-19,160.00,149.53,10.47,,,SKIPPED,PERIOD_NOT_OPENED
SH001,REC-SH001-202601-0179,2026-01-19,580.00,542.06,37.94,,,SKIPPED,PERIOD_NOT_OPENED
SH025,REC-SH025-202601-0186,2026-01-19,330.00,308.41,21.59,,,SKIPPED,PERIOD_NOT_OPENED
SH025,REC-SH025-202601-0187,2026-01-19,350.00,327.10,22.90,,,SKIPPED,PERIOD_NOT_OPENED
SH024,REC-SH024-202601-0110,2026-01-19,280.00,261.68,18.32,,,SKIPPED,PERIOD_NOT_OPENED
SH024,REC-SH024-202601-0111,2026-01-19,80.00,74.77,5.23,,,SKIPPED,PERIOD_NOT_OPENED
SH026,REC-SH026-202601-0169,2026-01-19,120.00,112.15,7.85,,,SKIPPED,PERIOD_NOT_OPENED
SH024,REC-SH024-202601-0112,2026-01-19,120.00,112.15,7.85,,,SKIPPED,PERIOD_NOT_OPENED
SH006,REC-SH006-202601-0254,2026-01-19,320.00,299.07,20.93,,,SKIPPED,PERIOD_NOT_OPENED
SH006,REC-SH006-202601-0255,2026-01-19,80.00,74.77,5.23,,,SKIPPED,PERIOD_NOT_OPENED
SH006,REC-SH006-202601-0256,2026-01-19,60.00,56.07,3.93,,,SKIPPED,PERIOD_NOT_OPENED
SH028,REC-SH028-202601-0055,2026-01-19,1580.00,1476.64,103.36,,,SKIPPED,PERIOD_NOT_OPENED
SH010,REC-SH010-202601-0204,2026-01-19,80.00,74.77,5.23,,,SKIPPED,PERIOD_NOT_OPENED
SH025,REC-SH025-202601-0188,2026-01-19,80.00,74.77,5.23,,,SKIPPED,PERIOD_NOT_OPENED
SH012,REC-SH012-202601-0179,2026-01-19,80.00,74.77,5.23,,,SKIPPED,PERIOD_NOT_OPENED
SH028,REC-SH028-202601-0056,2026-01-19,80.00,74.77,5.23,,,SKIPPED,PERIOD_NOT_OPENED
SH025,REC-SH025-202601-0189,2026-01-19,1230.00,1149.53,80.47,,,SKIPPED,PERIOD_NOT_OPENED
SH025,REC-SH025-202601-0190,2026-01-19,80.00,74.77,5.23,,,SKIPPED,PERIOD_NOT_OPENED
SH024,REC-SH024-202601-0113,2026-01-19,480.00,448.60,31.40,,,SKIPPED,PERIOD_NOT_OPENED
SH012,REC-SH012-202601-0180,2026-01-19,310.00,289.72,20.28,,,SKIPPED,PERIOD_NOT_OPENED
SH025,REC-SH025-202601-0191,2026-01-19,760.00,710.28,49.72,,,SKIPPED,PERIOD_NOT_OPENED
SH006,REC-SH006-202601-0257,2026-01-19,120.00,112.15,7.85,,,SKIPPED,PERIOD_NOT_OPENED
SH024,REC-SH024-202601-0114,2026-01-19,370.00,345.79,24.21,,,SKIPPED,PERIOD_NOT_OPENED
SH012,REC-SH012-202601-0181,2026-01-19,840.00,785.05,54.95,,,SKIPPED,PERIOD_NOT_OPENED
SH030,REC-SH030-202601-0025,2026-01-19,240.00,224.30,15.70,,,SKIPPED,PERIOD_NOT_OPENED
SH001,REC-SH001-202601-0180,2026-01-19,1110.00,1037.38,72.62,,,SKIPPED,PERIOD_NOT_OPENED
SH001,REC-SH001-202601-0181,2026-01-19,330.00,308.41,21.59,,,SKIPPED,PERIOD_NOT_OPENED
SH028,REC-SH028-202601-0057,2026-01-19,220.00,205.61,14.39,,,SKIPPED,PERIOD_NOT_OPENED
SH006,REC-SH006-202601-0258,2026-01-19,320.00,299.07,20.93,,,SKIPPED,PERIOD_NOT_OPENED
SH025,REC-SH025-202601-0192,2026-01-19,80.00,74.77,5.23,,,SKIPPED,PERIOD_NOT_OPENED
SH001,REC-SH001-202601-0182,2026-01-19,120.00,112.15,7.85,,,SKIPPED,PERIOD_NOT_OPENED
SH001,REC-SH001-202601-0183,2026-01-19,330.00,308.41,21.59,,,SKIPPED,PERIOD_NOT_OPENED
SH001,REC-SH001-202601-0184,2026-01-19,120.00,112.15,7.85,,,SKIPPED,PERIOD_NOT_OPENED
SH006,REC-SH006-202601-0259,2026-01-19,380.00,355.14,24.86,,,SKIPPED,PERIOD_NOT_OPENED
SH006,REC-SH006-202601-0260,2026-01-19,120.00,112.15,7.85,,,SKIPPED,PERIOD_NOT_OPENED
SH006,REC-SH006-202601-0261,2026-01-19,120.00,112.15,7.85,,,SKIPPED,PERIOD_NOT_OPENED
SH028,REC-SH028-202601-0058,2026-01-19,610.00,570.09,39.91,,,SKIPPED,PERIOD_NOT_OPENED
SH001,REC-SH001-202601-0185,2026-01-20,1380.00,1289.72,90.28,,,SKIPPED,PERIOD_NOT_OPENED
SH001,REC-SH001-202601-0186,2026-01-20,80.00,74.77,5.23,,,SKIPPED,PERIOD_NOT_OPENED
SH026,REC-SH026-202601-0170,2026-01-20,200.00,186.92,13.08,,,SKIPPED,PERIOD_NOT_OPENED
SH012,REC-SH012-202601-0182,2026-01-20,580.00,542.06,37.94,,,SKIPPED,PERIOD_NOT_OPENED
SH012,REC-SH012-202601-0183,2026-01-20,580.00,542.06,37.94,,,SKIPPED,PERIOD_NOT_OPENED
SH012,REC-SH012-202601-0184,2026-01-20,240.00,224.30,15.70,,,SKIPPED,PERIOD_NOT_OPENED
SH012,REC-SH012-202601-0185,2026-01-20,580.00,542.06,37.94,,,SKIPPED,PERIOD_NOT_OPENED
SH012,REC-SH012-202601-0186,2026-01-20,80.00,74.77,5.23,,,SKIPPED,PERIOD_NOT_OPENED
SH010,REC-SH010-202601-0205,2026-01-20,160.00,149.53,10.47,,,SKIPPED,PERIOD_NOT_OPENED
SH001,REC-SH001-202601-0187,2026-01-20,1320.00,1233.64,86.36,,,SKIPPED,PERIOD_NOT_OPENED
SH025,REC-SH025-202601-0193,2026-01-20,330.00,308.41,21.59,,,SKIPPED,PERIOD_NOT_OPENED
SH012,REC-SH012-202601-0187,2026-01-20,80.00,74.77,5.23,,,SKIPPED,PERIOD_NOT_OPENED
SH026,REC-SH026-202601-0171,2026-01-20,120.00,112.15,7.85,,,SKIPPED,PERIOD_NOT_OPENED
SH006,REC-SH006-202601-0262,2026-01-20,310.00,289.72,20.28,,,SKIPPED,PERIOD_NOT_OPENED
SH012,REC-SH012-202601-0188,2026-01-20,650.00,607.48,42.52,,,SKIPPED,PERIOD_NOT_OPENED
SH010,REC-SH010-202601-0206,2026-01-20,330.00,308.41,21.59,,,SKIPPED,PERIOD_NOT_OPENED
SH006,REC-SH006-202601-0263,2026-01-20,3290.00,3074.77,215.23,,,SKIPPED,PERIOD_NOT_OPENED
SH010,REC-SH010-202601-0207,2026-01-20,60.00,56.07,3.93,,,SKIPPED,PERIOD_NOT_OPENED
SH006,REC-SH006-202601-0264,2026-01-20,80.00,74.77,5.23,,,SKIPPED,PERIOD_NOT_OPENED
SH012,REC-SH012-202601-0189,2026-01-20,580.00,542.06,37.94,,,SKIPPED,PERIOD_NOT_OPENED
SH006,REC-SH006-202601-0265,2026-01-20,240.00,224.30,15.70,,,SKIPPED,PERIOD_NOT_OPENED
SH028,REC-SH028-202601-0059,2026-01-20,1250.00,1168.22,81.78,,,SKIPPED,PERIOD_NOT_OPENED
SH006,REC-SH006-202601-0266,2026-01-20,60.00,56.07,3.93,,,SKIPPED,PERIOD_NOT_OPENED
SH012,REC-SH012-202601-0190,2026-01-20,80.00,74.77,5.23,,,SKIPPED,PERIOD_NOT_OPENED
SH001,REC-SH001-202601-0188,2026-01-20,1580.00,1476.64,103.36,,,SKIPPED,PERIOD_NOT_OPENED
SH026,REC-SH026-202601-0172,2026-01-20,460.00,429.91,30.09,,,SKIPPED,PERIOD_NOT_OPENED
SH006,REC-SH006-202601-0267,2026-01-20,180.00,168.22,11.78,,,SKIPPED,PERIOD_NOT_OPENED
SH010,REC-SH010-202601-0208,2026-01-20,1380.00,1289.72,90.28,,,SKIPPED,PERIOD_NOT_OPENED
SH010,REC-SH010-202601-0209,2026-01-20,80.00,74.77,5.23,,,SKIPPED,PERIOD_NOT_OPENED
SH025,REC-SH025-202601-0194,2026-01-20,330.00,308.41,21.59,,,SKIPPED,PERIOD_NOT_OPENED
SH025,REC-SH025-202601-0195,2026-01-20,330.00,308.41,21.59,,,SKIPPED,PERIOD_NOT_OPENED
SH012,REC-SH012-202601-0191,2026-01-20,100.00,93.46,6.54,,,SKIPPED,PERIOD_NOT_OPENED
SH025,REC-SH025-202601-0196,2026-01-20,160.00,149.53,10.47,,,SKIPPED,PERIOD_NOT_OPENED
SH001,REC-SH001-202601-0189,2026-01-20,6250.00,5841.12,408.88,,,SKIPPED,PERIOD_NOT_OPENED
SH006,REC-SH006-202601-0268,2026-01-20,1600.00,1495.33,104.67,,,SKIPPED,PERIOD_NOT_OPENED
SH001,REC-SH001-202601-0190,2026-01-20,1580.00,1476.64,103.36,,,SKIPPED,PERIOD_NOT_OPENED
SH010,REC-SH010-202601-0210,2026-01-20,660.00,616.82,43.18,,,SKIPPED,PERIOD_NOT_OPENED
SH026,REC-SH026-202601-0173,2026-01-20,120.00,112.15,7.85,,,SKIPPED,PERIOD_NOT_OPENED
SH010,REC-SH010-202601-0211,2026-01-20,160.00,149.53,10.47,,,SKIPPED,PERIOD_NOT_OPENED
SH010,REC-SH010-202601-0212,2026-01-20,460.00,429.91,30.09,,,SKIPPED,PERIOD_NOT_OPENED
SH025,REC-SH025-202601-0197,2026-01-20,330.00,308.41,21.59,,,SKIPPED,PERIOD_NOT_OPENED
SH012,REC-SH012-202601-0192,2026-01-20,2460.00,2299.07,160.93,,,SKIPPED,PERIOD_NOT_OPENED
SH006,REC-SH006-202601-0269,2026-01-20,290.00,271.03,18.97,,,SKIPPED,PERIOD_NOT_OPENED
SH006,REC-SH006-202601-0270,2026-01-20,330.00,308.41,21.59,,,SKIPPED,PERIOD_NOT_OPENED
SH010,REC-SH010-202601-0213,2026-01-20,1230.00,1149.53,80.47,,,SKIPPED,PERIOD_NOT_OPENED
SH012,REC-SH012-202601-0193,2026-01-20,240.00,224.30,15.70,,,SKIPPED,PERIOD_NOT_OPENED
SH006,REC-SH006-202601-0271,2026-01-20,1320.00,1233.64,86.36,,,SKIPPED,PERIOD_NOT_OPENED
SH024,REC-SH024-202601-0115,2026-01-20,120.00,112.15,7.85,,,SKIPPED,PERIOD_NOT_OPENED
SH024,REC-SH024-202601-0116,2026-01-20,80.00,74.77,5.23,,,SKIPPED,PERIOD_NOT_OPENED
SH001,REC-SH001-202601-0191,2026-01-20,1380.00,1289.72,90.28,,,SKIPPED,PERIOD_NOT_OPENED
SH025,REC-SH025-202601-0198,2026-01-20,310.00,289.72,20.28,,,SKIPPED,PERIOD_NOT_OPENED
SH006,REC-SH006-202601-0272,2026-01-20,700.00,654.21,45.79,,,SKIPPED,PERIOD_NOT_OPENED
SH006,REC-SH006-202601-0273,2026-01-20,100.00,93.46,6.54,,,SKIPPED,PERIOD_NOT_OPENED
SH010,REC-SH010-202601-0214,2026-01-20,3750.00,3504.67,245.33,,,SKIPPED,PERIOD_NOT_OPENED
SH025,REC-SH025-202601-0199,2026-01-20,300.00,280.37,19.63,,,SKIPPED,PERIOD_NOT_OPENED
SH024,REC-SH024-202601-0117,2026-01-20,460.00,429.91,30.09,,,SKIPPED,PERIOD_NOT_OPENED
SH012,REC-SH012-202601-0194,2026-01-20,80.00,74.77,5.23,,,SKIPPED,PERIOD_NOT_OPENED
SH010,REC-SH010-202601-0215,2026-01-20,240.00,224.30,15.70,,,SKIPPED,PERIOD_NOT_OPENED
SH012,REC-SH012-202601-0195,2026-01-20,240.00,224.30,15.70,,,SKIPPED,PERIOD_NOT_OPENED
SH024,REC-SH024-202601-0118,2026-01-20,410.00,383.18,26.82,,,SKIPPED,PERIOD_NOT_OPENED
SH012,REC-SH012-202601-0196,2026-01-20,990.00,925.23,64.77,,,SKIPPED,PERIOD_NOT_OPENED
SH012,REC-SH012-202601-0197,2026-01-20,360.00,336.45,23.55,,,SKIPPED,PERIOD_NOT_OPENED
SH010,REC-SH010-202601-0216,2026-01-20,1360.00,1271.03,88.97,,,SKIPPED,PERIOD_NOT_OPENED
SH001,REC-SH001-202601-0192,2026-01-21,1230.00,1149.53,80.47,,,SKIPPED,PERIOD_NOT_OPENED
SH024,REC-SH024-202601-0119,2026-01-21,120.00,112.15,7.85,,,SKIPPED,PERIOD_NOT_OPENED
SH024,REC-SH024-202601-0120,2026-01-21,3160.00,2953.27,206.73,,,SKIPPED,PERIOD_NOT_OPENED
SH024,REC-SH024-202601-0121,2026-01-21,120.00,112.15,7.85,,,SKIPPED,PERIOD_NOT_OPENED
SH001,REC-SH001-202601-0193,2026-01-21,1320.00,1233.64,86.36,,,SKIPPED,PERIOD_NOT_OPENED
SH012,REC-SH012-202601-0198,2026-01-21,80.00,74.77,5.23,,,SKIPPED,PERIOD_NOT_OPENED
SH001,REC-SH001-202601-0194,2026-01-21,600.00,560.75,39.25,,,SKIPPED,PERIOD_NOT_OPENED
SH012,REC-SH012-202601-0199,2026-01-21,240.00,224.30,15.70,,,SKIPPED,PERIOD_NOT_OPENED
SH026,REC-SH026-202601-0174,2026-01-21,80.00,74.77,5.23,,,SKIPPED,PERIOD_NOT_OPENED
SH025,REC-SH025-202601-0200,2026-01-21,160.00,149.53,10.47,,,SKIPPED,PERIOD_NOT_OPENED
SH001,REC-SH001-202601-0195,2026-01-21,330.00,308.41,21.59,,,SKIPPED,PERIOD_NOT_OPENED
SH025,REC-SH025-202601-0201,2026-01-21,650.00,607.48,42.52,,,SKIPPED,PERIOD_NOT_OPENED
SH024,REC-SH024-202601-0122,2026-01-21,160.00,149.53,10.47,,,SKIPPED,PERIOD_NOT_OPENED
SH010,REC-SH010-202601-0217,2026-01-21,2760.00,2579.44,180.56,,,SKIPPED,PERIOD_NOT_OPENED
SH028,REC-SH028-202601-0060,2026-01-21,1580.00,1476.64,103.36,,,SKIPPED,PERIOD_NOT_OPENED
SH001,REC-SH001-202601-0196,2026-01-21,60.00,56.07,3.93,,,SKIPPED,PERIOD_NOT_OPENED
SH001,REC-SH001-202601-0197,2026-01-21,120.00,112.15,7.85,,,SKIPPED,PERIOD_NOT_OPENED
SH012,REC-SH012-202601-0200,2026-01-21,700.00,654.21,45.79,,,SKIPPED,PERIOD_NOT_OPENED
SH026,REC-SH026-202601-0175,2026-01-21,660.00,616.82,43.18,,,SKIPPED,PERIOD_NOT_OPENED
SH001,REC-SH001-202601-0198,2026-01-21,1380.00,1289.72,90.28,,,SKIPPED,PERIOD_NOT_OPENED
SH006,REC-SH006-202601-0274,2026-01-21,650.00,607.48,42.52,,,SKIPPED,PERIOD_NOT_OPENED
SH006,REC-SH006-202601-0275,2026-01-21,1320.00,1233.64,86.36,,,SKIPPED,PERIOD_NOT_OPENED
SH006,REC-SH006-202601-0276,2026-01-21,60.00,56.07,3.93,,,SKIPPED,PERIOD_NOT_OPENED
SH025,REC-SH025-202601-0202,2026-01-21,450.00,420.56,29.44,,,SKIPPED,PERIOD_NOT_OPENED
SH010,REC-SH010-202601-0218,2026-01-21,330.00,308.41,21.59,,,SKIPPED,PERIOD_NOT_OPENED
SH025,REC-SH025-202601-0203,2026-01-21,460.00,429.91,30.09,,,SKIPPED,PERIOD_NOT_OPENED
SH026,REC-SH026-202601-0176,2026-01-21,80.00,74.77,5.23,,,SKIPPED,PERIOD_NOT_OPENED
SH006,REC-SH006-202601-0277,2026-01-21,1970.00,1841.12,128.88,,,SKIPPED,PERIOD_NOT_OPENED
SH028,REC-SH028-202601-0061,2026-01-21,3160.00,2953.27,206.73,,,SKIPPED,PERIOD_NOT_OPENED
SH001,REC-SH001-202601-0199,2026-01-21,330.00,308.41,21.59,,,SKIPPED,PERIOD_NOT_OPENED
SH025,REC-SH025-202601-0204,2026-01-21,1140.00,1065.42,74.58,,,SKIPPED,PERIOD_NOT_OPENED
SH001,REC-SH001-202601-0200,2026-01-21,220.00,205.61,14.39,,,SKIPPED,PERIOD_NOT_OPENED
SH024,REC-SH024-202601-0123,2026-01-21,240.00,224.30,15.70,,,SKIPPED,PERIOD_NOT_OPENED
SH012,REC-SH012-202601-0201,2026-01-21,120.00,112.15,7.85,,,SKIPPED,PERIOD_NOT_OPENED
SH024,REC-SH024-202601-0124,2026-01-21,240.00,224.30,15.70,,,SKIPPED,PERIOD_NOT_OPENED
SH001,REC-SH001-202601-0201,2026-01-21,1560.00,1457.94,102.06,,,SKIPPED,PERIOD_NOT_OPENED
SH010,REC-SH010-202601-0219,2026-01-21,840.00,785.05,54.95,,,SKIPPED,PERIOD_NOT_OPENED
SH012,REC-SH012-202601-0202,2026-01-21,1760.00,1644.86,115.14,,,SKIPPED,PERIOD_NOT_OPENED
SH006,REC-SH006-202601-0278,2026-01-21,120.00,112.15,7.85,,,SKIPPED,PERIOD_NOT_OPENED
SH001,REC-SH001-202601-0202,2026-01-21,120.00,112.15,7.85,,,SKIPPED,PERIOD_NOT_OPENED
SH030,REC-SH030-202601-0026,2026-01-21,640.00,598.13,41.87,,,SKIPPED,PERIOD_NOT_OPENED
SH006,REC-SH006-202601-0279,2026-01-21,160.00,149.53,10.47,,,SKIPPED,PERIOD_NOT_OPENED
SH012,REC-SH012-202601-0203,2026-01-21,240.00,224.30,15.70,,,SKIPPED,PERIOD_NOT_OPENED
SH006,REC-SH006-202601-0280,2026-01-21,325.00,303.74,21.26,,,SKIPPED,PERIOD_NOT_OPENED
SH006,REC-SH006-202601-0281,2026-01-21,1880.00,1757.01,122.99,,,SKIPPED,PERIOD_NOT_OPENED
SH026,REC-SH026-202601-0177,2026-01-21,80.00,74.77,5.23,,,SKIPPED,PERIOD_NOT_OPENED
SH001,REC-SH001-202601-0203,2026-01-21,1710.00,1598.13,111.87,,,SKIPPED,PERIOD_NOT_OPENED
SH012,REC-SH012-202601-0204,2026-01-21,80.00,74.77,5.23,,,SKIPPED,PERIOD_NOT_OPENED
SH001,REC-SH001-202601-0204,2026-01-21,500.00,467.29,32.71,,,SKIPPED,PERIOD_NOT_OPENED
SH024,REC-SH024-202601-0125,2026-01-21,240.00,224.30,15.70,,,SKIPPED,PERIOD_NOT_OPENED
SH012,REC-SH012-202601-0205,2026-01-21,580.00,542.06,37.94,,,SKIPPED,PERIOD_NOT_OPENED
SH006,REC-SH006-202601-0282,2026-01-21,240.00,224.30,15.70,,,SKIPPED,PERIOD_NOT_OPENED
SH026,REC-SH026-202601-0178,2026-01-21,80.00,74.77,5.23,,,SKIPPED,PERIOD_NOT_OPENED
SH025,REC-SH025-202601-0205,2026-01-21,80.00,74.77,5.23,,,SKIPPED,PERIOD_NOT_OPENED
SH024,REC-SH024-202601-0126,2026-01-21,120.00,112.15,7.85,,,SKIPPED,PERIOD_NOT_OPENED
SH025,REC-SH025-202601-0206,2026-01-21,1320.00,1233.64,86.36,,,SKIPPED,PERIOD_NOT_OPENED
SH006,REC-SH006-202601-0283,2026-01-21,420.00,392.52,27.48,,,SKIPPED,PERIOD_NOT_OPENED
SH024,REC-SH024-202601-0127,2026-01-21,660.00,616.82,43.18,,,SKIPPED,PERIOD_NOT_OPENED
SH026,REC-SH026-202601-0179,2026-01-21,280.00,261.68,18.32,,,SKIPPED,PERIOD_NOT_OPENED
SH006,REC-SH006-202601-0284,2026-01-21,240.00,224.30,15.70,,,SKIPPED,PERIOD_NOT_OPENED
SH026,REC-SH026-202601-0180,2026-01-21,160.00,149.53,10.47,,,SKIPPED,PERIOD_NOT_OPENED
SH006,REC-SH006-202601-0285,2026-01-21,160.00,149.53,10.47,,,SKIPPED,PERIOD_NOT_OPENED
SH001,REC-SH001-202601-0205,2026-01-21,1380.00,1289.72,90.28,,,SKIPPED,PERIOD_NOT_OPENED
SH026,REC-SH026-202601-0181,2026-01-21,330.00,308.41,21.59,,,SKIPPED,PERIOD_NOT_OPENED
SH025,REC-SH025-202601-0207,2026-01-21,659.00,615.89,43.11,,,SKIPPED,PERIOD_NOT_OPENED
SH025,REC-SH025-202601-0208,2026-01-21,100.00,93.46,6.54,,,SKIPPED,PERIOD_NOT_OPENED
SH010,REC-SH010-202601-0220,2026-01-22,220.00,205.61,14.39,,,SKIPPED,PERIOD_NOT_OPENED
SH001,REC-SH001-202601-0206,2026-01-22,1580.00,1476.64,103.36,,,SKIPPED,PERIOD_NOT_OPENED
SH028,REC-SH028-202601-0062,2026-01-22,220.00,205.61,14.39,,,SKIPPED,PERIOD_NOT_OPENED
SH012,REC-SH012-202601-0206,2026-01-22,160.00,149.53,10.47,,,SKIPPED,PERIOD_NOT_OPENED
SH026,REC-SH026-202601-0182,2026-01-22,580.00,542.06,37.94,,,SKIPPED,PERIOD_NOT_OPENED
SH030,REC-SH030-202601-0027,2026-01-22,580.00,542.06,37.94,,,SKIPPED,PERIOD_NOT_OPENED
SH006,REC-SH006-202601-0286,2026-01-22,1970.00,1841.12,128.88,,,SKIPPED,PERIOD_NOT_OPENED
SH001,REC-SH001-202601-0207,2026-01-22,1380.00,1289.72,90.28,,,SKIPPED,PERIOD_NOT_OPENED
SH012,REC-SH012-202601-0207,2026-01-22,350.00,327.10,22.90,,,SKIPPED,PERIOD_NOT_OPENED
SH028,REC-SH028-202601-0063,2026-01-22,1920.00,1794.39,125.61,,,SKIPPED,PERIOD_NOT_OPENED
SH001,REC-SH001-202601-0208,2026-01-22,460.00,429.91,30.09,,,SKIPPED,PERIOD_NOT_OPENED
SH012,REC-SH012-202601-0208,2026-01-22,580.00,542.06,37.94,,,SKIPPED,PERIOD_NOT_OPENED
SH010,REC-SH010-202601-0221,2026-01-22,330.00,308.41,21.59,,,SKIPPED,PERIOD_NOT_OPENED
SH006,REC-SH006-202601-0287,2026-01-22,1320.00,1233.64,86.36,,,SKIPPED,PERIOD_NOT_OPENED
SH001,REC-SH001-202601-0209,2026-01-22,220.00,205.61,14.39,,,SKIPPED,PERIOD_NOT_OPENED
SH012,REC-SH012-202601-0209,2026-01-22,130.00,121.50,8.50,,,SKIPPED,PERIOD_NOT_OPENED
SH012,REC-SH012-202601-0210,2026-01-22,580.00,542.06,37.94,,,SKIPPED,PERIOD_NOT_OPENED
SH026,REC-SH026-202601-0183,2026-01-22,120.00,112.15,7.85,,,SKIPPED,PERIOD_NOT_OPENED
SH025,REC-SH025-202601-0209,2026-01-22,60.00,56.07,3.93,,,SKIPPED,PERIOD_NOT_OPENED
SH026,REC-SH026-202601-0184,2026-01-22,130.00,121.50,8.50,,,SKIPPED,PERIOD_NOT_OPENED
SH024,REC-SH024-202601-0128,2026-01-22,1200.00,1121.50,78.50,,,SKIPPED,PERIOD_NOT_OPENED
SH026,REC-SH026-202601-0185,2026-01-22,190.00,177.57,12.43,,,SKIPPED,PERIOD_NOT_OPENED
SH026,REC-SH026-202601-0186,2026-01-22,80.00,74.77,5.23,,,SKIPPED,PERIOD_NOT_OPENED
SH006,REC-SH006-202601-0288,2026-01-22,240.00,224.30,15.70,,,SKIPPED,PERIOD_NOT_OPENED
SH006,REC-SH006-202601-0289,2026-01-22,80.00,74.77,5.23,,,SKIPPED,PERIOD_NOT_OPENED
SH006,REC-SH006-202601-0290,2026-01-22,130.00,121.50,8.50,,,SKIPPED,PERIOD_NOT_OPENED
SH006,REC-SH006-202601-0291,2026-01-22,150.00,140.19,9.81,,,SKIPPED,PERIOD_NOT_OPENED
SH010,REC-SH010-202601-0222,2026-01-22,1320.00,1233.64,86.36,,,SKIPPED,PERIOD_NOT_OPENED
SH001,REC-SH001-202601-0210,2026-01-22,1560.00,1457.94,102.06,,,SKIPPED,PERIOD_NOT_OPENED
SH024,REC-SH024-202601-0129,2026-01-22,160.00,149.53,10.47,,,SKIPPED,PERIOD_NOT_OPENED
SH024,REC-SH024-202601-0130,2026-01-22,240.00,224.30,15.70,,,SKIPPED,PERIOD_NOT_OPENED
SH012,REC-SH012-202601-0211,2026-01-22,80.00,74.77,5.23,,,SKIPPED,PERIOD_NOT_OPENED
SH024,REC-SH024-202601-0131,2026-01-22,190.00,177.57,12.43,,,SKIPPED,PERIOD_NOT_OPENED
SH025,REC-SH025-202601-0210,2026-01-22,60.00,56.07,3.93,,,SKIPPED,PERIOD_NOT_OPENED
SH010,REC-SH010-202601-0223,2026-01-22,240.00,224.30,15.70,,,SKIPPED,PERIOD_NOT_OPENED
SH026,REC-SH026-202601-0187,2026-01-22,280.00,261.68,18.32,,,SKIPPED,PERIOD_NOT_OPENED
SH012,REC-SH012-202601-0212,2026-01-22,600.00,560.75,39.25,,,SKIPPED,PERIOD_NOT_OPENED
SH026,REC-SH026-202601-0188,2026-01-22,660.00,616.82,43.18,,,SKIPPED,PERIOD_NOT_OPENED
SH010,REC-SH010-202601-0224,2026-01-22,330.00,308.41,21.59,,,SKIPPED,PERIOD_NOT_OPENED
SH024,REC-SH024-202601-0132,2026-01-22,580.00,542.06,37.94,,,SKIPPED,PERIOD_NOT_OPENED
SH025,REC-SH025-202601-0211,2026-01-22,60.00,56.07,3.93,,,SKIPPED,PERIOD_NOT_OPENED
SH012,REC-SH012-202601-0213,2026-01-22,80.00,74.77,5.23,,,SKIPPED,PERIOD_NOT_OPENED
SH006,REC-SH006-202601-0292,2026-01-22,330.00,308.41,21.59,,,SKIPPED,PERIOD_NOT_OPENED
SH006,REC-SH006-202601-0293,2026-01-22,580.00,542.06,37.94,,,SKIPPED,PERIOD_NOT_OPENED
SH010,REC-SH010-202601-0225,2026-01-22,380.00,355.14,24.86,,,SKIPPED,PERIOD_NOT_OPENED
SH012,REC-SH012-202601-0214,2026-01-22,360.00,336.45,23.55,,,SKIPPED,PERIOD_NOT_OPENED
SH001,REC-SH001-202601-0211,2026-01-22,6250.00,5841.12,408.88,,,SKIPPED,PERIOD_NOT_OPENED
SH012,REC-SH012-202601-0215,2026-01-22,1360.00,1271.03,88.97,,,SKIPPED,PERIOD_NOT_OPENED
SH025,REC-SH025-202601-0212,2026-01-22,330.00,308.41,21.59,,,SKIPPED,PERIOD_NOT_OPENED
SH025,REC-SH025-202601-0213,2026-01-22,60.00,56.07,3.93,,,SKIPPED,PERIOD_NOT_OPENED
SH025,REC-SH025-202601-0214,2026-01-22,80.00,74.77,5.23,,,SKIPPED,PERIOD_NOT_OPENED
SH010,REC-SH010-202601-0226,2026-01-22,80.00,74.77,5.23,,,SKIPPED,PERIOD_NOT_OPENED
SH006,REC-SH006-202601-0294,2026-01-22,120.00,112.15,7.85,,,SKIPPED,PERIOD_NOT_OPENED
SH001,REC-SH001-202601-0212,2026-01-22,80.00,74.77,5.23,,,SKIPPED,PERIOD_NOT_OPENED
SH024,REC-SH024-202601-0133,2026-01-22,120.00,112.15,7.85,,,SKIPPED,PERIOD_NOT_OPENED
SH010,REC-SH010-202601-0227,2026-01-22,160.00,149.53,10.47,,,SKIPPED,PERIOD_NOT_OPENED
SH010,REC-SH010-202601-0228,2026-01-22,410.00,383.18,26.82,,,SKIPPED,PERIOD_NOT_OPENED
SH025,REC-SH025-202601-0215,2026-01-22,1230.00,1149.53,80.47,,,SKIPPED,PERIOD_NOT_OPENED
SH030,REC-SH030-202601-0028,2026-01-22,330.00,308.41,21.59,,,SKIPPED,PERIOD_NOT_OPENED
SH006,REC-SH006-202601-0295,2026-01-22,120.00,112.15,7.85,,,SKIPPED,PERIOD_NOT_OPENED
SH025,REC-SH025-202601-0216,2026-01-22,100.00,93.46,6.54,,,SKIPPED,PERIOD_NOT_OPENED
SH006,REC-SH006-202601-0296,2026-01-22,200.00,186.92,13.08,,,SKIPPED,PERIOD_NOT_OPENED
SH010,REC-SH010-202601-0229,2026-01-23,100.00,93.46,6.54,,,SKIPPED,PERIOD_NOT_OPENED
SH001,REC-SH001-202601-0213,2026-01-23,130.00,121.50,8.50,,,SKIPPED,PERIOD_NOT_OPENED
SH001,REC-SH001-202601-0214,2026-01-23,990.00,925.23,64.77,,,SKIPPED,PERIOD_NOT_OPENED
SH028,REC-SH028-202601-0064,2026-01-23,120.00,112.15,7.85,,,SKIPPED,PERIOD_NOT_OPENED
SH006,REC-SH006-202601-0297,2026-01-23,600.00,560.75,39.25,,,SKIPPED,PERIOD_NOT_OPENED
SH010,REC-SH010-202601-0230,2026-01-23,80.00,74.77,5.23,,,SKIPPED,PERIOD_NOT_OPENED
SH028,REC-SH028-202601-0065,2026-01-23,160.00,149.53,10.47,,,SKIPPED,PERIOD_NOT_OPENED
SH006,REC-SH006-202601-0298,2026-01-23,310.00,289.72,20.28,,,SKIPPED,PERIOD_NOT_OPENED
SH010,REC-SH010-202601-0231,2026-01-23,1580.00,1476.64,103.36,,,SKIPPED,PERIOD_NOT_OPENED
SH010,REC-SH010-202601-0232,2026-01-23,460.00,429.91,30.09,,,SKIPPED,PERIOD_NOT_OPENED
SH001,REC-SH001-202601-0215,2026-01-23,660.00,616.82,43.18,,,SKIPPED,PERIOD_NOT_OPENED
SH001,REC-SH001-202601-0216,2026-01-23,1320.00,1233.64,86.36,,,SKIPPED,PERIOD_NOT_OPENED
SH001,REC-SH001-202601-0217,2026-01-23,1780.00,1663.55,116.45,,,SKIPPED,PERIOD_NOT_OPENED
SH001,REC-SH001-202601-0218,2026-01-23,650.00,607.48,42.52,,,SKIPPED,PERIOD_NOT_OPENED
SH010,REC-SH010-202601-0233,2026-01-23,80.00,74.77,5.23,,,SKIPPED,PERIOD_NOT_OPENED
SH026,REC-SH026-202601-0189,2026-01-23,120.00,112.15,7.85,,,SKIPPED,PERIOD_NOT_OPENED
SH028,REC-SH028-202601-0066,2026-01-23,120.00,112.15,7.85,,,SKIPPED,PERIOD_NOT_OPENED
SH025,REC-SH025-202601-0217,2026-01-23,80.00,74.77,5.23,,,SKIPPED,PERIOD_NOT_OPENED
SH006,REC-SH006-202601-0299,2026-01-23,240.00,224.30,15.70,,,SKIPPED,PERIOD_NOT_OPENED
SH028,REC-SH028-202601-0067,2026-01-23,220.00,205.61,14.39,,,SKIPPED,PERIOD_NOT_OPENED
SH028,REC-SH028-202601-0068,2026-01-23,1560.00,1457.94,102.06,,,SKIPPED,PERIOD_NOT_OPENED
SH001,REC-SH001-202601-0219,2026-01-23,120.00,112.15,7.85,,,SKIPPED,PERIOD_NOT_OPENED
SH001,REC-SH001-202601-0220,2026-01-23,80.00,74.77,5.23,,,SKIPPED,PERIOD_NOT_OPENED
SH025,REC-SH025-202601-0218,2026-01-23,680.00,635.51,44.49,,,SKIPPED,PERIOD_NOT_OPENED
SH026,REC-SH026-202601-0190,2026-01-23,120.00,112.15,7.85,,,SKIPPED,PERIOD_NOT_OPENED
SH012,REC-SH012-202601-0216,2026-01-23,1320.00,1233.64,86.36,,,SKIPPED,PERIOD_NOT_OPENED
SH026,REC-SH026-202601-0191,2026-01-23,2500.00,2336.45,163.55,,,SKIPPED,PERIOD_NOT_OPENED
SH001,REC-SH001-202601-0221,2026-01-23,330.00,308.41,21.59,,,SKIPPED,PERIOD_NOT_OPENED
SH012,REC-SH012-202601-0217,2026-01-23,330.00,308.41,21.59,,,SKIPPED,PERIOD_NOT_OPENED
SH010,REC-SH010-202601-0234,2026-01-23,660.00,616.82,43.18,,,SKIPPED,PERIOD_NOT_OPENED
SH006,REC-SH006-202601-0300,2026-01-23,1650.00,1542.06,107.94,,,SKIPPED,PERIOD_NOT_OPENED
SH010,REC-SH010-202601-0235,2026-01-23,120.00,112.15,7.85,,,SKIPPED,PERIOD_NOT_OPENED
SH024,REC-SH024-202601-0134,2026-01-23,330.00,308.41,21.59,,,SKIPPED,PERIOD_NOT_OPENED
SH012,REC-SH012-202601-0218,2026-01-23,160.00,149.53,10.47,,,SKIPPED,PERIOD_NOT_OPENED
SH010,REC-SH010-202601-0236,2026-01-23,280.00,261.68,18.32,,,SKIPPED,PERIOD_NOT_OPENED
SH012,REC-SH012-202601-0219,2026-01-23,80.00,74.77,5.23,,,SKIPPED,PERIOD_NOT_OPENED
SH024,REC-SH024-202601-0135,2026-01-23,660.00,616.82,43.18,,,SKIPPED,PERIOD_NOT_OPENED
SH006,REC-SH006-202601-0301,2026-01-23,1320.00,1233.64,86.36,,,SKIPPED,PERIOD_NOT_OPENED
SH001,REC-SH001-202601-0222,2026-01-23,80.00,74.77,5.23,,,SKIPPED,PERIOD_NOT_OPENED
SH026,REC-SH026-202601-0192,2026-01-23,2500.00,2336.45,163.55,,,SKIPPED,PERIOD_NOT_OPENED
SH025,REC-SH025-202601-0219,2026-01-23,1840.00,1719.63,120.37,,,SKIPPED,PERIOD_NOT_OPENED
SH006,REC-SH006-202601-0302,2026-01-23,120.00,112.15,7.85,,,SKIPPED,PERIOD_NOT_OPENED
SH026,REC-SH026-202601-0193,2026-01-23,160.00,149.53,10.47,,,SKIPPED,PERIOD_NOT_OPENED
SH001,REC-SH001-202601-0223,2026-01-23,1580.00,1476.64,103.36,,,SKIPPED,PERIOD_NOT_OPENED
SH025,REC-SH025-202601-0220,2026-01-23,190.00,177.57,12.43,,,SKIPPED,PERIOD_NOT_OPENED
SH026,REC-SH026-202601-0194,2026-01-23,120.00,112.15,7.85,,,SKIPPED,PERIOD_NOT_OPENED
SH025,REC-SH025-202601-0221,2026-01-23,1560.00,1457.94,102.06,,,SKIPPED,PERIOD_NOT_OPENED
SH006,REC-SH006-202601-0303,2026-01-23,725.00,677.57,47.43,,,SKIPPED,PERIOD_NOT_OPENED
SH001,REC-SH001-202601-0224,2026-01-23,1250.00,1168.22,81.78,,,SKIPPED,PERIOD_NOT_OPENED
SH012,REC-SH012-202601-0220,2026-01-23,1320.00,1233.64,86.36,,,SKIPPED,PERIOD_NOT_OPENED
SH026,REC-SH026-202601-0195,2026-01-23,460.00,429.91,30.09,,,SKIPPED,PERIOD_NOT_OPENED
SH010,REC-SH010-202601-0237,2026-01-23,120.00,112.15,7.85,,,SKIPPED,PERIOD_NOT_OPENED
SH028,REC-SH028-202601-0069,2026-01-23,1580.00,1476.64,103.36,,,SKIPPED,PERIOD_NOT_OPENED
SH006,REC-SH006-202601-0304,2026-01-23,160.00,149.53,10.47,,,SKIPPED,PERIOD_NOT_OPENED
SH006,REC-SH006-202601-0305,2026-01-23,325.00,303.74,21.26,,,SKIPPED,PERIOD_NOT_OPENED
SH010,REC-SH010-202601-0238,2026-01-23,120.00,112.15,7.85,,,SKIPPED,PERIOD_NOT_OPENED
SH010,REC-SH010-202601-0239,2026-01-23,80.00,74.77,5.23,,,SKIPPED,PERIOD_NOT_OPENED
SH012,REC-SH012-202601-0221,2026-01-23,580.00,542.06,37.94,,,SKIPPED,PERIOD_NOT_OPENED
SH026,REC-SH026-202601-0196,2026-01-23,120.00,112.15,7.85,,,SKIPPED,PERIOD_NOT_OPENED
SH024,REC-SH024-202601-0136,2026-01-23,920.00,859.81,60.19,,,SKIPPED,PERIOD_NOT_OPENED
SH024,REC-SH024-202601-0137,2026-01-23,1510.00,1411.21,98.79,,,SKIPPED,PERIOD_NOT_OPENED
SH024,REC-SH024-202601-0138,2026-01-23,100.00,93.46,6.54,,,SKIPPED,PERIOD_NOT_OPENED
SH024,REC-SH024-202601-0139,2026-01-23,60.00,56.07,3.93,,,SKIPPED,PERIOD_NOT_OPENED
SH024,REC-SH024-202601-0140,2026-01-23,1200.00,1121.50,78.50,,,SKIPPED,PERIOD_NOT_OPENED
SH001,REC-SH001-202601-0225,2026-01-23,380.00,355.14,24.86,,,SKIPPED,PERIOD_NOT_OPENED
SH026,REC-SH026-202601-0197,2026-01-24,300.00,280.37,19.63,,,SKIPPED,PERIOD_NOT_OPENED
SH010,REC-SH010-202601-0240,2026-01-24,410.00,383.18,26.82,,,SKIPPED,PERIOD_NOT_OPENED
SH010,REC-SH010-202601-0241,2026-01-24,80.00,74.77,5.23,,,SKIPPED,PERIOD_NOT_OPENED
SH006,REC-SH006-202601-0306,2026-01-24,1055.00,985.98,69.02,,,SKIPPED,PERIOD_NOT_OPENED
SH012,REC-SH012-202601-0222,2026-01-24,440.00,411.21,28.79,,,SKIPPED,PERIOD_NOT_OPENED
SH010,REC-SH010-202601-0242,2026-01-24,80.00,74.77,5.23,,,SKIPPED,PERIOD_NOT_OPENED
SH006,REC-SH006-202601-0307,2026-01-24,3440.00,3214.95,225.05,,,SKIPPED,PERIOD_NOT_OPENED
SH026,REC-SH026-202601-0198,2026-01-24,3840.00,3588.79,251.21,,,SKIPPED,PERIOD_NOT_OPENED
SH010,REC-SH010-202601-0243,2026-01-24,160.00,149.53,10.47,,,SKIPPED,PERIOD_NOT_OPENED
SH001,REC-SH001-202601-0226,2026-01-24,580.00,542.06,37.94,,,SKIPPED,PERIOD_NOT_OPENED
SH028,REC-SH028-202601-0070,2026-01-24,120.00,112.15,7.85,,,SKIPPED,PERIOD_NOT_OPENED
SH010,REC-SH010-202601-0244,2026-01-24,460.00,429.91,30.09,,,SKIPPED,PERIOD_NOT_OPENED
SH006,REC-SH006-202601-0308,2026-01-24,1320.00,1233.64,86.36,,,SKIPPED,PERIOD_NOT_OPENED
SH010,REC-SH010-202601-0245,2026-01-24,1380.00,1289.72,90.28,,,SKIPPED,PERIOD_NOT_OPENED
SH010,REC-SH010-202601-0246,2026-01-24,80.00,74.77,5.23,,,SKIPPED,PERIOD_NOT_OPENED
SH006,REC-SH006-202601-0309,2026-01-24,3120.00,2915.89,204.11,,,SKIPPED,PERIOD_NOT_OPENED
SH001,REC-SH001-202601-0227,2026-01-24,1380.00,1289.72,90.28,,,SKIPPED,PERIOD_NOT_OPENED
SH026,REC-SH026-202601-0199,2026-01-24,460.00,429.91,30.09,,,SKIPPED,PERIOD_NOT_OPENED
SH025,REC-SH025-202601-0222,2026-01-24,240.00,224.30,15.70,,,SKIPPED,PERIOD_NOT_OPENED
SH006,REC-SH006-202601-0310,2026-01-24,1250.00,1168.22,81.78,,,SKIPPED,PERIOD_NOT_OPENED
SH012,REC-SH012-202601-0223,2026-01-24,4230.00,3953.27,276.73,,,SKIPPED,PERIOD_NOT_OPENED
SH026,REC-SH026-202601-0200,2026-01-24,160.00,149.53,10.47,,,SKIPPED,PERIOD_NOT_OPENED
SH010,REC-SH010-202601-0247,2026-01-24,740.00,691.59,48.41,,,SKIPPED,PERIOD_NOT_OPENED
SH006,REC-SH006-202601-0311,2026-01-24,240.00,224.30,15.70,,,SKIPPED,PERIOD_NOT_OPENED
SH001,REC-SH001-202601-0228,2026-01-24,2500.00,2336.45,163.55,,,SKIPPED,PERIOD_NOT_OPENED
SH006,REC-SH006-202601-0312,2026-01-24,4920.00,4598.13,321.87,,,SKIPPED,PERIOD_NOT_OPENED
SH012,REC-SH012-202601-0224,2026-01-24,350.00,327.10,22.90,,,SKIPPED,PERIOD_NOT_OPENED
SH010,REC-SH010-202601-0248,2026-01-24,1760.00,1644.86,115.14,,,SKIPPED,PERIOD_NOT_OPENED
SH006,REC-SH006-202601-0313,2026-01-24,1490.00,1392.52,97.48,,,SKIPPED,PERIOD_NOT_OPENED
SH010,REC-SH010-202601-0249,2026-01-24,460.00,429.91,30.09,,,SKIPPED,PERIOD_NOT_OPENED
SH006,REC-SH006-202601-0314,2026-01-24,240.00,224.30,15.70,,,SKIPPED,PERIOD_NOT_OPENED
SH028,REC-SH028-202601-0071,2026-01-24,580.00,542.06,37.94,,,SKIPPED,PERIOD_NOT_OPENED
SH001,REC-SH001-202601-0229,2026-01-24,1710.00,1598.13,111.87,,,SKIPPED,PERIOD_NOT_OPENED
SH006,REC-SH006-202601-0315,2026-01-24,585.00,546.73,38.27,,,SKIPPED,PERIOD_NOT_OPENED
SH001,REC-SH001-202601-0230,2026-01-24,580.00,542.06,37.94,,,SKIPPED,PERIOD_NOT_OPENED
SH025,REC-SH025-202601-0223,2026-01-24,80.00,74.77,5.23,,,SKIPPED,PERIOD_NOT_OPENED
SH012,REC-SH012-202601-0225,2026-01-24,580.00,542.06,37.94,,,SKIPPED,PERIOD_NOT_OPENED
SH012,REC-SH012-202601-0226,2026-01-24,580.00,542.06,37.94,,,SKIPPED,PERIOD_NOT_OPENED
SH025,REC-SH025-202601-0224,2026-01-24,120.00,112.15,7.85,,,SKIPPED,PERIOD_NOT_OPENED
SH001,REC-SH001-202601-0231,2026-01-24,80.00,74.77,5.23,,,SKIPPED,PERIOD_NOT_OPENED
SH006,REC-SH006-202601-0316,2026-01-24,360.00,336.45,23.55,,,SKIPPED,PERIOD_NOT_OPENED
SH025,REC-SH025-202601-0225,2026-01-24,460.00,429.91,30.09,,,SKIPPED,PERIOD_NOT_OPENED
SH006,REC-SH006-202601-0317,2026-01-24,600.00,560.75,39.25,,,SKIPPED,PERIOD_NOT_OPENED
SH006,REC-SH006-202601-0318,2026-01-24,80.00,74.77,5.23,,,SKIPPED,PERIOD_NOT_OPENED
SH006,REC-SH006-202601-0319,2026-01-24,240.00,224.30,15.70,,,SKIPPED,PERIOD_NOT_OPENED
SH012,REC-SH012-202601-0227,2026-01-24,480.00,448.60,31.40,,,SKIPPED,PERIOD_NOT_OPENED
SH026,REC-SH026-202601-0201,2026-01-24,120.00,112.15,7.85,,,SKIPPED,PERIOD_NOT_OPENED
SH024,REC-SH024-202601-0141,2026-01-24,2500.00,2336.45,163.55,,,SKIPPED,PERIOD_NOT_OPENED
SH024,REC-SH024-202601-0142,2026-01-24,80.00,74.77,5.23,,,SKIPPED,PERIOD_NOT_OPENED
SH001,REC-SH001-202601-0232,2026-01-24,330.00,308.41,21.59,,,SKIPPED,PERIOD_NOT_OPENED
SH010,REC-SH010-202601-0250,2026-01-24,2760.00,2579.44,180.56,,,SKIPPED,PERIOD_NOT_OPENED
SH012,REC-SH012-202601-0228,2026-01-24,330.00,308.41,21.59,,,SKIPPED,PERIOD_NOT_OPENED
SH012,REC-SH012-202601-0229,2026-01-24,580.00,542.06,37.94,,,SKIPPED,PERIOD_NOT_OPENED
SH026,REC-SH026-202601-0202,2026-01-24,320.00,299.07,20.93,,,SKIPPED,PERIOD_NOT_OPENED
SH010,REC-SH010-202601-0251,2026-01-24,330.00,308.41,21.59,,,SKIPPED,PERIOD_NOT_OPENED
SH025,REC-SH025-202601-0226,2026-01-24,190.00,177.57,12.43,,,SKIPPED,PERIOD_NOT_OPENED
SH025,REC-SH025-202601-0227,2026-01-24,1320.00,1233.64,86.36,,,SKIPPED,PERIOD_NOT_OPENED
SH012,REC-SH012-202601-0230,2026-01-24,100.00,93.46,6.54,,,SKIPPED,PERIOD_NOT_OPENED
SH030,REC-SH030-202601-0029,2026-01-24,80.00,74.77,5.23,,,SKIPPED,PERIOD_NOT_OPENED
SH010,REC-SH010-202601-0252,2026-01-24,240.00,224.30,15.70,,,SKIPPED,PERIOD_NOT_OPENED
SH025,REC-SH025-202601-0228,2026-01-24,140.00,130.84,9.16,,,SKIPPED,PERIOD_NOT_OPENED
SH001,REC-SH001-202601-0233,2026-01-24,220.00,205.61,14.39,,,SKIPPED,PERIOD_NOT_OPENED
SH001,REC-SH001-202601-0234,2026-01-24,330.00,308.41,21.59,,,SKIPPED,PERIOD_NOT_OPENED
SH012,REC-SH012-202601-0231,2026-01-24,330.00,308.41,21.59,,,SKIPPED,PERIOD_NOT_OPENED
SH026,REC-SH026-202601-0203,2026-01-24,280.00,261.68,18.32,,,SKIPPED,PERIOD_NOT_OPENED
SH012,REC-SH012-202601-0232,2026-01-24,330.00,308.41,21.59,,,SKIPPED,PERIOD_NOT_OPENED
SH026,REC-SH026-202601-0204,2026-01-24,320.00,299.07,20.93,,,SKIPPED,PERIOD_NOT_OPENED
SH026,REC-SH026-202601-0205,2026-01-24,80.00,74.77,5.23,,,SKIPPED,PERIOD_NOT_OPENED
SH010,REC-SH010-202601-0253,2026-01-24,160.00,149.53,10.47,,,SKIPPED,PERIOD_NOT_OPENED
SH012,REC-SH012-202601-0233,2026-01-24,220.00,205.61,14.39,,,SKIPPED,PERIOD_NOT_OPENED
SH006,REC-SH006-202601-0320,2026-01-24,120.00,112.15,7.85,,,SKIPPED,PERIOD_NOT_OPENED
SH026,REC-SH026-202601-0206,2026-01-24,1760.00,1644.86,115.14,,,SKIPPED,PERIOD_NOT_OPENED
SH026,REC-SH026-202601-0207,2026-01-24,80.00,74.77,5.23,,,SKIPPED,PERIOD_NOT_OPENED
SH024,REC-SH024-202601-0143,2026-01-24,480.00,448.60,31.40,,,SKIPPED,PERIOD_NOT_OPENED
SH024,REC-SH024-202601-0144,2026-01-24,330.00,308.41,21.59,,,SKIPPED,PERIOD_NOT_OPENED
SH025,REC-SH025-202601-0229,2026-01-24,480.00,448.60,31.40,,,SKIPPED,PERIOD_NOT_OPENED
SH025,REC-SH025-202601-0230,2026-01-24,170.00,158.88,11.12,,,SKIPPED,PERIOD_NOT_OPENED
SH025,REC-SH025-202601-0231,2026-01-24,80.00,74.77,5.23,,,SKIPPED,PERIOD_NOT_OPENED
SH024,REC-SH024-202601-0145,2026-01-24,1380.00,1289.72,90.28,,,SKIPPED,PERIOD_NOT_OPENED
SH006,REC-SH006-202601-0321,2026-01-24,320.00,299.07,20.93,,,SKIPPED,PERIOD_NOT_OPENED
SH026,REC-SH026-202601-0208,2026-01-24,330.00,308.41,21.59,,,SKIPPED,PERIOD_NOT_OPENED
SH006,REC-SH006-202601-0322,2026-01-24,330.00,308.41,21.59,,,SKIPPED,PERIOD_NOT_OPENED
SH025,REC-SH025-202601-0232,2026-01-24,160.00,149.53,10.47,,,SKIPPED,PERIOD_NOT_OPENED
SH010,REC-SH010-202601-0254,2026-01-24,410.00,383.18,26.82,,,SKIPPED,PERIOD_NOT_OPENED
SH001,REC-SH001-202601-0235,2026-01-24,1490.00,1392.52,97.48,,,SKIPPED,PERIOD_NOT_OPENED
SH006,REC-SH006-202601-0323,2026-01-24,80.00,74.77,5.23,,,SKIPPED,PERIOD_NOT_OPENED
SH025,REC-SH025-202601-0233,2026-01-24,1020.00,953.27,66.73,,,SKIPPED,PERIOD_NOT_OPENED
SH006,REC-SH006-202601-0324,2026-01-25,580.00,542.06,37.94,,,SKIPPED,PERIOD_NOT_OPENED
SH026,REC-SH026-202601-0209,2026-01-25,360.00,336.45,23.55,,,SKIPPED,PERIOD_NOT_OPENED
SH026,REC-SH026-202601-0210,2026-01-25,320.00,299.07,20.93,,,SKIPPED,PERIOD_NOT_OPENED
SH010,REC-SH010-202601-0255,2026-01-25,330.00,308.41,21.59,,,SKIPPED,PERIOD_NOT_OPENED
SH006,REC-SH006-202601-0325,2026-01-25,160.00,149.53,10.47,,,SKIPPED,PERIOD_NOT_OPENED
SH028,REC-SH028-202601-0072,2026-01-25,4740.00,4429.91,310.09,,,SKIPPED,PERIOD_NOT_OPENED
SH024,REC-SH024-202601-0146,2026-01-25,120.00,112.15,7.85,,,SKIPPED,PERIOD_NOT_OPENED
SH006,REC-SH006-202601-0326,2026-01-25,2200.00,2056.07,143.93,,,SKIPPED,PERIOD_NOT_OPENED
SH026,REC-SH026-202601-0211,2026-01-25,1250.00,1168.22,81.78,,,SKIPPED,PERIOD_NOT_OPENED
SH006,REC-SH006-202601-0327,2026-01-25,1690.00,1579.44,110.56,,,SKIPPED,PERIOD_NOT_OPENED
SH012,REC-SH012-202601-0234,2026-01-25,580.00,542.06,37.94,,,SKIPPED,PERIOD_NOT_OPENED
SH006,REC-SH006-202601-0328,2026-01-25,325.00,303.74,21.26,,,SKIPPED,PERIOD_NOT_OPENED
SH001,REC-SH001-202601-0236,2026-01-25,330.00,308.41,21.59,,,SKIPPED,PERIOD_NOT_OPENED
SH024,REC-SH024-202601-0147,2026-01-25,410.00,383.18,26.82,,,SKIPPED,PERIOD_NOT_OPENED
SH025,REC-SH025-202601-0234,2026-01-25,280.00,261.68,18.32,,,SKIPPED,PERIOD_NOT_OPENED
SH024,REC-SH024-202601-0148,2026-01-25,240.00,224.30,15.70,,,SKIPPED,PERIOD_NOT_OPENED
SH006,REC-SH006-202601-0329,2026-01-25,120.00,112.15,7.85,,,SKIPPED,PERIOD_NOT_OPENED
SH024,REC-SH024-202601-0149,2026-01-25,410.00,383.18,26.82,,,SKIPPED,PERIOD_NOT_OPENED
SH012,REC-SH012-202601-0235,2026-01-25,60.00,56.07,3.93,,,SKIPPED,PERIOD_NOT_OPENED
SH012,REC-SH012-202601-0236,2026-01-25,80.00,74.77,5.23,,,SKIPPED,PERIOD_NOT_OPENED
SH025,REC-SH025-202601-0235,2026-01-25,190.00,177.57,12.43,,,SKIPPED,PERIOD_NOT_OPENED
SH006,REC-SH006-202601-0330,2026-01-25,80.00,74.77,5.23,,,SKIPPED,PERIOD_NOT_OPENED
SH001,REC-SH001-202601-0237,2026-01-25,220.00,205.61,14.39,,,SKIPPED,PERIOD_NOT_OPENED
SH001,REC-SH001-202601-0238,2026-01-25,1380.00,1289.72,90.28,,,SKIPPED,PERIOD_NOT_OPENED
SH006,REC-SH006-202601-0331,2026-01-25,240.00,224.30,15.70,,,SKIPPED,PERIOD_NOT_OPENED
SH012,REC-SH012-202601-0237,2026-01-25,460.00,429.91,30.09,,,SKIPPED,PERIOD_NOT_OPENED
SH010,REC-SH010-202601-0256,2026-01-25,160.00,149.53,10.47,,,SKIPPED,PERIOD_NOT_OPENED
SH025,REC-SH025-202601-0236,2026-01-25,1560.00,1457.94,102.06,,,SKIPPED,PERIOD_NOT_OPENED
SH001,REC-SH001-202601-0239,2026-01-25,220.00,205.61,14.39,,,SKIPPED,PERIOD_NOT_OPENED
SH006,REC-SH006-202601-0332,2026-01-25,160.00,149.53,10.47,,,SKIPPED,PERIOD_NOT_OPENED
SH010,REC-SH010-202601-0257,2026-01-25,120.00,112.15,7.85,,,SKIPPED,PERIOD_NOT_OPENED
SH001,REC-SH001-202601-0240,2026-01-25,3290.00,3074.77,215.23,,,SKIPPED,PERIOD_NOT_OPENED
SH026,REC-SH026-202601-0212,2026-01-25,460.00,429.91,30.09,,,SKIPPED,PERIOD_NOT_OPENED
SH012,REC-SH012-202601-0238,2026-01-25,80.00,74.77,5.23,,,SKIPPED,PERIOD_NOT_OPENED
SH026,REC-SH026-202601-0213,2026-01-25,80.00,74.77,5.23,,,SKIPPED,PERIOD_NOT_OPENED
SH012,REC-SH012-202601-0239,2026-01-25,910.00,850.47,59.53,,,SKIPPED,PERIOD_NOT_OPENED
SH028,REC-SH028-202601-0073,2026-01-25,1580.00,1476.64,103.36,,,SKIPPED,PERIOD_NOT_OPENED
SH012,REC-SH012-202601-0240,2026-01-25,1360.00,1271.03,88.97,,,SKIPPED,PERIOD_NOT_OPENED
SH025,REC-SH025-202601-0237,2026-01-25,1318.00,1231.78,86.22,,,SKIPPED,PERIOD_NOT_OPENED
SH006,REC-SH006-202601-0333,2026-01-25,120.00,112.15,7.85,,,SKIPPED,PERIOD_NOT_OPENED
SH028,REC-SH028-202601-0074,2026-01-25,660.00,616.82,43.18,,,SKIPPED,PERIOD_NOT_OPENED
SH026,REC-SH026-202601-0214,2026-01-25,460.00,429.91,30.09,,,SKIPPED,PERIOD_NOT_OPENED
SH006,REC-SH006-202601-0334,2026-01-25,1230.00,1149.53,80.47,,,SKIPPED,PERIOD_NOT_OPENED
SH030,REC-SH030-202601-0030,2026-01-25,440.00,411.21,28.79,,,SKIPPED,PERIOD_NOT_OPENED
SH006,REC-SH006-202601-0335,2026-01-25,460.00,429.91,30.09,,,SKIPPED,PERIOD_NOT_OPENED
SH010,REC-SH010-202601-0258,2026-01-25,80.00,74.77,5.23,,,SKIPPED,PERIOD_NOT_OPENED
SH026,REC-SH026-202601-0215,2026-01-25,80.00,74.77,5.23,,,SKIPPED,PERIOD_NOT_OPENED
SH006,REC-SH006-202601-0336,2026-01-25,120.00,112.15,7.85,,,SKIPPED,PERIOD_NOT_OPENED
SH010,REC-SH010-202601-0259,2026-01-25,120.00,112.15,7.85,,,SKIPPED,PERIOD_NOT_OPENED
SH010,REC-SH010-202601-0260,2026-01-25,410.00,383.18,26.82,,,SKIPPED,PERIOD_NOT_OPENED
SH024,REC-SH024-202601-0150,2026-01-25,60.00,56.07,3.93,,,SKIPPED,PERIOD_NOT_OPENED
SH012,REC-SH012-202601-0241,2026-01-25,240.00,224.30,15.70,,,SKIPPED,PERIOD_NOT_OPENED
SH006,REC-SH006-202601-0337,2026-01-25,2790.00,2607.48,182.52,,,SKIPPED,PERIOD_NOT_OPENED
SH001,REC-SH001-202601-0241,2026-01-25,60.00,56.07,3.93,,,SKIPPED,PERIOD_NOT_OPENED
SH025,REC-SH025-202601-0238,2026-01-25,659.00,615.89,43.11,,,SKIPPED,PERIOD_NOT_OPENED
SH012,REC-SH012-202601-0242,2026-01-25,1320.00,1233.64,86.36,,,SKIPPED,PERIOD_NOT_OPENED
SH012,REC-SH012-202601-0243,2026-01-25,3340.00,3121.50,218.50,,,SKIPPED,PERIOD_NOT_OPENED
SH012,REC-SH012-202601-0244,2026-01-25,380.00,355.14,24.86,,,SKIPPED,PERIOD_NOT_OPENED
SH010,REC-SH010-202601-0261,2026-01-25,240.00,224.30,15.70,,,SKIPPED,PERIOD_NOT_OPENED
SH028,REC-SH028-202601-0075,2026-01-25,610.00,570.09,39.91,,,SKIPPED,PERIOD_NOT_OPENED
SH026,REC-SH026-202601-0216,2026-01-25,380.00,355.14,24.86,,,SKIPPED,PERIOD_NOT_OPENED
SH025,REC-SH025-202601-0239,2026-01-25,340.00,317.76,22.24,,,SKIPPED,PERIOD_NOT_OPENED
SH006,REC-SH006-202601-0338,2026-01-25,240.00,224.30,15.70,,,SKIPPED,PERIOD_NOT_OPENED
SH025,REC-SH025-202601-0240,2026-01-25,80.00,74.77,5.23,,,SKIPPED,PERIOD_NOT_OPENED
SH012,REC-SH012-202601-0245,2026-01-25,280.00,261.68,18.32,,,SKIPPED,PERIOD_NOT_OPENED
SH012,REC-SH012-202601-0246,2026-01-25,60.00,56.07,3.93,,,SKIPPED,PERIOD_NOT_OPENED
SH001,REC-SH001-202601-0242,2026-01-25,120.00,112.15,7.85,,,SKIPPED,PERIOD_NOT_OPENED
SH001,REC-SH001-202601-0243,2026-01-25,1320.00,1233.64,86.36,,,SKIPPED,PERIOD_NOT_OPENED
SH006,REC-SH006-202601-0339,2026-01-25,80.00,74.77,5.23,,,SKIPPED,PERIOD_NOT_OPENED
SH001,REC-SH001-202601-0244,2026-01-25,1250.00,1168.22,81.78,,,SKIPPED,PERIOD_NOT_OPENED
SH006,REC-SH006-202601-0340,2026-01-25,80.00,74.77,5.23,,,SKIPPED,PERIOD_NOT_OPENED
SH026,REC-SH026-202601-0217,2026-01-25,320.00,299.07,20.93,,,SKIPPED,PERIOD_NOT_OPENED
SH026,REC-SH026-202601-0218,2026-01-25,180.00,168.22,11.78,,,SKIPPED,PERIOD_NOT_OPENED
SH026,REC-SH026-202601-0219,2026-01-25,330.00,308.41,21.59,,,SKIPPED,PERIOD_NOT_OPENED
SH012,REC-SH012-202601-0247,2026-01-25,2460.00,2299.07,160.93,,,SKIPPED,PERIOD_NOT_OPENED
SH010,REC-SH010-202601-0262,2026-01-25,80.00,74.77,5.23,,,SKIPPED,PERIOD_NOT_OPENED
SH025,REC-SH025-202601-0241,2026-01-25,640.00,598.13,41.87,,,SKIPPED,PERIOD_NOT_OPENED
SH025,REC-SH025-202601-0242,2026-01-25,80.00,74.77,5.23,,,SKIPPED,PERIOD_NOT_OPENED
SH025,REC-SH025-202601-0243,2026-01-25,580.00,542.06,37.94,,,SKIPPED,PERIOD_NOT_OPENED
SH006,REC-SH006-202601-0341,2026-01-25,1605.00,1500.00,105.00,,,SKIPPED,PERIOD_NOT_OPENED
SH028,REC-SH028-202601-0076,2026-01-25,1250.00,1168.22,81.78,,,SKIPPED,PERIOD_NOT_OPENED
SH006,REC-SH006-202601-0342,2026-01-25,60.00,56.07,3.93,,,SKIPPED,PERIOD_NOT_OPENED
SH010,REC-SH010-202601-0263,2026-01-25,80.00,74.77,5.23,,,SKIPPED,PERIOD_NOT_OPENED
SH010,REC-SH010-202601-0264,2026-01-26,450.00,420.56,29.44,,,SKIPPED,PERIOD_NOT_OPENED
SH010,REC-SH010-202601-0265,2026-01-26,330.00,308.41,21.59,,,SKIPPED,PERIOD_NOT_OPENED
SH001,REC-SH001-202601-0245,2026-01-26,2670.00,2495.33,174.67,,,SKIPPED,PERIOD_NOT_OPENED
SH028,REC-SH028-202601-0077,2026-01-26,240.00,224.30,15.70,,,SKIPPED,PERIOD_NOT_OPENED
SH024,REC-SH024-202601-0151,2026-01-26,80.00,74.77,5.23,,,SKIPPED,PERIOD_NOT_OPENED
SH006,REC-SH006-202601-0343,2026-01-26,80.00,74.77,5.23,,,SKIPPED,PERIOD_NOT_OPENED
SH001,REC-SH001-202601-0246,2026-01-26,80.00,74.77,5.23,,,SKIPPED,PERIOD_NOT_OPENED
SH028,REC-SH028-202601-0078,2026-01-26,330.00,308.41,21.59,,,SKIPPED,PERIOD_NOT_OPENED
SH006,REC-SH006-202601-0344,2026-01-26,240.00,224.30,15.70,,,SKIPPED,PERIOD_NOT_OPENED
SH006,REC-SH006-202601-0345,2026-01-26,320.00,299.07,20.93,,,SKIPPED,PERIOD_NOT_OPENED
SH026,REC-SH026-202601-0220,2026-01-26,80.00,74.77,5.23,,,SKIPPED,PERIOD_NOT_OPENED
SH024,REC-SH024-202601-0152,2026-01-26,2640.00,2467.29,172.71,,,SKIPPED,PERIOD_NOT_OPENED
SH028,REC-SH028-202601-0079,2026-01-26,1580.00,1476.64,103.36,,,SKIPPED,PERIOD_NOT_OPENED
SH028,REC-SH028-202601-0080,2026-01-26,920.00,859.81,60.19,,,SKIPPED,PERIOD_NOT_OPENED
SH010,REC-SH010-202601-0266,2026-01-26,330.00,308.41,21.59,,,SKIPPED,PERIOD_NOT_OPENED
SH010,REC-SH010-202601-0267,2026-01-26,3840.00,3588.79,251.21,,,SKIPPED,PERIOD_NOT_OPENED
SH025,REC-SH025-202601-0244,2026-01-26,330.00,308.41,21.59,,,SKIPPED,PERIOD_NOT_OPENED
SH026,REC-SH026-202601-0221,2026-01-26,1760.00,1644.86,115.14,,,SKIPPED,PERIOD_NOT_OPENED
SH028,REC-SH028-202601-0081,2026-01-26,120.00,112.15,7.85,,,SKIPPED,PERIOD_NOT_OPENED
SH025,REC-SH025-202601-0245,2026-01-26,60.00,56.07,3.93,,,SKIPPED,PERIOD_NOT_OPENED
SH006,REC-SH006-202601-0346,2026-01-26,60.00,56.07,3.93,,,SKIPPED,PERIOD_NOT_OPENED
SH001,REC-SH001-202601-0247,2026-01-26,480.00,448.60,31.40,,,SKIPPED,PERIOD_NOT_OPENED
SH012,REC-SH012-202601-0248,2026-01-26,1100.00,1028.04,71.96,,,SKIPPED,PERIOD_NOT_OPENED
SH024,REC-SH024-202601-0153,2026-01-26,80.00,74.77,5.23,,,SKIPPED,PERIOD_NOT_OPENED
SH010,REC-SH010-202601-0268,2026-01-26,200.00,186.92,13.08,,,SKIPPED,PERIOD_NOT_OPENED
SH001,REC-SH001-202601-0248,2026-01-26,1580.00,1476.64,103.36,,,SKIPPED,PERIOD_NOT_OPENED
SH012,REC-SH012-202601-0249,2026-01-26,160.00,149.53,10.47,,,SKIPPED,PERIOD_NOT_OPENED
SH026,REC-SH026-202601-0222,2026-01-26,120.00,112.15,7.85,,,SKIPPED,PERIOD_NOT_OPENED
SH010,REC-SH010-202601-0269,2026-01-26,1560.00,1457.94,102.06,,,SKIPPED,PERIOD_NOT_OPENED
SH010,REC-SH010-202601-0270,2026-01-26,240.00,224.30,15.70,,,SKIPPED,PERIOD_NOT_OPENED
SH010,REC-SH010-202601-0271,2026-01-26,80.00,74.77,5.23,,,SKIPPED,PERIOD_NOT_OPENED
SH010,REC-SH010-202601-0272,2026-01-26,160.00,149.53,10.47,,,SKIPPED,PERIOD_NOT_OPENED
SH024,REC-SH024-202601-0154,2026-01-26,160.00,149.53,10.47,,,SKIPPED,PERIOD_NOT_OPENED
SH006,REC-SH006-202601-0347,2026-01-26,80.00,74.77,5.23,,,SKIPPED,PERIOD_NOT_OPENED
SH001,REC-SH001-202601-0249,2026-01-26,80.00,74.77,5.23,,,SKIPPED,PERIOD_NOT_OPENED
SH012,REC-SH012-202601-0250,2026-01-26,80.00,74.77,5.23,,,SKIPPED,PERIOD_NOT_OPENED
SH006,REC-SH006-202601-0348,2026-01-26,120.00,112.15,7.85,,,SKIPPED,PERIOD_NOT_OPENED
SH028,REC-SH028-202601-0082,2026-01-26,240.00,224.30,15.70,,,SKIPPED,PERIOD_NOT_OPENED
SH025,REC-SH025-202601-0246,2026-01-26,410.00,383.18,26.82,,,SKIPPED,PERIOD_NOT_OPENED
SH024,REC-SH024-202601-0155,2026-01-26,80.00,74.77,5.23,,,SKIPPED,PERIOD_NOT_OPENED
SH001,REC-SH001-202601-0250,2026-01-26,220.00,205.61,14.39,,,SKIPPED,PERIOD_NOT_OPENED
SH006,REC-SH006-202601-0349,2026-01-26,80.00,74.77,5.23,,,SKIPPED,PERIOD_NOT_OPENED
SH025,REC-SH025-202601-0247,2026-01-26,80.00,74.77,5.23,,,SKIPPED,PERIOD_NOT_OPENED
SH026,REC-SH026-202601-0223,2026-01-26,120.00,112.15,7.85,,,SKIPPED,PERIOD_NOT_OPENED
SH010,REC-SH010-202601-0273,2026-01-26,1230.00,1149.53,80.47,,,SKIPPED,PERIOD_NOT_OPENED
SH026,REC-SH026-202601-0224,2026-01-26,840.00,785.05,54.95,,,SKIPPED,PERIOD_NOT_OPENED
SH026,REC-SH026-202601-0225,2026-01-26,330.00,308.41,21.59,,,SKIPPED,PERIOD_NOT_OPENED
SH006,REC-SH006-202601-0350,2026-01-26,120.00,112.15,7.85,,,SKIPPED,PERIOD_NOT_OPENED
SH010,REC-SH010-202601-0274,2026-01-26,80.00,74.77,5.23,,,SKIPPED,PERIOD_NOT_OPENED
SH026,REC-SH026-202601-0226,2026-01-26,120.00,112.15,7.85,,,SKIPPED,PERIOD_NOT_OPENED
SH012,REC-SH012-202601-0251,2026-01-26,240.00,224.30,15.70,,,SKIPPED,PERIOD_NOT_OPENED
SH001,REC-SH001-202601-0251,2026-01-26,220.00,205.61,14.39,,,SKIPPED,PERIOD_NOT_OPENED
SH026,REC-SH026-202601-0227,2026-01-26,160.00,149.53,10.47,,,SKIPPED,PERIOD_NOT_OPENED
SH028,REC-SH028-202601-0083,2026-01-26,80.00,74.77,5.23,,,SKIPPED,PERIOD_NOT_OPENED
SH012,REC-SH012-202601-0252,2026-01-26,330.00,308.41,21.59,,,SKIPPED,PERIOD_NOT_OPENED
SH001,REC-SH001-202601-0252,2026-01-26,1060.00,990.65,69.35,,,SKIPPED,PERIOD_NOT_OPENED
SH025,REC-SH025-202601-0248,2026-01-26,130.00,121.50,8.50,,,SKIPPED,PERIOD_NOT_OPENED
SH012,REC-SH012-202601-0253,2026-01-26,660.00,616.82,43.18,,,SKIPPED,PERIOD_NOT_OPENED
SH012,REC-SH012-202601-0254,2026-01-26,1360.00,1271.03,88.97,,,SKIPPED,PERIOD_NOT_OPENED
SH006,REC-SH006-202601-0351,2026-01-26,100.00,93.46,6.54,,,SKIPPED,PERIOD_NOT_OPENED
SH001,REC-SH001-202601-0253,2026-01-26,330.00,308.41,21.59,,,SKIPPED,PERIOD_NOT_OPENED
SH012,REC-SH012-202601-0255,2026-01-26,80.00,74.77,5.23,,,SKIPPED,PERIOD_NOT_OPENED
SH012,REC-SH012-202601-0256,2026-01-26,18360.00,17158.88,1201.12,,,SKIPPED,PERIOD_NOT_OPENED
SH026,REC-SH026-202601-0228,2026-01-26,120.00,112.15,7.85,,,SKIPPED,PERIOD_NOT_OPENED
SH006,REC-SH006-202601-0352,2026-01-26,240.00,224.30,15.70,,,SKIPPED,PERIOD_NOT_OPENED
SH006,REC-SH006-202601-0353,2026-01-26,325.00,303.74,21.26,,,SKIPPED,PERIOD_NOT_OPENED
SH026,REC-SH026-202601-0229,2026-01-26,330.00,308.41,21.59,,,SKIPPED,PERIOD_NOT_OPENED
SH001,REC-SH001-202601-0254,2026-01-26,80.00,74.77,5.23,,,SKIPPED,PERIOD_NOT_OPENED
SH001,REC-SH001-202601-0255,2026-01-26,220.00,205.61,14.39,,,SKIPPED,PERIOD_NOT_OPENED
SH028,REC-SH028-202601-0084,2026-01-26,330.00,308.41,21.59,,,SKIPPED,PERIOD_NOT_OPENED
SH010,REC-SH010-202601-0275,2026-01-26,360.00,336.45,23.55,,,SKIPPED,PERIOD_NOT_OPENED
SH010,REC-SH010-202601-0276,2026-01-26,200.00,186.92,13.08,,,SKIPPED,PERIOD_NOT_OPENED
SH028,REC-SH028-202601-0085,2026-01-26,780.00,728.97,51.03,,,SKIPPED,PERIOD_NOT_OPENED
SH010,REC-SH010-202601-0277,2026-01-26,480.00,448.60,31.40,,,SKIPPED,PERIOD_NOT_OPENED
SH006,REC-SH006-202601-0354,2026-01-26,120.00,112.15,7.85,,,SKIPPED,PERIOD_NOT_OPENED
SH012,REC-SH012-202601-0257,2026-01-26,400.00,373.83,26.17,,,SKIPPED,PERIOD_NOT_OPENED
SH001,REC-SH001-202601-0256,2026-01-26,1230.00,1149.53,80.47,,,SKIPPED,PERIOD_NOT_OPENED
SH026,REC-SH026-202601-0230,2026-01-26,330.00,308.41,21.59,,,SKIPPED,PERIOD_NOT_OPENED
SH024,REC-SH024-202601-0156,2026-01-26,160.00,149.53,10.47,,,SKIPPED,PERIOD_NOT_OPENED
SH024,REC-SH024-202601-0157,2026-01-26,120.00,112.15,7.85,,,SKIPPED,PERIOD_NOT_OPENED
SH024,REC-SH024-202601-0158,2026-01-26,200.00,186.92,13.08,,,SKIPPED,PERIOD_NOT_OPENED
SH010,REC-SH010-202601-0278,2026-01-26,1360.00,1271.03,88.97,,,SKIPPED,PERIOD_NOT_OPENED
SH025,REC-SH025-202601-0249,2026-01-26,120.00,112.15,7.85,,,SKIPPED,PERIOD_NOT_OPENED
SH025,REC-SH025-202601-0250,2026-01-26,200.00,186.92,13.08,,,SKIPPED,PERIOD_NOT_OPENED
SH012,REC-SH012-202601-0258,2026-01-27,1010.00,943.93,66.07,,,SKIPPED,PERIOD_NOT_OPENED
SH010,REC-SH010-202601-0279,2026-01-27,1380.00,1289.72,90.28,,,SKIPPED,PERIOD_NOT_OPENED
SH006,REC-SH006-202601-0355,2026-01-27,120.00,112.15,7.85,,,SKIPPED,PERIOD_NOT_OPENED
SH012,REC-SH012-202601-0259,2026-01-27,2460.00,2299.07,160.93,,,SKIPPED,PERIOD_NOT_OPENED
SH006,REC-SH006-202601-0356,2026-01-27,140.00,130.84,9.16,,,SKIPPED,PERIOD_NOT_OPENED
SH030,REC-SH030-202601-0031,2026-01-27,1250.00,1168.22,81.78,,,SKIPPED,PERIOD_NOT_OPENED
SH026,REC-SH026-202601-0231,2026-01-27,160.00,149.53,10.47,,,SKIPPED,PERIOD_NOT_OPENED
SH006,REC-SH006-202601-0357,2026-01-27,120.00,112.15,7.85,,,SKIPPED,PERIOD_NOT_OPENED
SH028,REC-SH028-202601-0086,2026-01-27,120.00,112.15,7.85,,,SKIPPED,PERIOD_NOT_OPENED
SH012,REC-SH012-202601-0260,2026-01-27,180.00,168.22,11.78,,,SKIPPED,PERIOD_NOT_OPENED
SH012,REC-SH012-202601-0261,2026-01-27,660.00,616.82,43.18,,,SKIPPED,PERIOD_NOT_OPENED
SH006,REC-SH006-202601-0358,2026-01-27,240.00,224.30,15.70,,,SKIPPED,PERIOD_NOT_OPENED
SH001,REC-SH001-202601-0257,2026-01-27,160.00,149.53,10.47,,,SKIPPED,PERIOD_NOT_OPENED
SH012,REC-SH012-202601-0262,2026-01-27,580.00,542.06,37.94,,,SKIPPED,PERIOD_NOT_OPENED
SH006,REC-SH006-202601-0359,2026-01-27,200.00,186.92,13.08,,,SKIPPED,PERIOD_NOT_OPENED
SH006,REC-SH006-202601-0360,2026-01-27,160.00,149.53,10.47,,,SKIPPED,PERIOD_NOT_OPENED
SH006,REC-SH006-202601-0361,2026-01-27,200.00,186.92,13.08,,,SKIPPED,PERIOD_NOT_OPENED
SH006,REC-SH006-202601-0362,2026-01-27,80.00,74.77,5.23,,,SKIPPED,PERIOD_NOT_OPENED
SH001,REC-SH001-202601-0258,2026-01-27,1710.00,1598.13,111.87,,,SKIPPED,PERIOD_NOT_OPENED
SH024,REC-SH024-202601-0159,2026-01-27,120.00,112.15,7.85,,,SKIPPED,PERIOD_NOT_OPENED
SH012,REC-SH012-202601-0263,2026-01-27,330.00,308.41,21.59,,,SKIPPED,PERIOD_NOT_OPENED
SH001,REC-SH001-202601-0259,2026-01-27,1580.00,1476.64,103.36,,,SKIPPED,PERIOD_NOT_OPENED
SH006,REC-SH006-202601-0363,2026-01-27,1760.00,1644.86,115.14,,,SKIPPED,PERIOD_NOT_OPENED
SH006,REC-SH006-202601-0364,2026-01-27,330.00,308.41,21.59,,,SKIPPED,PERIOD_NOT_OPENED
SH010,REC-SH010-202601-0280,2026-01-27,160.00,149.53,10.47,,,SKIPPED,PERIOD_NOT_OPENED
SH006,REC-SH006-202601-0365,2026-01-27,220.00,205.61,14.39,,,SKIPPED,PERIOD_NOT_OPENED
SH025,REC-SH025-202601-0251,2026-01-27,80.00,74.77,5.23,,,SKIPPED,PERIOD_NOT_OPENED
SH025,REC-SH025-202601-0252,2026-01-27,330.00,308.41,21.59,,,SKIPPED,PERIOD_NOT_OPENED
SH006,REC-SH006-202601-0366,2026-01-27,120.00,112.15,7.85,,,SKIPPED,PERIOD_NOT_OPENED
SH025,REC-SH025-202601-0253,2026-01-27,120.00,112.15,7.85,,,SKIPPED,PERIOD_NOT_OPENED
SH006,REC-SH006-202601-0367,2026-01-27,2670.00,2495.33,174.67,,,SKIPPED,PERIOD_NOT_OPENED
SH026,REC-SH026-202601-0232,2026-01-27,80.00,74.77,5.23,,,SKIPPED,PERIOD_NOT_OPENED
SH012,REC-SH012-202601-0264,2026-01-27,330.00,308.41,21.59,,,SKIPPED,PERIOD_NOT_OPENED
SH025,REC-SH025-202601-0254,2026-01-27,300.00,280.37,19.63,,,SKIPPED,PERIOD_NOT_OPENED
SH024,REC-SH024-202601-0160,2026-01-27,380.00,355.14,24.86,,,SKIPPED,PERIOD_NOT_OPENED
SH025,REC-SH025-202601-0255,2026-01-27,120.00,112.15,7.85,,,SKIPPED,PERIOD_NOT_OPENED
SH006,REC-SH006-202601-0368,2026-01-27,80.00,74.77,5.23,,,SKIPPED,PERIOD_NOT_OPENED
SH006,REC-SH006-202601-0369,2026-01-27,2560.00,2392.52,167.48,,,SKIPPED,PERIOD_NOT_OPENED
SH026,REC-SH026-202601-0233,2026-01-27,60.00,56.07,3.93,,,SKIPPED,PERIOD_NOT_OPENED
SH001,REC-SH001-202601-0260,2026-01-27,220.00,205.61,14.39,,,SKIPPED,PERIOD_NOT_OPENED
SH012,REC-SH012-202601-0265,2026-01-27,240.00,224.30,15.70,,,SKIPPED,PERIOD_NOT_OPENED
SH006,REC-SH006-202601-0370,2026-01-27,280.00,261.68,18.32,,,SKIPPED,PERIOD_NOT_OPENED
SH026,REC-SH026-202601-0234,2026-01-27,760.00,710.28,49.72,,,SKIPPED,PERIOD_NOT_OPENED
SH006,REC-SH006-202601-0371,2026-01-27,120.00,112.15,7.85,,,SKIPPED,PERIOD_NOT_OPENED
SH006,REC-SH006-202601-0372,2026-01-27,1970.00,1841.12,128.88,,,SKIPPED,PERIOD_NOT_OPENED
SH010,REC-SH010-202601-0281,2026-01-27,330.00,308.41,21.59,,,SKIPPED,PERIOD_NOT_OPENED
SH010,REC-SH010-202601-0282,2026-01-27,80.00,74.77,5.23,,,SKIPPED,PERIOD_NOT_OPENED
SH012,REC-SH012-202601-0266,2026-01-27,200.00,186.92,13.08,,,SKIPPED,PERIOD_NOT_OPENED
SH006,REC-SH006-202601-0373,2026-01-27,240.00,224.30,15.70,,,SKIPPED,PERIOD_NOT_OPENED
SH006,REC-SH006-202601-0374,2026-01-27,130.00,121.50,8.50,,,SKIPPED,PERIOD_NOT_OPENED
SH024,REC-SH024-202601-0161,2026-01-27,1100.00,1028.04,71.96,,,SKIPPED,PERIOD_NOT_OPENED
SH012,REC-SH012-202601-0267,2026-01-27,330.00,308.41,21.59,,,SKIPPED,PERIOD_NOT_OPENED
SH025,REC-SH025-202601-0256,2026-01-27,160.00,149.53,10.47,,,SKIPPED,PERIOD_NOT_OPENED
SH026,REC-SH026-202601-0235,2026-01-27,100.00,93.46,6.54,,,SKIPPED,PERIOD_NOT_OPENED
SH006,REC-SH006-202601-0375,2026-01-27,300.00,280.37,19.63,,,SKIPPED,PERIOD_NOT_OPENED
SH028,REC-SH028-202601-0087,2026-01-27,120.00,112.15,7.85,,,SKIPPED,PERIOD_NOT_OPENED
SH024,REC-SH024-202601-0162,2026-01-27,160.00,149.53,10.47,,,SKIPPED,PERIOD_NOT_OPENED
SH012,REC-SH012-202601-0268,2026-01-27,240.00,224.30,15.70,,,SKIPPED,PERIOD_NOT_OPENED
SH006,REC-SH006-202601-0376,2026-01-27,580.00,542.06,37.94,,,SKIPPED,PERIOD_NOT_OPENED
SH026,REC-SH026-202601-0236,2026-01-27,280.00,261.68,18.32,,,SKIPPED,PERIOD_NOT_OPENED
SH024,REC-SH024-202601-0163,2026-01-27,480.00,448.60,31.40,,,SKIPPED,PERIOD_NOT_OPENED
SH006,REC-SH006-202601-0377,2026-01-27,120.00,112.15,7.85,,,SKIPPED,PERIOD_NOT_OPENED
SH024,REC-SH024-202601-0164,2026-01-27,1510.00,1411.21,98.79,,,SKIPPED,PERIOD_NOT_OPENED
SH024,REC-SH024-202601-0165,2026-01-27,80.00,74.77,5.23,,,SKIPPED,PERIOD_NOT_OPENED
SH024,REC-SH024-202601-0166,2026-01-27,240.00,224.30,15.70,,,SKIPPED,PERIOD_NOT_OPENED
SH025,REC-SH025-202601-0257,2026-01-27,400.00,373.83,26.17,,,SKIPPED,PERIOD_NOT_OPENED
SH006,REC-SH006-202601-0378,2026-01-27,80.00,74.77,5.23,,,SKIPPED,PERIOD_NOT_OPENED
SH024,REC-SH024-202601-0167,2026-01-27,680.00,635.51,44.49,,,SKIPPED,PERIOD_NOT_OPENED
SH010,REC-SH010-202601-0283,2026-01-27,120.00,112.15,7.85,,,SKIPPED,PERIOD_NOT_OPENED
SH001,REC-SH001-202601-0261,2026-01-28,3960.00,3700.93,259.07,,,SKIPPED,PERIOD_NOT_OPENED
SH028,REC-SH028-202601-0088,2026-01-28,1580.00,1476.64,103.36,,,SKIPPED,PERIOD_NOT_OPENED
SH006,REC-SH006-202601-0379,2026-01-28,560.00,523.36,36.64,,,SKIPPED,PERIOD_NOT_OPENED
SH001,REC-SH001-202601-0262,2026-01-28,220.00,205.61,14.39,,,SKIPPED,PERIOD_NOT_OPENED
SH024,REC-SH024-202601-0168,2026-01-28,330.00,308.41,21.59,,,SKIPPED,PERIOD_NOT_OPENED
SH012,REC-SH012-202601-0269,2026-01-28,580.00,542.06,37.94,,,SKIPPED,PERIOD_NOT_OPENED
SH012,REC-SH012-202601-0270,2026-01-28,580.00,542.06,37.94,,,SKIPPED,PERIOD_NOT_OPENED
SH024,REC-SH024-202601-0169,2026-01-28,220.00,205.61,14.39,,,SKIPPED,PERIOD_NOT_OPENED
SH010,REC-SH010-202601-0284,2026-01-28,330.00,308.41,21.59,,,SKIPPED,PERIOD_NOT_OPENED
SH001,REC-SH001-202601-0263,2026-01-28,60.00,56.07,3.93,,,SKIPPED,PERIOD_NOT_OPENED
SH006,REC-SH006-202601-0380,2026-01-28,325.00,303.74,21.26,,,SKIPPED,PERIOD_NOT_OPENED
SH006,REC-SH006-202601-0381,2026-01-28,910.00,850.47,59.53,,,SKIPPED,PERIOD_NOT_OPENED
SH006,REC-SH006-202601-0382,2026-01-28,380.00,355.14,24.86,,,SKIPPED,PERIOD_NOT_OPENED
SH006,REC-SH006-202601-0383,2026-01-28,460.00,429.91,30.09,,,SKIPPED,PERIOD_NOT_OPENED
SH025,REC-SH025-202601-0258,2026-01-28,390.00,364.49,25.51,,,SKIPPED,PERIOD_NOT_OPENED
SH025,REC-SH025-202601-0259,2026-01-28,80.00,74.77,5.23,,,SKIPPED,PERIOD_NOT_OPENED
SH001,REC-SH001-202601-0264,2026-01-28,60.00,56.07,3.93,,,SKIPPED,PERIOD_NOT_OPENED
SH028,REC-SH028-202601-0089,2026-01-28,1580.00,1476.64,103.36,,,SKIPPED,PERIOD_NOT_OPENED
SH010,REC-SH010-202601-0285,2026-01-28,60.00,56.07,3.93,,,SKIPPED,PERIOD_NOT_OPENED
SH001,REC-SH001-202601-0265,2026-01-28,1380.00,1289.72,90.28,,,SKIPPED,PERIOD_NOT_OPENED
SH001,REC-SH001-202601-0266,2026-01-28,660.00,616.82,43.18,,,SKIPPED,PERIOD_NOT_OPENED
SH001,REC-SH001-202601-0267,2026-01-28,80.00,74.77,5.23,,,SKIPPED,PERIOD_NOT_OPENED
SH024,REC-SH024-202601-0170,2026-01-28,330.00,308.41,21.59,,,SKIPPED,PERIOD_NOT_OPENED
SH026,REC-SH026-202601-0237,2026-01-28,460.00,429.91,30.09,,,SKIPPED,PERIOD_NOT_OPENED
SH026,REC-SH026-202601-0238,2026-01-28,120.00,112.15,7.85,,,SKIPPED,PERIOD_NOT_OPENED
SH001,REC-SH001-202601-0268,2026-01-28,500.00,467.29,32.71,,,SKIPPED,PERIOD_NOT_OPENED
SH001,REC-SH001-202601-0269,2026-01-28,120.00,112.15,7.85,,,SKIPPED,PERIOD_NOT_OPENED
SH026,REC-SH026-202601-0239,2026-01-28,120.00,112.15,7.85,,,SKIPPED,PERIOD_NOT_OPENED
SH012,REC-SH012-202601-0271,2026-01-28,60.00,56.07,3.93,,,SKIPPED,PERIOD_NOT_OPENED
SH001,REC-SH001-202601-0270,2026-01-28,1160.00,1084.11,75.89,,,SKIPPED,PERIOD_NOT_OPENED
SH028,REC-SH028-202601-0090,2026-01-28,3490.00,3261.68,228.32,,,SKIPPED,PERIOD_NOT_OPENED
SH026,REC-SH026-202601-0240,2026-01-28,460.00,429.91,30.09,,,SKIPPED,PERIOD_NOT_OPENED
SH006,REC-SH006-202601-0384,2026-01-28,1690.00,1579.44,110.56,,,SKIPPED,PERIOD_NOT_OPENED
SH012,REC-SH012-202601-0272,2026-01-28,240.00,224.30,15.70,,,SKIPPED,PERIOD_NOT_OPENED
SH026,REC-SH026-202601-0241,2026-01-28,80.00,74.77,5.23,,,SKIPPED,PERIOD_NOT_OPENED
SH001,REC-SH001-202601-0271,2026-01-28,220.00,205.61,14.39,,,SKIPPED,PERIOD_NOT_OPENED
SH006,REC-SH006-202601-0385,2026-01-28,160.00,149.53,10.47,,,SKIPPED,PERIOD_NOT_OPENED
SH010,REC-SH010-202601-0286,2026-01-28,2460.00,2299.07,160.93,,,SKIPPED,PERIOD_NOT_OPENED
SH001,REC-SH001-202601-0272,2026-01-28,220.00,205.61,14.39,,,SKIPPED,PERIOD_NOT_OPENED
SH024,REC-SH024-202601-0171,2026-01-28,220.00,205.61,14.39,,,SKIPPED,PERIOD_NOT_OPENED
SH001,REC-SH001-202601-0273,2026-01-28,220.00,205.61,14.39,,,SKIPPED,PERIOD_NOT_OPENED
SH012,REC-SH012-202601-0273,2026-01-28,320.00,299.07,20.93,,,SKIPPED,PERIOD_NOT_OPENED
SH010,REC-SH010-202601-0287,2026-01-28,1320.00,1233.64,86.36,,,SKIPPED,PERIOD_NOT_OPENED
SH025,REC-SH025-202601-0260,2026-01-28,2460.00,2299.07,160.93,,,SKIPPED,PERIOD_NOT_OPENED
SH025,REC-SH025-202601-0261,2026-01-28,240.00,224.30,15.70,,,SKIPPED,PERIOD_NOT_OPENED
SH025,REC-SH025-202601-0262,2026-01-28,160.00,149.53,10.47,,,SKIPPED,PERIOD_NOT_OPENED
SH025,REC-SH025-202601-0263,2026-01-28,80.00,74.77,5.23,,,SKIPPED,PERIOD_NOT_OPENED
SH025,REC-SH025-202601-0264,2026-01-28,480.00,448.60,31.40,,,SKIPPED,PERIOD_NOT_OPENED
SH025,REC-SH025-202601-0265,2026-01-28,80.00,74.77,5.23,,,SKIPPED,PERIOD_NOT_OPENED
SH025,REC-SH025-202601-0266,2026-01-28,80.00,74.77,5.23,,,SKIPPED,PERIOD_NOT_OPENED
SH025,REC-SH025-202601-0267,2026-01-28,80.00,74.77,5.23,,,SKIPPED,PERIOD_NOT_OPENED
SH025,REC-SH025-202601-0268,2026-01-28,160.00,149.53,10.47,,,SKIPPED,PERIOD_NOT_OPENED
SH001,REC-SH001-202601-0274,2026-01-28,3160.00,2953.27,206.73,,,SKIPPED,PERIOD_NOT_OPENED
SH010,REC-SH010-202601-0288,2026-01-28,160.00,149.53,10.47,,,SKIPPED,PERIOD_NOT_OPENED
SH024,REC-SH024-202601-0172,2026-01-28,220.00,205.61,14.39,,,SKIPPED,PERIOD_NOT_OPENED
SH010,REC-SH010-202601-0289,2026-01-28,160.00,149.53,10.47,,,SKIPPED,PERIOD_NOT_OPENED
SH024,REC-SH024-202601-0173,2026-01-28,80.00,74.77,5.23,,,SKIPPED,PERIOD_NOT_OPENED
SH006,REC-SH006-202601-0386,2026-01-28,240.00,224.30,15.70,,,SKIPPED,PERIOD_NOT_OPENED
SH001,REC-SH001-202601-0275,2026-01-28,3420.00,3196.26,223.74,,,SKIPPED,PERIOD_NOT_OPENED
SH001,REC-SH001-202601-0276,2026-01-28,340.00,317.76,22.24,,,SKIPPED,PERIOD_NOT_OPENED
SH010,REC-SH010-202601-0290,2026-01-28,240.00,224.30,15.70,,,SKIPPED,PERIOD_NOT_OPENED
SH006,REC-SH006-202601-0387,2026-01-29,660.00,616.82,43.18,,,SKIPPED,PERIOD_NOT_OPENED
SH012,REC-SH012-202601-0274,2026-01-29,80.00,74.77,5.23,,,SKIPPED,PERIOD_NOT_OPENED
SH024,REC-SH024-202601-0174,2026-01-29,1320.00,1233.64,86.36,,,SKIPPED,PERIOD_NOT_OPENED
SH012,REC-SH012-202601-0275,2026-01-29,80.00,74.77,5.23,,,SKIPPED,PERIOD_NOT_OPENED
SH026,REC-SH026-202601-0242,2026-01-29,120.00,112.15,7.85,,,SKIPPED,PERIOD_NOT_OPENED
SH001,REC-SH001-202601-0277,2026-01-29,330.00,308.41,21.59,,,SKIPPED,PERIOD_NOT_OPENED
SH006,REC-SH006-202601-0388,2026-01-29,160.00,149.53,10.47,,,SKIPPED,PERIOD_NOT_OPENED
SH001,REC-SH001-202601-0278,2026-01-29,1380.00,1289.72,90.28,,,SKIPPED,PERIOD_NOT_OPENED
SH001,REC-SH001-202601-0279,2026-01-29,1970.00,1841.12,128.88,,,SKIPPED,PERIOD_NOT_OPENED
SH006,REC-SH006-202601-0389,2026-01-29,240.00,224.30,15.70,,,SKIPPED,PERIOD_NOT_OPENED
SH028,REC-SH028-202601-0091,2026-01-29,1660.00,1551.40,108.60,,,SKIPPED,PERIOD_NOT_OPENED
SH006,REC-SH006-202601-0390,2026-01-29,790.00,738.32,51.68,,,SKIPPED,PERIOD_NOT_OPENED
SH012,REC-SH012-202601-0276,2026-01-29,190.00,177.57,12.43,,,SKIPPED,PERIOD_NOT_OPENED
SH010,REC-SH010-202601-0291,2026-01-29,660.00,616.82,43.18,,,SKIPPED,PERIOD_NOT_OPENED
SH006,REC-SH006-202601-0391,2026-01-29,120.00,112.15,7.85,,,SKIPPED,PERIOD_NOT_OPENED
SH026,REC-SH026-202601-0243,2026-01-29,120.00,112.15,7.85,,,SKIPPED,PERIOD_NOT_OPENED
SH024,REC-SH024-202601-0175,2026-01-29,120.00,112.15,7.85,,,SKIPPED,PERIOD_NOT_OPENED
SH006,REC-SH006-202601-0392,2026-01-29,1320.00,1233.64,86.36,,,SKIPPED,PERIOD_NOT_OPENED
SH025,REC-SH025-202601-0269,2026-01-29,460.00,429.91,30.09,,,SKIPPED,PERIOD_NOT_OPENED
SH010,REC-SH010-202601-0292,2026-01-29,460.00,429.91,30.09,,,SKIPPED,PERIOD_NOT_OPENED
SH026,REC-SH026-202601-0244,2026-01-29,220.00,205.61,14.39,,,SKIPPED,PERIOD_NOT_OPENED
SH012,REC-SH012-202601-0277,2026-01-29,80.00,74.77,5.23,,,SKIPPED,PERIOD_NOT_OPENED
SH026,REC-SH026-202601-0245,2026-01-29,460.00,429.91,30.09,,,SKIPPED,PERIOD_NOT_OPENED
SH025,REC-SH025-202601-0270,2026-01-29,1560.00,1457.94,102.06,,,SKIPPED,PERIOD_NOT_OPENED
SH001,REC-SH001-202601-0280,2026-01-29,1380.00,1289.72,90.28,,,SKIPPED,PERIOD_NOT_OPENED
SH012,REC-SH012-202601-0278,2026-01-29,600.00,560.75,39.25,,,SKIPPED,PERIOD_NOT_OPENED
SH012,REC-SH012-202601-0279,2026-01-29,120.00,112.15,7.85,,,SKIPPED,PERIOD_NOT_OPENED
SH026,REC-SH026-202601-0246,2026-01-29,460.00,429.91,30.09,,,SKIPPED,PERIOD_NOT_OPENED
SH026,REC-SH026-202601-0247,2026-01-29,660.00,616.82,43.18,,,SKIPPED,PERIOD_NOT_OPENED
SH024,REC-SH024-202601-0176,2026-01-29,410.00,383.18,26.82,,,SKIPPED,PERIOD_NOT_OPENED
SH012,REC-SH012-202601-0280,2026-01-29,240.00,224.30,15.70,,,SKIPPED,PERIOD_NOT_OPENED
SH026,REC-SH026-202601-0248,2026-01-29,120.00,112.15,7.85,,,SKIPPED,PERIOD_NOT_OPENED
SH001,REC-SH001-202601-0281,2026-01-29,320.00,299.07,20.93,,,SKIPPED,PERIOD_NOT_OPENED
SH026,REC-SH026-202601-0249,2026-01-29,120.00,112.15,7.85,,,SKIPPED,PERIOD_NOT_OPENED
SH012,REC-SH012-202601-0281,2026-01-29,400.00,373.83,26.17,,,SKIPPED,PERIOD_NOT_OPENED
SH012,REC-SH012-202601-0282,2026-01-29,160.00,149.53,10.47,,,SKIPPED,PERIOD_NOT_OPENED
SH001,REC-SH001-202601-0282,2026-01-29,1710.00,1598.13,111.87,,,SKIPPED,PERIOD_NOT_OPENED
SH012,REC-SH012-202601-0283,2026-01-29,120.00,112.15,7.85,,,SKIPPED,PERIOD_NOT_OPENED
SH025,REC-SH025-202601-0271,2026-01-29,240.00,224.30,15.70,,,SKIPPED,PERIOD_NOT_OPENED
SH001,REC-SH001-202601-0283,2026-01-29,1250.00,1168.22,81.78,,,SKIPPED,PERIOD_NOT_OPENED
SH012,REC-SH012-202601-0284,2026-01-29,360.00,336.45,23.55,,,SKIPPED,PERIOD_NOT_OPENED
SH010,REC-SH010-202601-0293,2026-01-29,120.00,112.15,7.85,,,SKIPPED,PERIOD_NOT_OPENED
SH024,REC-SH024-202601-0177,2026-01-29,80.00,74.77,5.23,,,SKIPPED,PERIOD_NOT_OPENED
SH001,REC-SH001-202601-0284,2026-01-29,1970.00,1841.12,128.88,,,SKIPPED,PERIOD_NOT_OPENED
SH026,REC-SH026-202601-0250,2026-01-29,120.00,112.15,7.85,,,SKIPPED,PERIOD_NOT_OPENED
SH026,REC-SH026-202601-0251,2026-01-29,160.00,149.53,10.47,,,SKIPPED,PERIOD_NOT_OPENED
SH025,REC-SH025-202601-0272,2026-01-29,620.00,579.44,40.56,,,SKIPPED,PERIOD_NOT_OPENED
SH006,REC-SH006-202601-0393,2026-01-29,300.00,280.37,19.63,,,SKIPPED,PERIOD_NOT_OPENED
SH026,REC-SH026-202601-0252,2026-01-29,80.00,74.77,5.23,,,SKIPPED,PERIOD_NOT_OPENED
SH012,REC-SH012-202601-0285,2026-01-29,330.00,308.41,21.59,,,SKIPPED,PERIOD_NOT_OPENED
SH026,REC-SH026-202601-0253,2026-01-29,120.00,112.15,7.85,,,SKIPPED,PERIOD_NOT_OPENED
SH026,REC-SH026-202601-0254,2026-01-29,3120.00,2915.89,204.11,,,SKIPPED,PERIOD_NOT_OPENED
SH030,REC-SH030-202601-0032,2026-01-29,2460.00,2299.07,160.93,,,SKIPPED,PERIOD_NOT_OPENED
SH010,REC-SH010-202601-0294,2026-01-29,160.00,149.53,10.47,,,SKIPPED,PERIOD_NOT_OPENED
SH028,REC-SH028-202601-0092,2026-01-29,1380.00,1289.72,90.28,,,SKIPPED,PERIOD_NOT_OPENED
SH028,REC-SH028-202601-0093,2026-01-29,3160.00,2953.27,206.73,,,SKIPPED,PERIOD_NOT_OPENED
SH026,REC-SH026-202601-0255,2026-01-29,130.00,121.50,8.50,,,SKIPPED,PERIOD_NOT_OPENED
SH006,REC-SH006-202601-0394,2026-01-29,240.00,224.30,15.70,,,SKIPPED,PERIOD_NOT_OPENED
SH006,REC-SH006-202601-0395,2026-01-29,220.00,205.61,14.39,,,SKIPPED,PERIOD_NOT_OPENED
SH024,REC-SH024-202601-0178,2026-01-29,330.00,308.41,21.59,,,SKIPPED,PERIOD_NOT_OPENED
SH024,REC-SH024-202601-0179,2026-01-29,180.00,168.22,11.78,,,SKIPPED,PERIOD_NOT_OPENED
SH024,REC-SH024-202601-0180,2026-01-29,60.00,56.07,3.93,,,SKIPPED,PERIOD_NOT_OPENED
SH025,REC-SH025-202601-0273,2026-01-30,240.00,224.30,15.70,,,SKIPPED,PERIOD_NOT_OPENED
SH010,REC-SH010-202601-0295,2026-01-30,80.00,74.77,5.23,,,SKIPPED,PERIOD_NOT_OPENED
SH006,REC-SH006-202601-0396,2026-01-30,240.00,224.30,15.70,,,SKIPPED,PERIOD_NOT_OPENED
SH010,REC-SH010-202601-0296,2026-01-30,1970.00,1841.12,128.88,,,SKIPPED,PERIOD_NOT_OPENED
SH026,REC-SH026-202601-0256,2026-01-30,610.00,570.09,39.91,,,SKIPPED,PERIOD_NOT_OPENED
SH001,REC-SH001-202601-0285,2026-01-30,2460.00,2299.07,160.93,,,SKIPPED,PERIOD_NOT_OPENED
SH010,REC-SH010-202601-0297,2026-01-30,220.00,205.61,14.39,,,SKIPPED,PERIOD_NOT_OPENED
SH026,REC-SH026-202601-0257,2026-01-30,560.00,523.36,36.64,,,SKIPPED,PERIOD_NOT_OPENED
SH028,REC-SH028-202601-0094,2026-01-30,10730.00,10028.04,701.96,,,SKIPPED,PERIOD_NOT_OPENED
SH010,REC-SH010-202601-0298,2026-01-30,1560.00,1457.94,102.06,,,SKIPPED,PERIOD_NOT_OPENED
SH012,REC-SH012-202601-0286,2026-01-30,240.00,224.30,15.70,,,SKIPPED,PERIOD_NOT_OPENED
SH010,REC-SH010-202601-0299,2026-01-30,100.00,93.46,6.54,,,SKIPPED,PERIOD_NOT_OPENED
SH025,REC-SH025-202601-0274,2026-01-30,80.00,74.77,5.23,,,SKIPPED,PERIOD_NOT_OPENED
SH006,REC-SH006-202601-0397,2026-01-30,240.00,224.30,15.70,,,SKIPPED,PERIOD_NOT_OPENED
SH025,REC-SH025-202601-0275,2026-01-30,300.00,280.37,19.63,,,SKIPPED,PERIOD_NOT_OPENED
SH026,REC-SH026-202601-0258,2026-01-30,380.00,355.14,24.86,,,SKIPPED,PERIOD_NOT_OPENED
SH026,REC-SH026-202601-0259,2026-01-30,60.00,56.07,3.93,,,SKIPPED,PERIOD_NOT_OPENED
SH012,REC-SH012-202601-0287,2026-01-30,80.00,74.77,5.23,,,SKIPPED,PERIOD_NOT_OPENED
SH001,REC-SH001-202601-0286,2026-01-30,240.00,224.30,15.70,,,SKIPPED,PERIOD_NOT_OPENED
SH001,REC-SH001-202601-0287,2026-01-30,1580.00,1476.64,103.36,,,SKIPPED,PERIOD_NOT_OPENED
SH026,REC-SH026-202601-0260,2026-01-30,500.00,467.29,32.71,,,SKIPPED,PERIOD_NOT_OPENED
SH010,REC-SH010-202601-0300,2026-01-30,1380.00,1289.72,90.28,,,SKIPPED,PERIOD_NOT_OPENED
SH012,REC-SH012-202601-0288,2026-01-30,80.00,74.77,5.23,,,SKIPPED,PERIOD_NOT_OPENED
SH001,REC-SH001-202601-0288,2026-01-30,1380.00,1289.72,90.28,,,SKIPPED,PERIOD_NOT_OPENED
SH010,REC-SH010-202601-0301,2026-01-30,780.00,728.97,51.03,,,SKIPPED,PERIOD_NOT_OPENED
SH001,REC-SH001-202601-0289,2026-01-30,7380.00,6897.20,482.80,,,SKIPPED,PERIOD_NOT_OPENED
SH025,REC-SH025-202601-0276,2026-01-30,330.00,308.41,21.59,,,SKIPPED,PERIOD_NOT_OPENED
SH025,REC-SH025-202601-0277,2026-01-30,80.00,74.77,5.23,,,SKIPPED,PERIOD_NOT_OPENED
SH010,REC-SH010-202601-0302,2026-01-30,240.00,224.30,15.70,,,SKIPPED,PERIOD_NOT_OPENED
SH001,REC-SH001-202601-0290,2026-01-30,330.00,308.41,21.59,,,SKIPPED,PERIOD_NOT_OPENED
SH010,REC-SH010-202601-0303,2026-01-30,160.00,149.53,10.47,,,SKIPPED,PERIOD_NOT_OPENED
SH001,REC-SH001-202601-0291,2026-01-30,650.00,607.48,42.52,,,SKIPPED,PERIOD_NOT_OPENED
SH025,REC-SH025-202601-0278,2026-01-30,160.00,149.53,10.47,,,SKIPPED,PERIOD_NOT_OPENED
SH025,REC-SH025-202601-0279,2026-01-30,80.00,74.77,5.23,,,SKIPPED,PERIOD_NOT_OPENED
SH026,REC-SH026-202601-0261,2026-01-30,160.00,149.53,10.47,,,SKIPPED,PERIOD_NOT_OPENED
SH010,REC-SH010-202601-0304,2026-01-30,160.00,149.53,10.47,,,SKIPPED,PERIOD_NOT_OPENED
SH012,REC-SH012-202601-0289,2026-01-30,80.00,74.77,5.23,,,SKIPPED,PERIOD_NOT_OPENED
SH024,REC-SH024-202601-0181,2026-01-30,80.00,74.77,5.23,,,SKIPPED,PERIOD_NOT_OPENED
SH001,REC-SH001-202601-0292,2026-01-30,1580.00,1476.64,103.36,,,SKIPPED,PERIOD_NOT_OPENED
SH025,REC-SH025-202601-0280,2026-01-30,80.00,74.77,5.23,,,SKIPPED,PERIOD_NOT_OPENED
SH006,REC-SH006-202601-0398,2026-01-30,120.00,112.15,7.85,,,SKIPPED,PERIOD_NOT_OPENED
SH025,REC-SH025-202601-0281,2026-01-30,60.00,56.07,3.93,,,SKIPPED,PERIOD_NOT_OPENED
SH006,REC-SH006-202601-0399,2026-01-30,600.00,560.75,39.25,,,SKIPPED,PERIOD_NOT_OPENED
SH025,REC-SH025-202601-0282,2026-01-30,80.00,74.77,5.23,,,SKIPPED,PERIOD_NOT_OPENED
SH001,REC-SH001-202601-0293,2026-01-30,1580.00,1476.64,103.36,,,SKIPPED,PERIOD_NOT_OPENED
SH001,REC-SH001-202601-0294,2026-01-30,1690.00,1579.44,110.56,,,SKIPPED,PERIOD_NOT_OPENED
SH025,REC-SH025-202601-0283,2026-01-30,330.00,308.41,21.59,,,SKIPPED,PERIOD_NOT_OPENED
SH001,REC-SH001-202601-0295,2026-01-30,2530.00,2364.49,165.51,,,SKIPPED,PERIOD_NOT_OPENED
SH024,REC-SH024-202601-0182,2026-01-30,560.00,523.36,36.64,,,SKIPPED,PERIOD_NOT_OPENED
SH012,REC-SH012-202601-0290,2026-01-30,310.00,289.72,20.28,,,SKIPPED,PERIOD_NOT_OPENED
SH028,REC-SH028-202601-0095,2026-01-30,220.00,205.61,14.39,,,SKIPPED,PERIOD_NOT_OPENED
SH010,REC-SH010-202601-0305,2026-01-30,60.00,56.07,3.93,,,SKIPPED,PERIOD_NOT_OPENED
SH026,REC-SH026-202601-0262,2026-01-30,160.00,149.53,10.47,,,SKIPPED,PERIOD_NOT_OPENED
SH010,REC-SH010-202601-0306,2026-01-30,60.00,56.07,3.93,,,SKIPPED,PERIOD_NOT_OPENED
SH001,REC-SH001-202601-0296,2026-01-30,160.00,149.53,10.47,,,SKIPPED,PERIOD_NOT_OPENED
SH026,REC-SH026-202601-0263,2026-01-30,120.00,112.15,7.85,,,SKIPPED,PERIOD_NOT_OPENED
SH025,REC-SH025-202601-0284,2026-01-30,240.00,224.30,15.70,,,SKIPPED,PERIOD_NOT_OPENED
SH006,REC-SH006-202601-0400,2026-01-30,160.00,149.53,10.47,,,SKIPPED,PERIOD_NOT_OPENED
SH028,REC-SH028-202601-0096,2026-01-30,330.00,308.41,21.59,,,SKIPPED,PERIOD_NOT_OPENED
SH006,REC-SH006-202601-0401,2026-01-30,240.00,224.30,15.70,,,SKIPPED,PERIOD_NOT_OPENED
SH010,REC-SH010-202601-0307,2026-01-30,2200.00,2056.07,143.93,,,SKIPPED,PERIOD_NOT_OPENED
SH025,REC-SH025-202601-0285,2026-01-30,1870.00,1747.66,122.34,,,SKIPPED,PERIOD_NOT_OPENED
SH010,REC-SH010-202601-0308,2026-01-30,80.00,74.77,5.23,,,SKIPPED,PERIOD_NOT_OPENED
SH025,REC-SH025-202601-0286,2026-01-30,320.00,299.07,20.93,,,SKIPPED,PERIOD_NOT_OPENED
SH024,REC-SH024-202601-0183,2026-01-30,380.00,355.14,24.86,,,SKIPPED,PERIOD_NOT_OPENED
SH006,REC-SH006-202601-0402,2026-01-30,1320.00,1233.64,86.36,,,SKIPPED,PERIOD_NOT_OPENED
SH025,REC-SH025-202601-0287,2026-01-30,80.00,74.77,5.23,,,SKIPPED,PERIOD_NOT_OPENED
SH012,REC-SH012-202601-0291,2026-01-30,120.00,112.15,7.85,,,SKIPPED,PERIOD_NOT_OPENED
SH012,REC-SH012-202601-0292,2026-01-30,310.00,289.72,20.28,,,SKIPPED,PERIOD_NOT_OPENED
SH012,REC-SH012-202601-0293,2026-01-30,580.00,542.06,37.94,,,SKIPPED,PERIOD_NOT_OPENED
SH025,REC-SH025-202601-0288,2026-01-30,190.00,177.57,12.43,,,SKIPPED,PERIOD_NOT_OPENED
SH001,REC-SH001-202601-0297,2026-01-30,380.00,355.14,24.86,,,SKIPPED,PERIOD_NOT_OPENED
SH001,REC-SH001-202601-0298,2026-01-30,1710.00,1598.13,111.87,,,SKIPPED,PERIOD_NOT_OPENED
SH006,REC-SH006-202601-0403,2026-01-30,80.00,74.77,5.23,,,SKIPPED,PERIOD_NOT_OPENED
SH001,REC-SH001-202601-0299,2026-01-30,1580.00,1476.64,103.36,,,SKIPPED,PERIOD_NOT_OPENED
SH012,REC-SH012-202601-0294,2026-01-30,80.00,74.77,5.23,,,SKIPPED,PERIOD_NOT_OPENED
SH010,REC-SH010-202601-0309,2026-01-30,680.00,635.51,44.49,,,SKIPPED,PERIOD_NOT_OPENED
SH006,REC-SH006-202601-0404,2026-01-30,325.00,303.74,21.26,,,SKIPPED,PERIOD_NOT_OPENED
SH006,REC-SH006-202601-0405,2026-01-30,160.00,149.53,10.47,,,SKIPPED,PERIOD_NOT_OPENED
SH025,REC-SH025-202601-0289,2026-01-30,220.00,205.61,14.39,,,SKIPPED,PERIOD_NOT_OPENED
SH001,REC-SH001-202601-0300,2026-01-31,580.00,542.06,37.94,,,SKIPPED,PERIOD_NOT_OPENED
SH006,REC-SH006-202601-0406,2026-01-31,350.00,327.10,22.90,,,SKIPPED,PERIOD_NOT_OPENED
SH010,REC-SH010-202601-0310,2026-01-31,1230.00,1149.53,80.47,,,SKIPPED,PERIOD_NOT_OPENED
SH026,REC-SH026-202601-0264,2026-01-31,120.00,112.15,7.85,,,SKIPPED,PERIOD_NOT_OPENED
SH012,REC-SH012-202601-0295,2026-01-31,120.00,112.15,7.85,,,SKIPPED,PERIOD_NOT_OPENED
SH030,REC-SH030-202601-0033,2026-01-31,80.00,74.77,5.23,,,SKIPPED,PERIOD_NOT_OPENED
SH010,REC-SH010-202601-0311,2026-01-31,160.00,149.53,10.47,,,SKIPPED,PERIOD_NOT_OPENED
SH010,REC-SH010-202601-0312,2026-01-31,2460.00,2299.07,160.93,,,SKIPPED,PERIOD_NOT_OPENED
SH012,REC-SH012-202601-0296,2026-01-31,60.00,56.07,3.93,,,SKIPPED,PERIOD_NOT_OPENED
SH025,REC-SH025-202601-0290,2026-01-31,460.00,429.91,30.09,,,SKIPPED,PERIOD_NOT_OPENED
SH012,REC-SH012-202601-0297,2026-01-31,160.00,149.53,10.47,,,SKIPPED,PERIOD_NOT_OPENED
SH010,REC-SH010-202601-0313,2026-01-31,330.00,308.41,21.59,,,SKIPPED,PERIOD_NOT_OPENED
SH026,REC-SH026-202601-0265,2026-01-31,240.00,224.30,15.70,,,SKIPPED,PERIOD_NOT_OPENED
SH025,REC-SH025-202601-0291,2026-01-31,330.00,308.41,21.59,,,SKIPPED,PERIOD_NOT_OPENED
SH024,REC-SH024-202601-0184,2026-01-31,960.00,897.20,62.80,,,SKIPPED,PERIOD_NOT_OPENED
SH012,REC-SH012-202601-0298,2026-01-31,380.00,355.14,24.86,,,SKIPPED,PERIOD_NOT_OPENED
SH001,REC-SH001-202601-0301,2026-01-31,120.00,112.15,7.85,,,SKIPPED,PERIOD_NOT_OPENED
SH010,REC-SH010-202601-0314,2026-01-31,1380.00,1289.72,90.28,,,SKIPPED,PERIOD_NOT_OPENED
SH006,REC-SH006-202601-0407,2026-01-31,325.00,303.74,21.26,,,SKIPPED,PERIOD_NOT_OPENED
SH006,REC-SH006-202601-0408,2026-01-31,240.00,224.30,15.70,,,SKIPPED,PERIOD_NOT_OPENED
SH012,REC-SH012-202601-0299,2026-01-31,1650.00,1542.06,107.94,,,SKIPPED,PERIOD_NOT_OPENED
SH030,REC-SH030-202601-0034,2026-01-31,80.00,74.77,5.23,,,SKIPPED,PERIOD_NOT_OPENED
SH006,REC-SH006-202601-0409,2026-01-31,330.00,308.41,21.59,,,SKIPPED,PERIOD_NOT_OPENED
SH012,REC-SH012-202601-0300,2026-01-31,360.00,336.45,23.55,,,SKIPPED,PERIOD_NOT_OPENED
SH001,REC-SH001-202601-0302,2026-01-31,1710.00,1598.13,111.87,,,SKIPPED,PERIOD_NOT_OPENED
SH006,REC-SH006-202601-0410,2026-01-31,240.00,224.30,15.70,,,SKIPPED,PERIOD_NOT_OPENED
SH010,REC-SH010-202601-0315,2026-01-31,2460.00,2299.07,160.93,,,SKIPPED,PERIOD_NOT_OPENED
SH012,REC-SH012-202601-0301,2026-01-31,330.00,308.41,21.59,,,SKIPPED,PERIOD_NOT_OPENED
SH026,REC-SH026-202601-0266,2026-01-31,160.00,149.53,10.47,,,SKIPPED,PERIOD_NOT_OPENED
SH012,REC-SH012-202601-0302,2026-01-31,320.00,299.07,20.93,,,SKIPPED,PERIOD_NOT_OPENED
SH006,REC-SH006-202601-0411,2026-01-31,280.00,261.68,18.32,,,SKIPPED,PERIOD_NOT_OPENED
SH026,REC-SH026-202601-0267,2026-01-31,580.00,542.06,37.94,,,SKIPPED,PERIOD_NOT_OPENED
SH006,REC-SH006-202601-0412,2026-01-31,240.00,224.30,15.70,,,SKIPPED,PERIOD_NOT_OPENED
SH006,REC-SH006-202601-0413,2026-01-31,1760.00,1644.86,115.14,,,SKIPPED,PERIOD_NOT_OPENED
SH001,REC-SH001-202601-0303,2026-01-31,1380.00,1289.72,90.28,,,SKIPPED,PERIOD_NOT_OPENED
SH010,REC-SH010-202601-0316,2026-01-31,200.00,186.92,13.08,,,SKIPPED,PERIOD_NOT_OPENED
SH012,REC-SH012-202601-0303,2026-01-31,600.00,560.75,39.25,,,SKIPPED,PERIOD_NOT_OPENED
SH006,REC-SH006-202601-0414,2026-01-31,240.00,224.30,15.70,,,SKIPPED,PERIOD_NOT_OPENED
SH026,REC-SH026-202601-0268,2026-01-31,280.00,261.68,18.32,,,SKIPPED,PERIOD_NOT_OPENED
SH001,REC-SH001-202601-0304,2026-01-31,330.00,308.41,21.59,,,SKIPPED,PERIOD_NOT_OPENED
SH024,REC-SH024-202601-0185,2026-01-31,160.00,149.53,10.47,,,SKIPPED,PERIOD_NOT_OPENED
SH010,REC-SH010-202601-0317,2026-01-31,460.00,429.91,30.09,,,SKIPPED,PERIOD_NOT_OPENED
SH012,REC-SH012-202601-0304,2026-01-31,120.00,112.15,7.85,,,SKIPPED,PERIOD_NOT_OPENED
SH026,REC-SH026-202601-0269,2026-01-31,1510.00,1411.21,98.79,,,SKIPPED,PERIOD_NOT_OPENED
SH001,REC-SH001-202601-0305,2026-01-31,1580.00,1476.64,103.36,,,SKIPPED,PERIOD_NOT_OPENED
SH024,REC-SH024-202601-0186,2026-01-31,160.00,149.53,10.47,,,SKIPPED,PERIOD_NOT_OPENED
SH024,REC-SH024-202601-0187,2026-01-31,330.00,308.41,21.59,,,SKIPPED,PERIOD_NOT_OPENED
SH025,REC-SH025-202601-0292,2026-01-31,120.00,112.15,7.85,,,SKIPPED,PERIOD_NOT_OPENED
SH006,REC-SH006-202601-0415,2026-01-31,60.00,56.07,3.93,,,SKIPPED,PERIOD_NOT_OPENED
SH012,REC-SH012-202601-0305,2026-01-31,550.00,514.02,35.98,,,SKIPPED,PERIOD_NOT_OPENED
SH006,REC-SH006-202601-0416,2026-01-31,160.00,149.53,10.47,,,SKIPPED,PERIOD_NOT_OPENED
SH028,REC-SH028-202601-0097,2026-01-31,1970.00,1841.12,128.88,,,SKIPPED,PERIOD_NOT_OPENED
SH026,REC-SH026-202601-0270,2026-01-31,1250.00,1168.22,81.78,,,SKIPPED,PERIOD_NOT_OPENED
SH006,REC-SH006-202601-0417,2026-01-31,2020.00,1887.85,132.15,,,SKIPPED,PERIOD_NOT_OPENED
SH025,REC-SH025-202601-0293,2026-01-31,1760.00,1644.86,115.14,,,SKIPPED,PERIOD_NOT_OPENED
SH006,REC-SH006-202601-0418,2026-01-31,60.00,56.07,3.93,,,SKIPPED,PERIOD_NOT_OPENED
SH012,REC-SH012-202601-0306,2026-01-31,240.00,224.30,15.70,,,SKIPPED,PERIOD_NOT_OPENED
SH026,REC-SH026-202601-0271,2026-01-31,80.00,74.77,5.23,,,SKIPPED,PERIOD_NOT_OPENED
SH012,REC-SH012-202601-0307,2026-01-31,160.00,149.53,10.47,,,SKIPPED,PERIOD_NOT_OPENED
SH024,REC-SH024-202601-0188,2026-01-31,960.00,897.20,62.80,,,SKIPPED,PERIOD_NOT_OPENED
SH006,REC-SH006-202601-0419,2026-01-31,120.00,112.15,7.85,,,SKIPPED,PERIOD_NOT_OPENED
SH024,REC-SH024-202601-0189,2026-01-31,280.00,261.68,18.32,,,SKIPPED,PERIOD_NOT_OPENED
SH024,REC-SH024-202601-0190,2026-01-31,60.00,56.07,3.93,,,SKIPPED,PERIOD_NOT_OPENED
SH024,REC-SH024-202601-0191,2026-01-31,80.00,74.77,5.23,,,SKIPPED,PERIOD_NOT_OPENED
SH006,REC-SH006-202601-0420,2026-01-31,650.00,607.48,42.52,,,SKIPPED,PERIOD_NOT_OPENED
SH012,REC-SH012-202601-0308,2026-01-31,240.00,224.30,15.70,,,SKIPPED,PERIOD_NOT_OPENED
SH010,REC-SH010-202601-0318,2026-01-31,620.00,579.44,40.56,,,SKIPPED,PERIOD_NOT_OPENED
SH001,REC-SH001-202601-0306,2026-01-31,660.00,616.82,43.18,,,SKIPPED,PERIOD_NOT_OPENED
SH006,REC-SH006-202601-0421,2026-01-31,350.00,327.10,22.90,,,SKIPPED,PERIOD_NOT_OPENED
SH026,REC-SH026-202601-0272,2026-01-31,460.00,429.91,30.09,,,SKIPPED,PERIOD_NOT_OPENED
SH012,REC-SH012-202601-0309,2026-01-31,120.00,112.15,7.85,,,SKIPPED,PERIOD_NOT_OPENED
SH025,REC-SH025-202601-0294,2026-01-31,650.00,607.48,42.52,,,SKIPPED,PERIOD_NOT_OPENED
SH025,REC-SH025-202601-0295,2026-01-31,330.00,308.41,21.59,,,SKIPPED,PERIOD_NOT_OPENED
SH025,REC-SH025-202601-0296,2026-01-31,170.00,158.88,11.12,,,SKIPPED,PERIOD_NOT_OPENED
