Branch,ReceiptNo,SaleDate,Gross,CalculatedNet,CalculatedVAT,COGS,Tender,Status,SkipReason
SH010,REC-SH010-202604-0001,2026-04-01,330.00,308.41,21.59,,,SKIPPED,PERIOD_NOT_OPENED
SH012,REC-SH012-202604-0001,2026-04-01,80.00,74.77,5.23,,,SKIPPED,PERIOD_NOT_OPENED
SH001,REC-SH001-202604-0001,2026-04-01,80.00,74.77,5.23,,,SKIPPED,PERIOD_NOT_OPENED
SH026,REC-SH026-202604-0001,2026-04-01,5140.00,4803.74,336.26,,,SKIPPED,PERIOD_NOT_OPENED
SH012,REC-SH012-202604-0002,2026-04-01,960.00,897.20,62.80,,,SKIPPED,PERIOD_NOT_OPENED
SH010,REC-SH010-202604-0002,2026-04-01,80.00,74.77,5.23,,,SKIPPED,PERIOD_NOT_OPENED
SH001,REC-SH001-202604-0002,2026-04-01,80.00,74.77,5.23,,,SKIPPED,PERIOD_NOT_OPENED
SH006,REC-SH006-202604-0001,2026-04-01,325.00,303.74,21.26,,,SKIPPED,PERIOD_NOT_OPENED
SH001,REC-SH001-202604-0003,2026-04-01,1380.00,1289.72,90.28,,,SKIPPED,PERIOD_NOT_OPENED
SH010,REC-SH010-202604-0003,2026-04-01,3780.00,3532.71,247.29,,,SKIPPED,PERIOD_NOT_OPENED
SH010,REC-SH010-202604-0004,2026-04-01,1970.00,1841.12,128.88,,,SKIPPED,PERIOD_NOT_OPENED
SH001,REC-SH001-202604-0004,2026-04-01,580.00,542.06,37.94,,,SKIPPED,PERIOD_NOT_OPENED
SH012,REC-SH012-202604-0003,2026-04-01,80.00,74.77,5.23,,,SKIPPED,PERIOD_NOT_OPENED
SH006,REC-SH006-202604-0002,2026-04-01,160.00,149.53,10.47,,,SKIPPED,PERIOD_NOT_OPENED
SH012,REC-SH012-202604-0004,2026-04-01,60.00,56.07,3.93,,,SKIPPED,PERIOD_NOT_OPENED
SH025,REC-SH025-202604-0001,2026-04-01,80.00,74.77,5.23,,,SKIPPED,PERIOD_NOT_OPENED
SH025,REC-SH025-202604-0002,2026-04-01,80.00,74.77,5.23,,,SKIPPED,PERIOD_NOT_OPENED
SH001,REC-SH001-202604-0005,2026-04-01,1620.00,1514.02,105.98,,,SKIPPED,PERIOD_NOT_OPENED
SH006,REC-SH006-202604-0003,2026-04-01,1560.00,1457.94,102.06,,,SKIPPED,PERIOD_NOT_OPENED
SH006,REC-SH006-202604-0004,2026-04-01,200.00,186.92,13.08,,,SKIPPED,PERIOD_NOT_OPENED
SH026,REC-SH026-202604-0002,2026-04-01,1620.00,1514.02,105.98,,,SKIPPED,PERIOD_NOT_OPENED
SH006,REC-SH006-202604-0005,2026-04-01,160.00,149.53,10.47,,,SKIPPED,PERIOD_NOT_OPENED
SH006,REC-SH006-202604-0006,2026-04-01,240.00,224.30,15.70,,,SKIPPED,PERIOD_NOT_OPENED
SH006,REC-SH006-202604-0007,2026-04-01,560.00,523.36,36.64,,,SKIPPED,PERIOD_NOT_OPENED
SH006,REC-SH006-202604-0008,2026-04-01,700.00,654.21,45.79,,,SKIPPED,PERIOD_NOT_OPENED
SH012,REC-SH012-202604-0005,2026-04-01,120.00,112.15,7.85,,,SKIPPED,PERIOD_NOT_OPENED
SH025,REC-SH025-202604-0003,2026-04-01,160.00,149.53,10.47,,,SKIPPED,PERIOD_NOT_OPENED
SH012,REC-SH012-202604-0006,2026-04-01,120.00,112.15,7.85,,,SKIPPED,PERIOD_NOT_OPENED
SH025,REC-SH025-202604-0004,2026-04-01,80.00,74.77,5.23,,,SKIPPED,PERIOD_NOT_OPENED
SH026,REC-SH026-202604-0003,2026-04-01,1620.00,1514.02,105.98,,,SKIPPED,PERIOD_NOT_OPENED
SH012,REC-SH012-202604-0007,2026-04-01,580.00,542.06,37.94,,,SKIPPED,PERIOD_NOT_OPENED
SH010,REC-SH010-202604-0005,2026-04-01,1970.00,1841.12,128.88,,,SKIPPED,PERIOD_NOT_OPENED
SH001,REC-SH001-202604-0006,2026-04-01,610.00,570.09,39.91,,,SKIPPED,PERIOD_NOT_OPENED
SH026,REC-SH026-202604-0004,2026-04-01,690.00,644.86,45.14,,,SKIPPED,PERIOD_NOT_OPENED
SH024,REC-SH024-202604-0001,2026-04-01,320.00,299.07,20.93,,,SKIPPED,PERIOD_NOT_OPENED
SH001,REC-SH001-202604-0007,2026-04-01,220.00,205.61,14.39,,,SKIPPED,PERIOD_NOT_OPENED
SH024,REC-SH024-202604-0002,2026-04-01,160.00,149.53,10.47,,,SKIPPED,PERIOD_NOT_OPENED
SH025,REC-SH025-202604-0005,2026-04-01,380.00,355.14,24.86,,,SKIPPED,PERIOD_NOT_OPENED
SH025,REC-SH025-202604-0006,2026-04-01,1150.00,1074.77,75.23,,,SKIPPED,PERIOD_NOT_OPENED
SH012,REC-SH012-202604-0008,2026-04-01,350.00,327.10,22.90,,,SKIPPED,PERIOD_NOT_OPENED
SH006,REC-SH006-202604-0009,2026-04-01,240.00,224.30,15.70,,,SKIPPED,PERIOD_NOT_OPENED
SH030,REC-SH030-202604-0001,2026-04-01,80.00,74.77,5.23,,,SKIPPED,PERIOD_NOT_OPENED
SH028,REC-SH028-202604-0001,2026-04-01,120.00,112.15,7.85,,,SKIPPED,PERIOD_NOT_OPENED
SH025,REC-SH025-202604-0007,2026-04-01,350.00,327.10,22.90,,,SKIPPED,PERIOD_NOT_OPENED
SH024,REC-SH024-202604-0003,2026-04-01,640.00,598.13,41.87,,,SKIPPED,PERIOD_NOT_OPENED
SH024,REC-SH024-202604-0004,2026-04-01,240.00,224.30,15.70,,,SKIPPED,PERIOD_NOT_OPENED
SH028,REC-SH028-202604-0002,2026-04-01,1620.00,1514.02,105.98,,,SKIPPED,PERIOD_NOT_OPENED
SH012,REC-SH012-202604-0009,2026-04-01,380.00,355.14,24.86,,,SKIPPED,PERIOD_NOT_OPENED
SH026,REC-SH026-202604-0005,2026-04-01,450.00,420.56,29.44,,,SKIPPED,PERIOD_NOT_OPENED
SH010,REC-SH010-202604-0006,2026-04-01,80.00,74.77,5.23,,,SKIPPED,PERIOD_NOT_OPENED
SH010,REC-SH010-202604-0007,2026-04-01,80.00,74.77,5.23,,,SKIPPED,PERIOD_NOT_OPENED
SH012,REC-SH012-202604-0010,2026-04-01,1130.00,1056.07,73.93,,,SKIPPED,PERIOD_NOT_OPENED
SH026,REC-SH026-202604-0006,2026-04-01,450.00,420.56,29.44,,,SKIPPED,PERIOD_NOT_OPENED
SH006,REC-SH006-202604-0010,2026-04-01,0.00,0.00,0.00,,,SKIPPED,MISSING_POSTING_DATA
SH028,REC-SH028-202604-0003,2026-04-01,3480.00,3252.34,227.66,,,SKIPPED,PERIOD_NOT_OPENED
SH006,REC-SH006-202604-0011,2026-04-01,330.00,308.41,21.59,,,SKIPPED,PERIOD_NOT_OPENED
SH010,REC-SH010-202604-0008,2026-04-01,80.00,74.77,5.23,,,SKIPPED,PERIOD_NOT_OPENED
SH025,REC-SH025-202604-0008,2026-04-01,460.00,429.91,30.09,,,SKIPPED,PERIOD_NOT_OPENED
SH001,REC-SH001-202604-0008,2026-04-01,80.00,74.77,5.23,,,SKIPPED,PERIOD_NOT_OPENED
SH026,REC-SH026-202604-0007,2026-04-01,120.00,112.15,7.85,,,SKIPPED,PERIOD_NOT_OPENED
SH026,REC-SH026-202604-0008,2026-04-01,60.00,56.07,3.93,,,SKIPPED,PERIOD_NOT_OPENED
SH010,REC-SH010-202604-0009,2026-04-01,80.00,74.77,5.23,,,SKIPPED,PERIOD_NOT_OPENED
SH012,REC-SH012-202604-0011,2026-04-01,1160.00,1084.11,75.89,,,SKIPPED,PERIOD_NOT_OPENED
SH006,REC-SH006-202604-0012,2026-04-01,330.00,308.41,21.59,,,SKIPPED,PERIOD_NOT_OPENED
SH010,REC-SH010-202604-0010,2026-04-01,325.00,303.74,21.26,,,SKIPPED,PERIOD_NOT_OPENED
SH028,REC-SH028-202604-0004,2026-04-01,2500.00,2336.45,163.55,,,SKIPPED,PERIOD_NOT_OPENED
SH024,REC-SH024-202604-0005,2026-04-01,240.00,224.30,15.70,,,SKIPPED,PERIOD_NOT_OPENED
SH012,REC-SH012-202604-0012,2026-04-01,80.00,74.77,5.23,,,SKIPPED,PERIOD_NOT_OPENED
SH010,REC-SH010-202604-0011,2026-04-01,1230.00,1149.53,80.47,,,SKIPPED,PERIOD_NOT_OPENED
SH001,REC-SH001-202604-0009,2026-04-01,2640.00,2467.29,172.71,,,SKIPPED,PERIOD_NOT_OPENED
SH028,REC-SH028-202604-0005,2026-04-01,1250.00,1168.22,81.78,,,SKIPPED,PERIOD_NOT_OPENED
SH006,REC-SH006-202604-0013,2026-04-01,80.00,74.77,5.23,,,SKIPPED,PERIOD_NOT_OPENED
SH025,REC-SH025-202604-0009,2026-04-01,330.00,308.41,21.59,,,SKIPPED,PERIOD_NOT_OPENED
SH010,REC-SH010-202604-0012,2026-04-02,320.00,299.07,20.93,,,SKIPPED,PERIOD_NOT_OPENED
SH001,REC-SH001-202604-0010,2026-04-02,14940.00,13962.62,977.38,,,SKIPPED,PERIOD_NOT_OPENED
SH006,REC-SH006-202604-0014,2026-04-02,760.00,710.28,49.72,,,SKIPPED,PERIOD_NOT_OPENED
SH006,REC-SH006-202604-0015,2026-04-02,160.00,149.53,10.47,,,SKIPPED,PERIOD_NOT_OPENED
SH006,REC-SH006-202604-0016,2026-04-02,720.00,672.90,47.10,,,SKIPPED,PERIOD_NOT_OPENED
SH012,REC-SH012-202604-0013,2026-04-02,290.00,271.03,18.97,,,SKIPPED,PERIOD_NOT_OPENED
SH001,REC-SH001-202604-0011,2026-04-02,80.00,74.77,5.23,,,SKIPPED,PERIOD_NOT_OPENED
SH026,REC-SH026-202604-0009,2026-04-02,460.00,429.91,30.09,,,SKIPPED,PERIOD_NOT_OPENED
SH012,REC-SH012-202604-0014,2026-04-02,160.00,149.53,10.47,,,SKIPPED,PERIOD_NOT_OPENED
SH026,REC-SH026-202604-0010,2026-04-02,160.00,149.53,10.47,,,SKIPPED,PERIOD_NOT_OPENED
SH001,REC-SH001-202604-0012,2026-04-02,220.00,205.61,14.39,,,SKIPPED,PERIOD_NOT_OPENED
SH010,REC-SH010-202604-0013,2026-04-02,120.00,112.15,7.85,,,SKIPPED,PERIOD_NOT_OPENED
SH025,REC-SH025-202604-0010,2026-04-02,410.00,383.18,26.82,,,SKIPPED,PERIOD_NOT_OPENED
SH006,REC-SH006-202604-0017,2026-04-02,80.00,74.77,5.23,,,SKIPPED,PERIOD_NOT_OPENED
SH001,REC-SH001-202604-0013,2026-04-02,500.00,467.29,32.71,,,SKIPPED,PERIOD_NOT_OPENED
SH025,REC-SH025-202604-0011,2026-04-02,800.00,747.66,52.34,,,SKIPPED,PERIOD_NOT_OPENED
SH024,REC-SH024-202604-0006,2026-04-02,220.00,205.61,14.39,,,SKIPPED,PERIOD_NOT_OPENED
SH006,REC-SH006-202604-0018,2026-04-02,80.00,74.77,5.23,,,SKIPPED,PERIOD_NOT_OPENED
SH001,REC-SH001-202604-0014,2026-04-02,650.00,607.48,42.52,,,SKIPPED,PERIOD_NOT_OPENED
SH028,REC-SH028-202604-0006,2026-04-02,160.00,149.53,10.47,,,SKIPPED,PERIOD_NOT_OPENED
SH012,REC-SH012-202604-0015,2026-04-02,1620.00,1514.02,105.98,,,SKIPPED,PERIOD_NOT_OPENED
SH025,REC-SH025-202604-0012,2026-04-02,240.00,224.30,15.70,,,SKIPPED,PERIOD_NOT_OPENED
SH012,REC-SH012-202604-0016,2026-04-02,1010.00,943.93,66.07,,,SKIPPED,PERIOD_NOT_OPENED
SH028,REC-SH028-202604-0007,2026-04-02,320.00,299.07,20.93,,,SKIPPED,PERIOD_NOT_OPENED
SH012,REC-SH012-202604-0017,2026-04-02,280.00,261.68,18.32,,,SKIPPED,PERIOD_NOT_OPENED
SH012,REC-SH012-202604-0018,2026-04-02,660.00,616.82,43.18,,,SKIPPED,PERIOD_NOT_OPENED
SH026,REC-SH026-202604-0011,2026-04-02,160.00,149.53,10.47,,,SKIPPED,PERIOD_NOT_OPENED
SH010,REC-SH010-202604-0014,2026-04-02,460.00,429.91,30.09,,,SKIPPED,PERIOD_NOT_OPENED
SH030,REC-SH030-202604-0002,2026-04-02,1900.00,1775.70,124.30,,,SKIPPED,PERIOD_NOT_OPENED
SH006,REC-SH006-202604-0019,2026-04-02,120.00,112.15,7.85,,,SKIPPED,PERIOD_NOT_OPENED
SH006,REC-SH006-202604-0020,2026-04-02,240.00,224.30,15.70,,,SKIPPED,PERIOD_NOT_OPENED
SH024,REC-SH024-202604-0007,2026-04-02,120.00,112.15,7.85,,,SKIPPED,PERIOD_NOT_OPENED
SH006,REC-SH006-202604-0021,2026-04-02,160.00,149.53,10.47,,,SKIPPED,PERIOD_NOT_OPENED
SH010,REC-SH010-202604-0015,2026-04-02,160.00,149.53,10.47,,,SKIPPED,PERIOD_NOT_OPENED
SH006,REC-SH006-202604-0022,2026-04-02,2460.00,2299.07,160.93,,,SKIPPED,PERIOD_NOT_OPENED
SH010,REC-SH010-202604-0016,2026-04-02,1560.00,1457.94,102.06,,,SKIPPED,PERIOD_NOT_OPENED
SH001,REC-SH001-202604-0015,2026-04-02,220.00,205.61,14.39,,,SKIPPED,PERIOD_NOT_OPENED
SH012,REC-SH012-202604-0019,2026-04-02,240.00,224.30,15.70,,,SKIPPED,PERIOD_NOT_OPENED
SH012,REC-SH012-202604-0020,2026-04-02,1360.00,1271.03,88.97,,,SKIPPED,PERIOD_NOT_OPENED
SH025,REC-SH025-202604-0013,2026-04-02,390.00,364.49,25.51,,,SKIPPED,PERIOD_NOT_OPENED
SH001,REC-SH001-202604-0016,2026-04-02,610.00,570.09,39.91,,,SKIPPED,PERIOD_NOT_OPENED
SH010,REC-SH010-202604-0017,2026-04-02,240.00,224.30,15.70,,,SKIPPED,PERIOD_NOT_OPENED
SH006,REC-SH006-202604-0023,2026-04-02,325.00,303.74,21.26,,,SKIPPED,PERIOD_NOT_OPENED
SH024,REC-SH024-202604-0008,2026-04-02,1430.00,1336.45,93.55,,,SKIPPED,PERIOD_NOT_OPENED
SH024,REC-SH024-202604-0009,2026-04-02,80.00,74.77,5.23,,,SKIPPED,PERIOD_NOT_OPENED
SH010,REC-SH010-202604-0018,2026-04-02,160.00,149.53,10.47,,,SKIPPED,PERIOD_NOT_OPENED
SH026,REC-SH026-202604-0012,2026-04-02,80.00,74.77,5.23,,,SKIPPED,PERIOD_NOT_OPENED
SH006,REC-SH006-202604-0024,2026-04-02,120.00,112.15,7.85,,,SKIPPED,PERIOD_NOT_OPENED
SH001,REC-SH001-202604-0017,2026-04-02,160.00,149.53,10.47,,,SKIPPED,PERIOD_NOT_OPENED
SH026,REC-SH026-202604-0013,2026-04-02,3750.00,3504.67,245.33,,,SKIPPED,PERIOD_NOT_OPENED
SH006,REC-SH006-202604-0025,2026-04-02,580.00,542.06,37.94,,,SKIPPED,PERIOD_NOT_OPENED
SH024,REC-SH024-202604-0010,2026-04-02,3240.00,3028.04,211.96,,,SKIPPED,PERIOD_NOT_OPENED
SH012,REC-SH012-202604-0021,2026-04-02,160.00,149.53,10.47,,,SKIPPED,PERIOD_NOT_OPENED
SH010,REC-SH010-202604-0019,2026-04-02,330.00,308.41,21.59,,,SKIPPED,PERIOD_NOT_OPENED
SH006,REC-SH006-202604-0026,2026-04-02,240.00,224.30,15.70,,,SKIPPED,PERIOD_NOT_OPENED
SH001,REC-SH001-202604-0018,2026-04-02,680.00,635.51,44.49,,,SKIPPED,PERIOD_NOT_OPENED
SH025,REC-SH025-202604-0014,2026-04-02,160.00,149.53,10.47,,,SKIPPED,PERIOD_NOT_OPENED
SH026,REC-SH026-202604-0014,2026-04-02,640.00,598.13,41.87,,,SKIPPED,PERIOD_NOT_OPENED
SH006,REC-SH006-202604-0027,2026-04-02,160.00,149.53,10.47,,,SKIPPED,PERIOD_NOT_OPENED
SH006,REC-SH006-202604-0028,2026-04-02,80.00,74.77,5.23,,,SKIPPED,PERIOD_NOT_OPENED
SH012,REC-SH012-202604-0022,2026-04-02,1970.00,1841.12,128.88,,,SKIPPED,PERIOD_NOT_OPENED
SH012,REC-SH012-202604-0023,2026-04-02,80.00,74.77,5.23,,,SKIPPED,PERIOD_NOT_OPENED
SH006,REC-SH006-202604-0029,2026-04-02,660.00,616.82,43.18,,,SKIPPED,PERIOD_NOT_OPENED
SH025,REC-SH025-202604-0015,2026-04-02,320.00,299.07,20.93,,,SKIPPED,PERIOD_NOT_OPENED
SH010,REC-SH010-202604-0020,2026-04-02,360.00,336.45,23.55,,,SKIPPED,PERIOD_NOT_OPENED
SH006,REC-SH006-202604-0030,2026-04-02,120.00,112.15,7.85,,,SKIPPED,PERIOD_NOT_OPENED
SH012,REC-SH012-202604-0024,2026-04-02,580.00,542.06,37.94,,,SKIPPED,PERIOD_NOT_OPENED
SH006,REC-SH006-202604-0031,2026-04-02,325.00,303.74,21.26,,,SKIPPED,PERIOD_NOT_OPENED
SH006,REC-SH006-202604-0032,2026-04-02,80.00,74.77,5.23,,,SKIPPED,PERIOD_NOT_OPENED
SH010,REC-SH010-202604-0021,2026-04-02,330.00,308.41,21.59,,,SKIPPED,PERIOD_NOT_OPENED
SH025,REC-SH025-202604-0016,2026-04-02,380.00,355.14,24.86,,,SKIPPED,PERIOD_NOT_OPENED
SH025,REC-SH025-202604-0017,2026-04-02,240.00,224.30,15.70,,,SKIPPED,PERIOD_NOT_OPENED
SH025,REC-SH025-202604-0018,2026-04-02,280.00,261.68,18.32,,,SKIPPED,PERIOD_NOT_OPENED
SH001,REC-SH001-202604-0019,2026-04-03,2530.00,2364.49,165.51,,,SKIPPED,PERIOD_NOT_OPENED
SH006,REC-SH006-202604-0033,2026-04-03,240.00,224.30,15.70,,,SKIPPED,PERIOD_NOT_OPENED
SH006,REC-SH006-202604-0034,2026-04-03,690.00,644.86,45.14,,,SKIPPED,PERIOD_NOT_OPENED
SH024,REC-SH024-202604-0011,2026-04-03,130.00,121.50,8.50,,,SKIPPED,PERIOD_NOT_OPENED
SH010,REC-SH010-202604-0022,2026-04-03,60.00,56.07,3.93,,,SKIPPED,PERIOD_NOT_OPENED
SH010,REC-SH010-202604-0023,2026-04-03,80.00,74.77,5.23,,,SKIPPED,PERIOD_NOT_OPENED
SH006,REC-SH006-202604-0035,2026-04-03,1400.00,1308.41,91.59,,,SKIPPED,PERIOD_NOT_OPENED
SH025,REC-SH025-202604-0019,2026-04-03,80.00,74.77,5.23,,,SKIPPED,PERIOD_NOT_OPENED
SH006,REC-SH006-202604-0036,2026-04-03,600.00,560.75,39.25,,,SKIPPED,PERIOD_NOT_OPENED
SH001,REC-SH001-202604-0020,2026-04-03,1750.00,1635.51,114.49,,,SKIPPED,PERIOD_NOT_OPENED
SH006,REC-SH006-202604-0037,2026-04-03,920.00,859.81,60.19,,,SKIPPED,PERIOD_NOT_OPENED
SH025,REC-SH025-202604-0020,2026-04-03,1240.00,1158.88,81.12,,,SKIPPED,PERIOD_NOT_OPENED
SH006,REC-SH006-202604-0038,2026-04-03,820.00,766.36,53.64,,,SKIPPED,PERIOD_NOT_OPENED
SH026,REC-SH026-202604-0015,2026-04-03,1760.00,1644.86,115.14,,,SKIPPED,PERIOD_NOT_OPENED
SH012,REC-SH012-202604-0025,2026-04-03,310.00,289.72,20.28,,,SKIPPED,PERIOD_NOT_OPENED
SH025,REC-SH025-202604-0021,2026-04-03,160.00,149.53,10.47,,,SKIPPED,PERIOD_NOT_OPENED
SH010,REC-SH010-202604-0024,2026-04-03,240.00,224.30,15.70,,,SKIPPED,PERIOD_NOT_OPENED
SH030,REC-SH030-202604-0003,2026-04-03,330.00,308.41,21.59,,,SKIPPED,PERIOD_NOT_OPENED
SH026,REC-SH026-202604-0016,2026-04-03,330.00,308.41,21.59,,,SKIPPED,PERIOD_NOT_OPENED
SH025,REC-SH025-202604-0022,2026-04-03,460.00,429.91,30.09,,,SKIPPED,PERIOD_NOT_OPENED
SH006,REC-SH006-202604-0039,2026-04-03,360.00,336.45,23.55,,,SKIPPED,PERIOD_NOT_OPENED
SH028,REC-SH028-202604-0008,2026-04-03,220.00,205.61,14.39,,,SKIPPED,PERIOD_NOT_OPENED
SH001,REC-SH001-202604-0021,2026-04-03,3700.00,3457.94,242.06,,,SKIPPED,PERIOD_NOT_OPENED
SH028,REC-SH028-202604-0009,2026-04-03,370.00,345.79,24.21,,,SKIPPED,PERIOD_NOT_OPENED
SH024,REC-SH024-202604-0012,2026-04-03,60.00,56.07,3.93,,,SKIPPED,PERIOD_NOT_OPENED
SH024,REC-SH024-202604-0013,2026-04-03,600.00,560.75,39.25,,,SKIPPED,PERIOD_NOT_OPENED
SH012,REC-SH012-202604-0026,2026-04-03,200.00,186.92,13.08,,,SKIPPED,PERIOD_NOT_OPENED
SH001,REC-SH001-202604-0022,2026-04-03,330.00,308.41,21.59,,,SKIPPED,PERIOD_NOT_OPENED
SH010,REC-SH010-202604-0025,2026-04-03,240.00,224.30,15.70,,,SKIPPED,PERIOD_NOT_OPENED
SH025,REC-SH025-202604-0023,2026-04-03,400.00,373.83,26.17,,,SKIPPED,PERIOD_NOT_OPENED
SH010,REC-SH010-202604-0026,2026-04-03,650.00,607.48,42.52,,,SKIPPED,PERIOD_NOT_OPENED
SH006,REC-SH006-202604-0040,2026-04-03,60.00,56.07,3.93,,,SKIPPED,PERIOD_NOT_OPENED
SH012,REC-SH012-202604-0027,2026-04-03,820.00,766.36,53.64,,,SKIPPED,PERIOD_NOT_OPENED
SH010,REC-SH010-202604-0027,2026-04-03,520.00,485.98,34.02,,,SKIPPED,PERIOD_NOT_OPENED
SH026,REC-SH026-202604-0017,2026-04-03,410.00,383.18,26.82,,,SKIPPED,PERIOD_NOT_OPENED
SH024,REC-SH024-202604-0014,2026-04-03,120.00,112.15,7.85,,,SKIPPED,PERIOD_NOT_OPENED
SH010,REC-SH010-202604-0028,2026-04-03,160.00,149.53,10.47,,,SKIPPED,PERIOD_NOT_OPENED
SH026,REC-SH026-202604-0018,2026-04-03,1250.00,1168.22,81.78,,,SKIPPED,PERIOD_NOT_OPENED
SH010,REC-SH010-202604-0029,2026-04-03,80.00,74.77,5.23,,,SKIPPED,PERIOD_NOT_OPENED
SH012,REC-SH012-202604-0028,2026-04-03,460.00,429.91,30.09,,,SKIPPED,PERIOD_NOT_OPENED
SH025,REC-SH025-202604-0024,2026-04-03,440.00,411.21,28.79,,,SKIPPED,PERIOD_NOT_OPENED
SH010,REC-SH010-202604-0030,2026-04-03,1620.00,1514.02,105.98,,,SKIPPED,PERIOD_NOT_OPENED
SH001,REC-SH001-202604-0023,2026-04-03,220.00,205.61,14.39,,,SKIPPED,PERIOD_NOT_OPENED
SH026,REC-SH026-202604-0019,2026-04-03,330.00,308.41,21.59,,,SKIPPED,PERIOD_NOT_OPENED
SH026,REC-SH026-202604-0020,2026-04-03,360.00,336.45,23.55,,,SKIPPED,PERIOD_NOT_OPENED
SH010,REC-SH010-202604-0031,2026-04-03,60.00,56.07,3.93,,,SKIPPED,PERIOD_NOT_OPENED
SH010,REC-SH010-202604-0032,2026-04-03,330.00,308.41,21.59,,,SKIPPED,PERIOD_NOT_OPENED
SH006,REC-SH006-202604-0041,2026-04-03,325.00,303.74,21.26,,,SKIPPED,PERIOD_NOT_OPENED
SH010,REC-SH010-202604-0033,2026-04-03,650.00,607.48,42.52,,,SKIPPED,PERIOD_NOT_OPENED
SH025,REC-SH025-202604-0025,2026-04-03,220.00,205.61,14.39,,,SKIPPED,PERIOD_NOT_OPENED
SH024,REC-SH024-202604-0015,2026-04-03,450.00,420.56,29.44,,,SKIPPED,PERIOD_NOT_OPENED
SH001,REC-SH001-202604-0024,2026-04-03,1620.00,1514.02,105.98,,,SKIPPED,PERIOD_NOT_OPENED
SH010,REC-SH010-202604-0034,2026-04-03,740.00,691.59,48.41,,,SKIPPED,PERIOD_NOT_OPENED
SH001,REC-SH001-202604-0025,2026-04-03,130.00,121.50,8.50,,,SKIPPED,PERIOD_NOT_OPENED
SH001,REC-SH001-202604-0026,2026-04-03,2460.00,2299.07,160.93,,,SKIPPED,PERIOD_NOT_OPENED
SH001,REC-SH001-202604-0027,2026-04-03,80.00,74.77,5.23,,,SKIPPED,PERIOD_NOT_OPENED
SH025,REC-SH025-202604-0026,2026-04-03,120.00,112.15,7.85,,,SKIPPED,PERIOD_NOT_OPENED
SH001,REC-SH001-202604-0028,2026-04-04,1890.00,1766.36,123.64,,,SKIPPED,PERIOD_NOT_OPENED
SH012,REC-SH012-202604-0029,2026-04-04,480.00,448.60,31.40,,,SKIPPED,PERIOD_NOT_OPENED
SH006,REC-SH006-202604-0042,2026-04-04,600.00,560.75,39.25,,,SKIPPED,PERIOD_NOT_OPENED
SH001,REC-SH001-202604-0029,2026-04-04,1320.00,1233.64,86.36,,,SKIPPED,PERIOD_NOT_OPENED
SH006,REC-SH006-202604-0043,2026-04-04,140.00,130.84,9.16,,,SKIPPED,PERIOD_NOT_OPENED
SH001,REC-SH001-202604-0030,2026-04-04,2830.00,2644.86,185.14,,,SKIPPED,PERIOD_NOT_OPENED
SH026,REC-SH026-202604-0021,2026-04-04,160.00,149.53,10.47,,,SKIPPED,PERIOD_NOT_OPENED
SH006,REC-SH006-202604-0044,2026-04-04,80.00,74.77,5.23,,,SKIPPED,PERIOD_NOT_OPENED
SH030,REC-SH030-202604-0004,2026-04-04,580.00,542.06,37.94,,,SKIPPED,PERIOD_NOT_OPENED
SH010,REC-SH010-202604-0035,2026-04-04,120.00,112.15,7.85,,,SKIPPED,PERIOD_NOT_OPENED
SH006,REC-SH006-202604-0045,2026-04-04,400.00,373.83,26.17,,,SKIPPED,PERIOD_NOT_OPENED
SH030,REC-SH030-202604-0005,2026-04-04,60.00,56.07,3.93,,,SKIPPED,PERIOD_NOT_OPENED
SH001,REC-SH001-202604-0031,2026-04-04,220.00,205.61,14.39,,,SKIPPED,PERIOD_NOT_OPENED
SH012,REC-SH012-202604-0030,2026-04-04,120.00,112.15,7.85,,,SKIPPED,PERIOD_NOT_OPENED
SH012,REC-SH012-202604-0031,2026-04-04,200.00,186.92,13.08,,,SKIPPED,PERIOD_NOT_OPENED
SH006,REC-SH006-202604-0046,2026-04-04,580.00,542.06,37.94,,,SKIPPED,PERIOD_NOT_OPENED
SH001,REC-SH001-202604-0032,2026-04-04,1250.00,1168.22,81.78,,,SKIPPED,PERIOD_NOT_OPENED
SH025,REC-SH025-202604-0027,2026-04-04,320.00,299.07,20.93,,,SKIPPED,PERIOD_NOT_OPENED
SH012,REC-SH012-202604-0032,2026-04-04,1360.00,1271.03,88.97,,,SKIPPED,PERIOD_NOT_OPENED
SH028,REC-SH028-202604-0010,2026-04-04,1250.00,1168.22,81.78,,,SKIPPED,PERIOD_NOT_OPENED
SH001,REC-SH001-202604-0033,2026-04-04,610.00,570.09,39.91,,,SKIPPED,PERIOD_NOT_OPENED
SH012,REC-SH012-202604-0033,2026-04-04,160.00,149.53,10.47,,,SKIPPED,PERIOD_NOT_OPENED
SH001,REC-SH001-202604-0034,2026-04-04,80.00,74.77,5.23,,,SKIPPED,PERIOD_NOT_OPENED
SH006,REC-SH006-202604-0047,2026-04-04,120.00,112.15,7.85,,,SKIPPED,PERIOD_NOT_OPENED
SH006,REC-SH006-202604-0048,2026-04-04,460.00,429.91,30.09,,,SKIPPED,PERIOD_NOT_OPENED
SH024,REC-SH024-202604-0016,2026-04-04,100.00,93.46,6.54,,,SKIPPED,PERIOD_NOT_OPENED
SH026,REC-SH026-202604-0022,2026-04-04,330.00,308.41,21.59,,,SKIPPED,PERIOD_NOT_OPENED
SH026,REC-SH026-202604-0023,2026-04-04,80.00,74.77,5.23,,,SKIPPED,PERIOD_NOT_OPENED
SH010,REC-SH010-202604-0036,2026-04-04,410.00,383.18,26.82,,,SKIPPED,PERIOD_NOT_OPENED
SH010,REC-SH010-202604-0037,2026-04-04,120.00,112.15,7.85,,,SKIPPED,PERIOD_NOT_OPENED
SH001,REC-SH001-202604-0035,2026-04-04,1750.00,1635.51,114.49,,,SKIPPED,PERIOD_NOT_OPENED
SH026,REC-SH026-202604-0024,2026-04-04,320.00,299.07,20.93,,,SKIPPED,PERIOD_NOT_OPENED
SH001,REC-SH001-202604-0036,2026-04-04,780.00,728.97,51.03,,,SKIPPED,PERIOD_NOT_OPENED
SH001,REC-SH001-202604-0037,2026-04-04,1600.00,1495.33,104.67,,,SKIPPED,PERIOD_NOT_OPENED
SH012,REC-SH012-202604-0034,2026-04-04,580.00,542.06,37.94,,,SKIPPED,PERIOD_NOT_OPENED
SH006,REC-SH006-202604-0049,2026-04-04,80.00,74.77,5.23,,,SKIPPED,PERIOD_NOT_OPENED
SH026,REC-SH026-202604-0025,2026-04-04,1250.00,1168.22,81.78,,,SKIPPED,PERIOD_NOT_OPENED
SH010,REC-SH010-202604-0038,2026-04-04,80.00,74.77,5.23,,,SKIPPED,PERIOD_NOT_OPENED
SH028,REC-SH028-202604-0011,2026-04-04,80.00,74.77,5.23,,,SKIPPED,PERIOD_NOT_OPENED
SH024,REC-SH024-202604-0017,2026-04-04,610.00,570.09,39.91,,,SKIPPED,PERIOD_NOT_OPENED
SH001,REC-SH001-202604-0038,2026-04-04,1580.00,1476.64,103.36,,,SKIPPED,PERIOD_NOT_OPENED
SH024,REC-SH024-202604-0018,2026-04-04,680.00,635.51,44.49,,,SKIPPED,PERIOD_NOT_OPENED
SH026,REC-SH026-202604-0026,2026-04-04,80.00,74.77,5.23,,,SKIPPED,PERIOD_NOT_OPENED
SH006,REC-SH006-202604-0050,2026-04-04,120.00,112.15,7.85,,,SKIPPED,PERIOD_NOT_OPENED
SH010,REC-SH010-202604-0039,2026-04-04,80.00,74.77,5.23,,,SKIPPED,PERIOD_NOT_OPENED
SH001,REC-SH001-202604-0039,2026-04-04,100.00,93.46,6.54,,,SKIPPED,PERIOD_NOT_OPENED
SH012,REC-SH012-202604-0035,2026-04-04,1360.00,1271.03,88.97,,,SKIPPED,PERIOD_NOT_OPENED
SH025,REC-SH025-202604-0028,2026-04-04,240.00,224.30,15.70,,,SKIPPED,PERIOD_NOT_OPENED
SH010,REC-SH010-202604-0040,2026-04-04,1110.00,1037.38,72.62,,,SKIPPED,PERIOD_NOT_OPENED
SH006,REC-SH006-202604-0051,2026-04-04,325.00,303.74,21.26,,,SKIPPED,PERIOD_NOT_OPENED
SH001,REC-SH001-202604-0040,2026-04-04,6630.00,6196.26,433.74,,,SKIPPED,PERIOD_NOT_OPENED
SH001,REC-SH001-202604-0041,2026-04-04,330.00,308.41,21.59,,,SKIPPED,PERIOD_NOT_OPENED
SH001,REC-SH001-202604-0042,2026-04-04,370.00,345.79,24.21,,,SKIPPED,PERIOD_NOT_OPENED
SH006,REC-SH006-202604-0052,2026-04-04,460.00,429.91,30.09,,,SKIPPED,PERIOD_NOT_OPENED
SH006,REC-SH006-202604-0053,2026-04-04,240.00,224.30,15.70,,,SKIPPED,PERIOD_NOT_OPENED
SH010,REC-SH010-202604-0041,2026-04-04,120.00,112.15,7.85,,,SKIPPED,PERIOD_NOT_OPENED
SH006,REC-SH006-202604-0054,2026-04-04,480.00,448.60,31.40,,,SKIPPED,PERIOD_NOT_OPENED
SH006,REC-SH006-202604-0055,2026-04-04,240.00,224.30,15.70,,,SKIPPED,PERIOD_NOT_OPENED
SH025,REC-SH025-202604-0029,2026-04-04,200.00,186.92,13.08,,,SKIPPED,PERIOD_NOT_OPENED
SH001,REC-SH001-202604-0043,2026-04-04,1420.00,1327.10,92.90,,,SKIPPED,PERIOD_NOT_OPENED
SH025,REC-SH025-202604-0030,2026-04-04,330.00,308.41,21.59,,,SKIPPED,PERIOD_NOT_OPENED
SH026,REC-SH026-202604-0027,2026-04-05,160.00,149.53,10.47,,,SKIPPED,PERIOD_NOT_OPENED
SH026,REC-SH026-202604-0028,2026-04-05,80.00,74.77,5.23,,,SKIPPED,PERIOD_NOT_OPENED
SH024,REC-SH024-202604-0019,2026-04-05,100.00,93.46,6.54,,,SKIPPED,PERIOD_NOT_OPENED
SH006,REC-SH006-202604-0056,2026-04-05,80.00,74.77,5.23,,,SKIPPED,PERIOD_NOT_OPENED
SH026,REC-SH026-202604-0029,2026-04-05,120.00,112.15,7.85,,,SKIPPED,PERIOD_NOT_OPENED
SH006,REC-SH006-202604-0057,2026-04-05,12880.00,12037.38,842.62,,,SKIPPED,PERIOD_NOT_OPENED
SH010,REC-SH010-202604-0042,2026-04-05,160.00,149.53,10.47,,,SKIPPED,PERIOD_NOT_OPENED
SH001,REC-SH001-202604-0044,2026-04-05,80.00,74.77,5.23,,,SKIPPED,PERIOD_NOT_OPENED
SH028,REC-SH028-202604-0012,2026-04-05,120.00,112.15,7.85,,,SKIPPED,PERIOD_NOT_OPENED
SH001,REC-SH001-202604-0045,2026-04-05,1970.00,1841.12,128.88,,,SKIPPED,PERIOD_NOT_OPENED
SH026,REC-SH026-202604-0030,2026-04-05,460.00,429.91,30.09,,,SKIPPED,PERIOD_NOT_OPENED
SH025,REC-SH025-202604-0031,2026-04-05,240.00,224.30,15.70,,,SKIPPED,PERIOD_NOT_OPENED
SH012,REC-SH012-202604-0036,2026-04-05,320.00,299.07,20.93,,,SKIPPED,PERIOD_NOT_OPENED
SH001,REC-SH001-202604-0046,2026-04-05,220.00,205.61,14.39,,,SKIPPED,PERIOD_NOT_OPENED
SH001,REC-SH001-202604-0047,2026-04-05,1600.00,1495.33,104.67,,,SKIPPED,PERIOD_NOT_OPENED
SH028,REC-SH028-202604-0013,2026-04-05,160.00,149.53,10.47,,,SKIPPED,PERIOD_NOT_OPENED
SH012,REC-SH012-202604-0037,2026-04-05,1760.00,1644.86,115.14,,,SKIPPED,PERIOD_NOT_OPENED
SH001,REC-SH001-202604-0048,2026-04-05,1910.00,1785.05,124.95,,,SKIPPED,PERIOD_NOT_OPENED
SH025,REC-SH025-202604-0032,2026-04-05,410.00,383.18,26.82,,,SKIPPED,PERIOD_NOT_OPENED
SH012,REC-SH012-202604-0038,2026-04-05,320.00,299.07,20.93,,,SKIPPED,PERIOD_NOT_OPENED
SH024,REC-SH024-202604-0020,2026-04-05,220.00,205.61,14.39,,,SKIPPED,PERIOD_NOT_OPENED
SH001,REC-SH001-202604-0049,2026-04-05,1050.00,981.31,68.69,,,SKIPPED,PERIOD_NOT_OPENED
SH006,REC-SH006-202604-0058,2026-04-05,160.00,149.53,10.47,,,SKIPPED,PERIOD_NOT_OPENED
SH006,REC-SH006-202604-0059,2026-04-05,1320.00,1233.64,86.36,,,SKIPPED,PERIOD_NOT_OPENED
SH006,REC-SH006-202604-0060,2026-04-05,460.00,429.91,30.09,,,SKIPPED,PERIOD_NOT_OPENED
SH012,REC-SH012-202604-0039,2026-04-05,320.00,299.07,20.93,,,SKIPPED,PERIOD_NOT_OPENED
SH030,REC-SH030-202604-0006,2026-04-05,240.00,224.30,15.70,,,SKIPPED,PERIOD_NOT_OPENED
SH028,REC-SH028-202604-0014,2026-04-05,2500.00,2336.45,163.55,,,SKIPPED,PERIOD_NOT_OPENED
SH001,REC-SH001-202604-0050,2026-04-05,610.00,570.09,39.91,,,SKIPPED,PERIOD_NOT_OPENED
SH012,REC-SH012-202604-0040,2026-04-05,80.00,74.77,5.23,,,SKIPPED,PERIOD_NOT_OPENED
SH010,REC-SH010-202604-0043,2026-04-05,310.00,289.72,20.28,,,SKIPPED,PERIOD_NOT_OPENED
SH024,REC-SH024-202604-0021,2026-04-05,1620.00,1514.02,105.98,,,SKIPPED,PERIOD_NOT_OPENED
SH024,REC-SH024-202604-0022,2026-04-05,80.00,74.77,5.23,,,SKIPPED,PERIOD_NOT_OPENED
SH006,REC-SH006-202604-0061,2026-04-05,460.00,429.91,30.09,,,SKIPPED,PERIOD_NOT_OPENED
SH010,REC-SH010-202604-0044,2026-04-05,1430.00,1336.45,93.55,,,SKIPPED,PERIOD_NOT_OPENED
SH010,REC-SH010-202604-0045,2026-04-05,1300.00,1214.95,85.05,,,SKIPPED,PERIOD_NOT_OPENED
SH006,REC-SH006-202604-0062,2026-04-05,160.00,149.53,10.47,,,SKIPPED,PERIOD_NOT_OPENED
SH024,REC-SH024-202604-0023,2026-04-05,80.00,74.77,5.23,,,SKIPPED,PERIOD_NOT_OPENED
SH006,REC-SH006-202604-0063,2026-04-05,650.00,607.48,42.52,,,SKIPPED,PERIOD_NOT_OPENED
SH026,REC-SH026-202604-0031,2026-04-05,560.00,523.36,36.64,,,SKIPPED,PERIOD_NOT_OPENED
SH025,REC-SH025-202604-0033,2026-04-05,160.00,149.53,10.47,,,SKIPPED,PERIOD_NOT_OPENED
SH001,REC-SH001-202604-0051,2026-04-05,650.00,607.48,42.52,,,SKIPPED,PERIOD_NOT_OPENED
SH006,REC-SH006-202604-0064,2026-04-05,350.00,327.10,22.90,,,SKIPPED,PERIOD_NOT_OPENED
SH010,REC-SH010-202604-0046,2026-04-05,80.00,74.77,5.23,,,SKIPPED,PERIOD_NOT_OPENED
SH006,REC-SH006-202604-0065,2026-04-05,700.00,654.21,45.79,,,SKIPPED,PERIOD_NOT_OPENED
SH006,REC-SH006-202604-0066,2026-04-05,1230.00,1149.53,80.47,,,SKIPPED,PERIOD_NOT_OPENED
SH012,REC-SH012-202604-0041,2026-04-05,120.00,112.15,7.85,,,SKIPPED,PERIOD_NOT_OPENED
SH006,REC-SH006-202604-0067,2026-04-05,120.00,112.15,7.85,,,SKIPPED,PERIOD_NOT_OPENED
SH001,REC-SH001-202604-0052,2026-04-05,240.00,224.30,15.70,,,SKIPPED,PERIOD_NOT_OPENED
SH025,REC-SH025-202604-0034,2026-04-05,80.00,74.77,5.23,,,SKIPPED,PERIOD_NOT_OPENED
SH012,REC-SH012-202604-0042,2026-04-05,330.00,308.41,21.59,,,SKIPPED,PERIOD_NOT_OPENED
SH001,REC-SH001-202604-0053,2026-04-05,3500.00,3271.03,228.97,,,SKIPPED,PERIOD_NOT_OPENED
SH006,REC-SH006-202604-0068,2026-04-05,240.00,224.30,15.70,,,SKIPPED,PERIOD_NOT_OPENED
SH006,REC-SH006-202604-0069,2026-04-05,80.00,74.77,5.23,,,SKIPPED,PERIOD_NOT_OPENED
SH012,REC-SH012-202604-0043,2026-04-05,540.00,504.67,35.33,,,SKIPPED,PERIOD_NOT_OPENED
SH006,REC-SH006-202604-0070,2026-04-05,460.00,429.91,30.09,,,SKIPPED,PERIOD_NOT_OPENED
SH026,REC-SH026-202604-0032,2026-04-05,360.00,336.45,23.55,,,SKIPPED,PERIOD_NOT_OPENED
SH001,REC-SH001-202604-0054,2026-04-05,1620.00,1514.02,105.98,,,SKIPPED,PERIOD_NOT_OPENED
SH001,REC-SH001-202604-0055,2026-04-05,120.00,112.15,7.85,,,SKIPPED,PERIOD_NOT_OPENED
SH001,REC-SH001-202604-0056,2026-04-05,1080.00,1009.35,70.65,,,SKIPPED,PERIOD_NOT_OPENED
SH006,REC-SH006-202604-0071,2026-04-05,320.00,299.07,20.93,,,SKIPPED,PERIOD_NOT_OPENED
SH026,REC-SH026-202604-0033,2026-04-06,80.00,74.77,5.23,,,SKIPPED,PERIOD_NOT_OPENED
SH026,REC-SH026-202604-0034,2026-04-06,80.00,74.77,5.23,,,SKIPPED,PERIOD_NOT_OPENED
SH001,REC-SH001-202604-0057,2026-04-06,500.00,467.29,32.71,,,SKIPPED,PERIOD_NOT_OPENED
SH012,REC-SH012-202604-0044,2026-04-06,160.00,149.53,10.47,,,SKIPPED,PERIOD_NOT_OPENED
SH006,REC-SH006-202604-0072,2026-04-06,460.00,429.91,30.09,,,SKIPPED,PERIOD_NOT_OPENED
SH010,REC-SH010-202604-0047,2026-04-06,600.00,560.75,39.25,,,SKIPPED,PERIOD_NOT_OPENED
SH010,REC-SH010-202604-0048,2026-04-06,360.00,336.45,23.55,,,SKIPPED,PERIOD_NOT_OPENED
SH012,REC-SH012-202604-0045,2026-04-06,300.00,280.37,19.63,,,SKIPPED,PERIOD_NOT_OPENED
SH026,REC-SH026-202604-0035,2026-04-06,240.00,224.30,15.70,,,SKIPPED,PERIOD_NOT_OPENED
SH001,REC-SH001-202604-0058,2026-04-06,60.00,56.07,3.93,,,SKIPPED,PERIOD_NOT_OPENED
SH006,REC-SH006-202604-0073,2026-04-06,160.00,149.53,10.47,,,SKIPPED,PERIOD_NOT_OPENED
SH001,REC-SH001-202604-0059,2026-04-06,1320.00,1233.64,86.36,,,SKIPPED,PERIOD_NOT_OPENED
SH026,REC-SH026-202604-0036,2026-04-06,120.00,112.15,7.85,,,SKIPPED,PERIOD_NOT_OPENED
SH006,REC-SH006-202604-0074,2026-04-06,160.00,149.53,10.47,,,SKIPPED,PERIOD_NOT_OPENED
SH001,REC-SH001-202604-0060,2026-04-06,3500.00,3271.03,228.97,,,SKIPPED,PERIOD_NOT_OPENED
SH010,REC-SH010-202604-0049,2026-04-06,80.00,74.77,5.23,,,SKIPPED,PERIOD_NOT_OPENED
SH010,REC-SH010-202604-0050,2026-04-06,440.00,411.21,28.79,,,SKIPPED,PERIOD_NOT_OPENED
SH006,REC-SH006-202604-0075,2026-04-06,120.00,112.15,7.85,,,SKIPPED,PERIOD_NOT_OPENED
SH001,REC-SH001-202604-0061,2026-04-06,160.00,149.53,10.47,,,SKIPPED,PERIOD_NOT_OPENED
SH010,REC-SH010-202604-0051,2026-04-06,2080.00,1943.93,136.07,,,SKIPPED,PERIOD_NOT_OPENED
SH026,REC-SH026-202604-0037,2026-04-06,120.00,112.15,7.85,,,SKIPPED,PERIOD_NOT_OPENED
SH012,REC-SH012-202604-0046,2026-04-06,580.00,542.06,37.94,,,SKIPPED,PERIOD_NOT_OPENED
SH012,REC-SH012-202604-0047,2026-04-06,300.00,280.37,19.63,,,SKIPPED,PERIOD_NOT_OPENED
SH010,REC-SH010-202604-0052,2026-04-06,1560.00,1457.94,102.06,,,SKIPPED,PERIOD_NOT_OPENED
SH030,REC-SH030-202604-0007,2026-04-06,160.00,149.53,10.47,,,SKIPPED,PERIOD_NOT_OPENED
SH030,REC-SH030-202604-0008,2026-04-06,80.00,74.77,5.23,,,SKIPPED,PERIOD_NOT_OPENED
SH010,REC-SH010-202604-0053,2026-04-06,160.00,149.53,10.47,,,SKIPPED,PERIOD_NOT_OPENED
SH026,REC-SH026-202604-0038,2026-04-06,600.00,560.75,39.25,,,SKIPPED,PERIOD_NOT_OPENED
SH006,REC-SH006-202604-0076,2026-04-06,120.00,112.15,7.85,,,SKIPPED,PERIOD_NOT_OPENED
SH010,REC-SH010-202604-0054,2026-04-06,1560.00,1457.94,102.06,,,SKIPPED,PERIOD_NOT_OPENED
SH006,REC-SH006-202604-0077,2026-04-06,330.00,308.41,21.59,,,SKIPPED,PERIOD_NOT_OPENED
SH006,REC-SH006-202604-0078,2026-04-06,650.00,607.48,42.52,,,SKIPPED,PERIOD_NOT_OPENED
SH026,REC-SH026-202604-0039,2026-04-06,160.00,149.53,10.47,,,SKIPPED,PERIOD_NOT_OPENED
SH006,REC-SH006-202604-0079,2026-04-06,120.00,112.15,7.85,,,SKIPPED,PERIOD_NOT_OPENED
SH006,REC-SH006-202604-0080,2026-04-06,80.00,74.77,5.23,,,SKIPPED,PERIOD_NOT_OPENED
SH006,REC-SH006-202604-0081,2026-04-06,240.00,224.30,15.70,,,SKIPPED,PERIOD_NOT_OPENED
SH012,REC-SH012-202604-0048,2026-04-06,160.00,149.53,10.47,,,SKIPPED,PERIOD_NOT_OPENED
SH012,REC-SH012-202604-0049,2026-04-06,80.00,74.77,5.23,,,SKIPPED,PERIOD_NOT_OPENED
SH025,REC-SH025-202604-0035,2026-04-06,150.00,140.19,9.81,,,SKIPPED,PERIOD_NOT_OPENED
SH028,REC-SH028-202604-0015,2026-04-06,370.00,345.79,24.21,,,SKIPPED,PERIOD_NOT_OPENED
SH012,REC-SH012-202604-0050,2026-04-06,120.00,112.15,7.85,,,SKIPPED,PERIOD_NOT_OPENED
SH028,REC-SH028-202604-0016,2026-04-06,370.00,345.79,24.21,,,SKIPPED,PERIOD_NOT_OPENED
SH026,REC-SH026-202604-0040,2026-04-06,1350.00,1261.68,88.32,,,SKIPPED,PERIOD_NOT_OPENED
SH010,REC-SH010-202604-0055,2026-04-06,290.00,271.03,18.97,,,SKIPPED,PERIOD_NOT_OPENED
SH001,REC-SH001-202604-0062,2026-04-06,330.00,308.41,21.59,,,SKIPPED,PERIOD_NOT_OPENED
SH006,REC-SH006-202604-0082,2026-04-06,330.00,308.41,21.59,,,SKIPPED,PERIOD_NOT_OPENED
SH026,REC-SH026-202604-0041,2026-04-06,120.00,112.15,7.85,,,SKIPPED,PERIOD_NOT_OPENED
SH006,REC-SH006-202604-0083,2026-04-06,80.00,74.77,5.23,,,SKIPPED,PERIOD_NOT_OPENED
SH006,REC-SH006-202604-0084,2026-04-06,120.00,112.15,7.85,,,SKIPPED,PERIOD_NOT_OPENED
SH010,REC-SH010-202604-0056,2026-04-06,80.00,74.77,5.23,,,SKIPPED,PERIOD_NOT_OPENED
SH010,REC-SH010-202604-0057,2026-04-06,410.00,383.18,26.82,,,SKIPPED,PERIOD_NOT_OPENED
SH006,REC-SH006-202604-0085,2026-04-06,480.00,448.60,31.40,,,SKIPPED,PERIOD_NOT_OPENED
SH006,REC-SH006-202604-0086,2026-04-06,220.00,205.61,14.39,,,SKIPPED,PERIOD_NOT_OPENED
SH012,REC-SH012-202604-0051,2026-04-06,680.00,635.51,44.49,,,SKIPPED,PERIOD_NOT_OPENED
SH025,REC-SH025-202604-0036,2026-04-06,200.00,186.92,13.08,,,SKIPPED,PERIOD_NOT_OPENED
SH012,REC-SH012-202604-0052,2026-04-06,240.00,224.30,15.70,,,SKIPPED,PERIOD_NOT_OPENED
SH012,REC-SH012-202604-0053,2026-04-06,80.00,74.77,5.23,,,SKIPPED,PERIOD_NOT_OPENED
SH026,REC-SH026-202604-0042,2026-04-06,200.00,186.92,13.08,,,SKIPPED,PERIOD_NOT_OPENED
SH025,REC-SH025-202604-0037,2026-04-06,460.00,429.91,30.09,,,SKIPPED,PERIOD_NOT_OPENED
SH010,REC-SH010-202604-0058,2026-04-06,1650.00,1542.06,107.94,,,SKIPPED,PERIOD_NOT_OPENED
SH001,REC-SH001-202604-0063,2026-04-06,1690.00,1579.44,110.56,,,SKIPPED,PERIOD_NOT_OPENED
SH026,REC-SH026-202604-0043,2026-04-06,120.00,112.15,7.85,,,SKIPPED,PERIOD_NOT_OPENED
SH006,REC-SH006-202604-0087,2026-04-06,80.00,74.77,5.23,,,SKIPPED,PERIOD_NOT_OPENED
SH010,REC-SH010-202604-0059,2026-04-06,300.00,280.37,19.63,,,SKIPPED,PERIOD_NOT_OPENED
SH001,REC-SH001-202604-0064,2026-04-06,580.00,542.06,37.94,,,SKIPPED,PERIOD_NOT_OPENED
SH024,REC-SH024-202604-0024,2026-04-06,160.00,149.53,10.47,,,SKIPPED,PERIOD_NOT_OPENED
SH010,REC-SH010-202604-0060,2026-04-06,380.00,355.14,24.86,,,SKIPPED,PERIOD_NOT_OPENED
SH025,REC-SH025-202604-0038,2026-04-06,600.00,560.75,39.25,,,SKIPPED,PERIOD_NOT_OPENED
SH001,REC-SH001-202604-0065,2026-04-06,320.00,299.07,20.93,,,SKIPPED,PERIOD_NOT_OPENED
SH028,REC-SH028-202604-0017,2026-04-06,1430.00,1336.45,93.55,,,SKIPPED,PERIOD_NOT_OPENED
SH010,REC-SH010-202604-0061,2026-04-06,2460.00,2299.07,160.93,,,SKIPPED,PERIOD_NOT_OPENED
SH025,REC-SH025-202604-0039,2026-04-06,330.00,308.41,21.59,,,SKIPPED,PERIOD_NOT_OPENED
SH026,REC-SH026-202604-0044,2026-04-06,2220.00,2074.77,145.23,,,SKIPPED,PERIOD_NOT_OPENED
SH006,REC-SH006-202604-0088,2026-04-06,325.00,303.74,21.26,,,SKIPPED,PERIOD_NOT_OPENED
SH010,REC-SH010-202604-0062,2026-04-06,80.00,74.77,5.23,,,SKIPPED,PERIOD_NOT_OPENED
SH025,REC-SH025-202604-0040,2026-04-06,480.00,448.60,31.40,,,SKIPPED,PERIOD_NOT_OPENED
SH006,REC-SH006-202604-0089,2026-04-06,3800.00,3551.40,248.60,,,SKIPPED,PERIOD_NOT_OPENED
SH028,REC-SH028-202604-0018,2026-04-06,160.00,149.53,10.47,,,SKIPPED,PERIOD_NOT_OPENED
SH026,REC-SH026-202604-0045,2026-04-06,160.00,149.53,10.47,,,SKIPPED,PERIOD_NOT_OPENED
SH025,REC-SH025-202604-0041,2026-04-06,80.00,74.77,5.23,,,SKIPPED,PERIOD_NOT_OPENED
SH001,REC-SH001-202604-0066,2026-04-06,120.00,112.15,7.85,,,SKIPPED,PERIOD_NOT_OPENED
SH024,REC-SH024-202604-0025,2026-04-06,240.00,224.30,15.70,,,SKIPPED,PERIOD_NOT_OPENED
SH024,REC-SH024-202604-0026,2026-04-06,350.00,327.10,22.90,,,SKIPPED,PERIOD_NOT_OPENED
SH010,REC-SH010-202604-0063,2026-04-06,330.00,308.41,21.59,,,SKIPPED,PERIOD_NOT_OPENED
SH024,REC-SH024-202604-0027,2026-04-06,360.00,336.45,23.55,,,SKIPPED,PERIOD_NOT_OPENED
SH028,REC-SH028-202604-0019,2026-04-06,780.00,728.97,51.03,,,SKIPPED,PERIOD_NOT_OPENED
SH012,REC-SH012-202604-0054,2026-04-06,80.00,74.77,5.23,,,SKIPPED,PERIOD_NOT_OPENED
SH025,REC-SH025-202604-0042,2026-04-06,240.00,224.30,15.70,,,SKIPPED,PERIOD_NOT_OPENED
SH025,REC-SH025-202604-0043,2026-04-06,80.00,74.77,5.23,,,SKIPPED,PERIOD_NOT_OPENED
SH001,REC-SH001-202604-0067,2026-04-07,1620.00,1514.02,105.98,,,SKIPPED,PERIOD_NOT_OPENED
SH024,REC-SH024-202604-0028,2026-04-07,160.00,149.53,10.47,,,SKIPPED,PERIOD_NOT_OPENED
SH026,REC-SH026-202604-0046,2026-04-07,1600.00,1495.33,104.67,,,SKIPPED,PERIOD_NOT_OPENED
SH024,REC-SH024-202604-0029,2026-04-07,240.00,224.30,15.70,,,SKIPPED,PERIOD_NOT_OPENED
SH026,REC-SH026-202604-0047,2026-04-07,120.00,112.15,7.85,,,SKIPPED,PERIOD_NOT_OPENED
SH010,REC-SH010-202604-0064,2026-04-07,120.00,112.15,7.85,,,SKIPPED,PERIOD_NOT_OPENED
SH010,REC-SH010-202604-0065,2026-04-07,650.00,607.48,42.52,,,SKIPPED,PERIOD_NOT_OPENED
SH006,REC-SH006-202604-0090,2026-04-07,580.00,542.06,37.94,,,SKIPPED,PERIOD_NOT_OPENED
SH001,REC-SH001-202604-0068,2026-04-07,220.00,205.61,14.39,,,SKIPPED,PERIOD_NOT_OPENED
SH024,REC-SH024-202604-0030,2026-04-07,240.00,224.30,15.70,,,SKIPPED,PERIOD_NOT_OPENED
SH001,REC-SH001-202604-0069,2026-04-07,1360.00,1271.03,88.97,,,SKIPPED,PERIOD_NOT_OPENED
SH026,REC-SH026-202604-0048,2026-04-07,330.00,308.41,21.59,,,SKIPPED,PERIOD_NOT_OPENED
SH001,REC-SH001-202604-0070,2026-04-07,330.00,308.41,21.59,,,SKIPPED,PERIOD_NOT_OPENED
SH001,REC-SH001-202604-0071,2026-04-07,460.00,429.91,30.09,,,SKIPPED,PERIOD_NOT_OPENED
SH025,REC-SH025-202604-0044,2026-04-07,3450.00,3224.30,225.70,,,SKIPPED,PERIOD_NOT_OPENED
SH006,REC-SH006-202604-0091,2026-04-07,140.00,130.84,9.16,,,SKIPPED,PERIOD_NOT_OPENED
SH026,REC-SH026-202604-0049,2026-04-07,330.00,308.41,21.59,,,SKIPPED,PERIOD_NOT_OPENED
SH026,REC-SH026-202604-0050,2026-04-07,80.00,74.77,5.23,,,SKIPPED,PERIOD_NOT_OPENED
SH012,REC-SH012-202604-0055,2026-04-07,80.00,74.77,5.23,,,SKIPPED,PERIOD_NOT_OPENED
SH026,REC-SH026-202604-0051,2026-04-07,120.00,112.15,7.85,,,SKIPPED,PERIOD_NOT_OPENED
SH006,REC-SH006-202604-0092,2026-04-07,650.00,607.48,42.52,,,SKIPPED,PERIOD_NOT_OPENED
SH012,REC-SH012-202604-0056,2026-04-07,780.00,728.97,51.03,,,SKIPPED,PERIOD_NOT_OPENED
SH010,REC-SH010-202604-0066,2026-04-07,460.00,429.91,30.09,,,SKIPPED,PERIOD_NOT_OPENED
SH001,REC-SH001-202604-0072,2026-04-07,220.00,205.61,14.39,,,SKIPPED,PERIOD_NOT_OPENED
SH026,REC-SH026-202604-0052,2026-04-07,120.00,112.15,7.85,,,SKIPPED,PERIOD_NOT_OPENED
SH012,REC-SH012-202604-0057,2026-04-07,80.00,74.77,5.23,,,SKIPPED,PERIOD_NOT_OPENED
SH006,REC-SH006-202604-0093,2026-04-07,1840.00,1719.63,120.37,,,SKIPPED,PERIOD_NOT_OPENED
SH024,REC-SH024-202604-0031,2026-04-07,240.00,224.30,15.70,,,SKIPPED,PERIOD_NOT_OPENED
SH006,REC-SH006-202604-0094,2026-04-07,240.00,224.30,15.70,,,SKIPPED,PERIOD_NOT_OPENED
SH010,REC-SH010-202604-0067,2026-04-07,1560.00,1457.94,102.06,,,SKIPPED,PERIOD_NOT_OPENED
SH024,REC-SH024-202604-0032,2026-04-07,1320.00,1233.64,86.36,,,SKIPPED,PERIOD_NOT_OPENED
SH006,REC-SH006-202604-0095,2026-04-07,80.00,74.77,5.23,,,SKIPPED,PERIOD_NOT_OPENED
SH024,REC-SH024-202604-0033,2026-04-07,410.00,383.18,26.82,,,SKIPPED,PERIOD_NOT_OPENED
SH030,REC-SH030-202604-0009,2026-04-07,80.00,74.77,5.23,,,SKIPPED,PERIOD_NOT_OPENED
SH025,REC-SH025-202604-0045,2026-04-07,160.00,149.53,10.47,,,SKIPPED,PERIOD_NOT_OPENED
SH025,REC-SH025-202604-0046,2026-04-07,80.00,74.77,5.23,,,SKIPPED,PERIOD_NOT_OPENED
SH025,REC-SH025-202604-0047,2026-04-07,80.00,74.77,5.23,,,SKIPPED,PERIOD_NOT_OPENED
SH012,REC-SH012-202604-0058,2026-04-07,80.00,74.77,5.23,,,SKIPPED,PERIOD_NOT_OPENED
SH012,REC-SH012-202604-0059,2026-04-07,1160.00,1084.11,75.89,,,SKIPPED,PERIOD_NOT_OPENED
SH024,REC-SH024-202604-0034,2026-04-07,80.00,74.77,5.23,,,SKIPPED,PERIOD_NOT_OPENED
SH006,REC-SH006-202604-0096,2026-04-07,2300.00,2149.53,150.47,,,SKIPPED,PERIOD_NOT_OPENED
SH006,REC-SH006-202604-0097,2026-04-07,240.00,224.30,15.70,,,SKIPPED,PERIOD_NOT_OPENED
SH001,REC-SH001-202604-0073,2026-04-07,220.00,205.61,14.39,,,SKIPPED,PERIOD_NOT_OPENED
SH006,REC-SH006-202604-0098,2026-04-07,330.00,308.41,21.59,,,SKIPPED,PERIOD_NOT_OPENED
SH010,REC-SH010-202604-0068,2026-04-07,80.00,74.77,5.23,,,SKIPPED,PERIOD_NOT_OPENED
SH025,REC-SH025-202604-0048,2026-04-07,160.00,149.53,10.47,,,SKIPPED,PERIOD_NOT_OPENED
SH010,REC-SH010-202604-0069,2026-04-07,60.00,56.07,3.93,,,SKIPPED,PERIOD_NOT_OPENED
SH024,REC-SH024-202604-0035,2026-04-07,120.00,112.15,7.85,,,SKIPPED,PERIOD_NOT_OPENED
SH012,REC-SH012-202604-0060,2026-04-07,380.00,355.14,24.86,,,SKIPPED,PERIOD_NOT_OPENED
SH012,REC-SH012-202604-0061,2026-04-07,160.00,149.53,10.47,,,SKIPPED,PERIOD_NOT_OPENED
SH006,REC-SH006-202604-0099,2026-04-07,620.00,579.44,40.56,,,SKIPPED,PERIOD_NOT_OPENED
SH026,REC-SH026-202604-0053,2026-04-07,160.00,149.53,10.47,,,SKIPPED,PERIOD_NOT_OPENED
SH026,REC-SH026-202604-0054,2026-04-07,80.00,74.77,5.23,,,SKIPPED,PERIOD_NOT_OPENED
SH026,REC-SH026-202604-0055,2026-04-07,280.00,261.68,18.32,,,SKIPPED,PERIOD_NOT_OPENED
SH012,REC-SH012-202604-0062,2026-04-07,160.00,149.53,10.47,,,SKIPPED,PERIOD_NOT_OPENED
SH012,REC-SH012-202604-0063,2026-04-07,240.00,224.30,15.70,,,SKIPPED,PERIOD_NOT_OPENED
SH006,REC-SH006-202604-0100,2026-04-07,80.00,74.77,5.23,,,SKIPPED,PERIOD_NOT_OPENED
SH010,REC-SH010-202604-0070,2026-04-07,160.00,149.53,10.47,,,SKIPPED,PERIOD_NOT_OPENED
SH001,REC-SH001-202604-0074,2026-04-07,330.00,308.41,21.59,,,SKIPPED,PERIOD_NOT_OPENED
SH006,REC-SH006-202604-0101,2026-04-07,120.00,112.15,7.85,,,SKIPPED,PERIOD_NOT_OPENED
SH028,REC-SH028-202604-0020,2026-04-07,80.00,74.77,5.23,,,SKIPPED,PERIOD_NOT_OPENED
SH025,REC-SH025-202604-0049,2026-04-07,160.00,149.53,10.47,,,SKIPPED,PERIOD_NOT_OPENED
SH010,REC-SH010-202604-0071,2026-04-07,160.00,149.53,10.47,,,SKIPPED,PERIOD_NOT_OPENED
SH012,REC-SH012-202604-0064,2026-04-07,310.00,289.72,20.28,,,SKIPPED,PERIOD_NOT_OPENED
SH006,REC-SH006-202604-0102,2026-04-07,240.00,224.30,15.70,,,SKIPPED,PERIOD_NOT_OPENED
SH026,REC-SH026-202604-0056,2026-04-07,330.00,308.41,21.59,,,SKIPPED,PERIOD_NOT_OPENED
SH001,REC-SH001-202604-0075,2026-04-07,1620.00,1514.02,105.98,,,SKIPPED,PERIOD_NOT_OPENED
SH001,REC-SH001-202604-0076,2026-04-07,80.00,74.77,5.23,,,SKIPPED,PERIOD_NOT_OPENED
SH006,REC-SH006-202604-0103,2026-04-07,600.00,560.75,39.25,,,SKIPPED,PERIOD_NOT_OPENED
SH024,REC-SH024-202604-0036,2026-04-07,80.00,74.77,5.23,,,SKIPPED,PERIOD_NOT_OPENED
SH024,REC-SH024-202604-0037,2026-04-07,80.00,74.77,5.23,,,SKIPPED,PERIOD_NOT_OPENED
SH024,REC-SH024-202604-0038,2026-04-07,160.00,149.53,10.47,,,SKIPPED,PERIOD_NOT_OPENED
SH025,REC-SH025-202604-0050,2026-04-07,150.00,140.19,9.81,,,SKIPPED,PERIOD_NOT_OPENED
SH025,REC-SH025-202604-0051,2026-04-07,160.00,149.53,10.47,,,SKIPPED,PERIOD_NOT_OPENED
SH025,REC-SH025-202604-0052,2026-04-07,60.00,56.07,3.93,,,SKIPPED,PERIOD_NOT_OPENED
SH001,REC-SH001-202604-0077,2026-04-08,140.00,130.84,9.16,,,SKIPPED,PERIOD_NOT_OPENED
SH030,REC-SH030-202604-0010,2026-04-08,2460.00,2299.07,160.93,,,SKIPPED,PERIOD_NOT_OPENED
SH010,REC-SH010-202604-0072,2026-04-08,650.00,607.48,42.52,,,SKIPPED,PERIOD_NOT_OPENED
SH001,REC-SH001-202604-0078,2026-04-08,580.00,542.06,37.94,,,SKIPPED,PERIOD_NOT_OPENED
SH028,REC-SH028-202604-0021,2026-04-08,3240.00,3028.04,211.96,,,SKIPPED,PERIOD_NOT_OPENED
SH026,REC-SH026-202604-0057,2026-04-08,80.00,74.77,5.23,,,SKIPPED,PERIOD_NOT_OPENED
SH001,REC-SH001-202604-0079,2026-04-08,160.00,149.53,10.47,,,SKIPPED,PERIOD_NOT_OPENED
SH006,REC-SH006-202604-0104,2026-04-08,80.00,74.77,5.23,,,SKIPPED,PERIOD_NOT_OPENED
SH001,REC-SH001-202604-0080,2026-04-08,160.00,149.53,10.47,,,SKIPPED,PERIOD_NOT_OPENED
SH010,REC-SH010-202604-0073,2026-04-08,330.00,308.41,21.59,,,SKIPPED,PERIOD_NOT_OPENED
SH006,REC-SH006-202604-0105,2026-04-08,325.00,303.74,21.26,,,SKIPPED,PERIOD_NOT_OPENED
SH006,REC-SH006-202604-0106,2026-04-08,60.00,56.07,3.93,,,SKIPPED,PERIOD_NOT_OPENED
SH028,REC-SH028-202604-0022,2026-04-08,80.00,74.77,5.23,,,SKIPPED,PERIOD_NOT_OPENED
SH006,REC-SH006-202604-0107,2026-04-08,160.00,149.53,10.47,,,SKIPPED,PERIOD_NOT_OPENED
SH001,REC-SH001-202604-0081,2026-04-08,160.00,149.53,10.47,,,SKIPPED,PERIOD_NOT_OPENED
SH010,REC-SH010-202604-0074,2026-04-08,160.00,149.53,10.47,,,SKIPPED,PERIOD_NOT_OPENED
SH010,REC-SH010-202604-0075,2026-04-08,2760.00,2579.44,180.56,,,SKIPPED,PERIOD_NOT_OPENED
SH026,REC-SH026-202604-0058,2026-04-08,80.00,74.77,5.23,,,SKIPPED,PERIOD_NOT_OPENED
SH010,REC-SH010-202604-0076,2026-04-08,480.00,448.60,31.40,,,SKIPPED,PERIOD_NOT_OPENED
SH001,REC-SH001-202604-0082,2026-04-08,160.00,149.53,10.47,,,SKIPPED,PERIOD_NOT_OPENED
SH024,REC-SH024-202604-0039,2026-04-08,120.00,112.15,7.85,,,SKIPPED,PERIOD_NOT_OPENED
SH006,REC-SH006-202604-0108,2026-04-08,240.00,224.30,15.70,,,SKIPPED,PERIOD_NOT_OPENED
SH006,REC-SH006-202604-0109,2026-04-08,240.00,224.30,15.70,,,SKIPPED,PERIOD_NOT_OPENED
SH028,REC-SH028-202604-0023,2026-04-08,1320.00,1233.64,86.36,,,SKIPPED,PERIOD_NOT_OPENED
SH025,REC-SH025-202604-0053,2026-04-08,240.00,224.30,15.70,,,SKIPPED,PERIOD_NOT_OPENED
SH006,REC-SH006-202604-0110,2026-04-08,80.00,74.77,5.23,,,SKIPPED,PERIOD_NOT_OPENED
SH012,REC-SH012-202604-0065,2026-04-08,460.00,429.91,30.09,,,SKIPPED,PERIOD_NOT_OPENED
SH026,REC-SH026-202604-0059,2026-04-08,220.00,205.61,14.39,,,SKIPPED,PERIOD_NOT_OPENED
SH010,REC-SH010-202604-0077,2026-04-08,1320.00,1233.64,86.36,,,SKIPPED,PERIOD_NOT_OPENED
SH006,REC-SH006-202604-0111,2026-04-08,80.00,74.77,5.23,,,SKIPPED,PERIOD_NOT_OPENED
SH026,REC-SH026-202604-0060,2026-04-08,60.00,56.07,3.93,,,SKIPPED,PERIOD_NOT_OPENED
SH025,REC-SH025-202604-0054,2026-04-08,120.00,112.15,7.85,,,SKIPPED,PERIOD_NOT_OPENED
SH001,REC-SH001-202604-0083,2026-04-08,650.00,607.48,42.52,,,SKIPPED,PERIOD_NOT_OPENED
SH010,REC-SH010-202604-0078,2026-04-08,80.00,74.77,5.23,,,SKIPPED,PERIOD_NOT_OPENED
SH001,REC-SH001-202604-0084,2026-04-08,330.00,308.41,21.59,,,SKIPPED,PERIOD_NOT_OPENED
SH026,REC-SH026-202604-0061,2026-04-08,1620.00,1514.02,105.98,,,SKIPPED,PERIOD_NOT_OPENED
SH012,REC-SH012-202604-0066,2026-04-08,120.00,112.15,7.85,,,SKIPPED,PERIOD_NOT_OPENED
SH012,REC-SH012-202604-0067,2026-04-08,840.00,785.05,54.95,,,SKIPPED,PERIOD_NOT_OPENED
SH024,REC-SH024-202604-0040,2026-04-08,680.00,635.51,44.49,,,SKIPPED,PERIOD_NOT_OPENED
SH010,REC-SH010-202604-0079,2026-04-08,1560.00,1457.94,102.06,,,SKIPPED,PERIOD_NOT_OPENED
SH006,REC-SH006-202604-0112,2026-04-08,480.00,448.60,31.40,,,SKIPPED,PERIOD_NOT_OPENED
SH026,REC-SH026-202604-0062,2026-04-08,680.00,635.51,44.49,,,SKIPPED,PERIOD_NOT_OPENED
SH006,REC-SH006-202604-0113,2026-04-08,2010.00,1878.50,131.50,,,SKIPPED,PERIOD_NOT_OPENED
SH030,REC-SH030-202604-0011,2026-04-08,80.00,74.77,5.23,,,SKIPPED,PERIOD_NOT_OPENED
SH026,REC-SH026-202604-0063,2026-04-08,120.00,112.15,7.85,,,SKIPPED,PERIOD_NOT_OPENED
SH010,REC-SH010-202604-0080,2026-04-08,320.00,299.07,20.93,,,SKIPPED,PERIOD_NOT_OPENED
SH028,REC-SH028-202604-0024,2026-04-08,220.00,205.61,14.39,,,SKIPPED,PERIOD_NOT_OPENED
SH001,REC-SH001-202604-0085,2026-04-08,1320.00,1233.64,86.36,,,SKIPPED,PERIOD_NOT_OPENED
SH028,REC-SH028-202604-0025,2026-04-08,330.00,308.41,21.59,,,SKIPPED,PERIOD_NOT_OPENED
SH026,REC-SH026-202604-0064,2026-04-08,120.00,112.15,7.85,,,SKIPPED,PERIOD_NOT_OPENED
SH006,REC-SH006-202604-0114,2026-04-08,60.00,56.07,3.93,,,SKIPPED,PERIOD_NOT_OPENED
SH024,REC-SH024-202604-0041,2026-04-08,1200.00,1121.50,78.50,,,SKIPPED,PERIOD_NOT_OPENED
SH001,REC-SH001-202604-0086,2026-04-08,220.00,205.61,14.39,,,SKIPPED,PERIOD_NOT_OPENED
SH010,REC-SH010-202604-0081,2026-04-08,100.00,93.46,6.54,,,SKIPPED,PERIOD_NOT_OPENED
SH025,REC-SH025-202604-0055,2026-04-08,80.00,74.77,5.23,,,SKIPPED,PERIOD_NOT_OPENED
SH024,REC-SH024-202604-0042,2026-04-08,120.00,112.15,7.85,,,SKIPPED,PERIOD_NOT_OPENED
SH006,REC-SH006-202604-0115,2026-04-08,80.00,74.77,5.23,,,SKIPPED,PERIOD_NOT_OPENED
SH001,REC-SH001-202604-0087,2026-04-08,80.00,74.77,5.23,,,SKIPPED,PERIOD_NOT_OPENED
SH006,REC-SH006-202604-0116,2026-04-08,80.00,74.77,5.23,,,SKIPPED,PERIOD_NOT_OPENED
SH026,REC-SH026-202604-0065,2026-04-08,1620.00,1514.02,105.98,,,SKIPPED,PERIOD_NOT_OPENED
SH012,REC-SH012-202604-0068,2026-04-08,1860.00,1738.32,121.68,,,SKIPPED,PERIOD_NOT_OPENED
SH024,REC-SH024-202604-0043,2026-04-08,80.00,74.77,5.23,,,SKIPPED,PERIOD_NOT_OPENED
SH024,REC-SH024-202604-0044,2026-04-08,240.00,224.30,15.70,,,SKIPPED,PERIOD_NOT_OPENED
SH010,REC-SH010-202604-0082,2026-04-08,80.00,74.77,5.23,,,SKIPPED,PERIOD_NOT_OPENED
SH025,REC-SH025-202604-0056,2026-04-08,380.00,355.14,24.86,,,SKIPPED,PERIOD_NOT_OPENED
SH025,REC-SH025-202604-0057,2026-04-08,1600.00,1495.33,104.67,,,SKIPPED,PERIOD_NOT_OPENED
SH012,REC-SH012-202604-0069,2026-04-09,120.00,112.15,7.85,,,SKIPPED,PERIOD_NOT_OPENED
SH010,REC-SH010-202604-0083,2026-04-09,1380.00,1289.72,90.28,,,SKIPPED,PERIOD_NOT_OPENED
SH001,REC-SH001-202604-0088,2026-04-09,330.00,308.41,21.59,,,SKIPPED,PERIOD_NOT_OPENED
SH006,REC-SH006-202604-0117,2026-04-09,120.00,112.15,7.85,,,SKIPPED,PERIOD_NOT_OPENED
SH026,REC-SH026-202604-0066,2026-04-09,360.00,336.45,23.55,,,SKIPPED,PERIOD_NOT_OPENED
SH001,REC-SH001-202604-0089,2026-04-09,330.00,308.41,21.59,,,SKIPPED,PERIOD_NOT_OPENED
SH026,REC-SH026-202604-0067,2026-04-09,130.00,121.50,8.50,,,SKIPPED,PERIOD_NOT_OPENED
SH010,REC-SH010-202604-0084,2026-04-09,80.00,74.77,5.23,,,SKIPPED,PERIOD_NOT_OPENED
SH006,REC-SH006-202604-0118,2026-04-09,580.00,542.06,37.94,,,SKIPPED,PERIOD_NOT_OPENED
SH010,REC-SH010-202604-0085,2026-04-09,80.00,74.77,5.23,,,SKIPPED,PERIOD_NOT_OPENED
SH010,REC-SH010-202604-0086,2026-04-09,410.00,383.18,26.82,,,SKIPPED,PERIOD_NOT_OPENED
SH001,REC-SH001-202604-0090,2026-04-09,220.00,205.61,14.39,,,SKIPPED,PERIOD_NOT_OPENED
SH028,REC-SH028-202604-0026,2026-04-09,1320.00,1233.64,86.36,,,SKIPPED,PERIOD_NOT_OPENED
SH026,REC-SH026-202604-0068,2026-04-09,240.00,224.30,15.70,,,SKIPPED,PERIOD_NOT_OPENED
SH028,REC-SH028-202604-0027,2026-04-09,1710.00,1598.13,111.87,,,SKIPPED,PERIOD_NOT_OPENED
SH012,REC-SH012-202604-0070,2026-04-09,1320.00,1233.64,86.36,,,SKIPPED,PERIOD_NOT_OPENED
SH006,REC-SH006-202604-0119,2026-04-09,370.00,345.79,24.21,,,SKIPPED,PERIOD_NOT_OPENED
SH012,REC-SH012-202604-0071,2026-04-09,80.00,74.77,5.23,,,SKIPPED,PERIOD_NOT_OPENED
SH012,REC-SH012-202604-0072,2026-04-09,60.00,56.07,3.93,,,SKIPPED,PERIOD_NOT_OPENED
SH026,REC-SH026-202604-0069,2026-04-09,160.00,149.53,10.47,,,SKIPPED,PERIOD_NOT_OPENED
SH010,REC-SH010-202604-0087,2026-04-09,80.00,74.77,5.23,,,SKIPPED,PERIOD_NOT_OPENED
SH010,REC-SH010-202604-0088,2026-04-09,480.00,448.60,31.40,,,SKIPPED,PERIOD_NOT_OPENED
SH006,REC-SH006-202604-0120,2026-04-09,80.00,74.77,5.23,,,SKIPPED,PERIOD_NOT_OPENED
SH001,REC-SH001-202604-0091,2026-04-09,1750.00,1635.51,114.49,,,SKIPPED,PERIOD_NOT_OPENED
SH025,REC-SH025-202604-0058,2026-04-09,220.00,205.61,14.39,,,SKIPPED,PERIOD_NOT_OPENED
SH006,REC-SH006-202604-0121,2026-04-09,240.00,224.30,15.70,,,SKIPPED,PERIOD_NOT_OPENED
SH012,REC-SH012-202604-0073,2026-04-09,240.00,224.30,15.70,,,SKIPPED,PERIOD_NOT_OPENED
SH026,REC-SH026-202604-0070,2026-04-09,460.00,429.91,30.09,,,SKIPPED,PERIOD_NOT_OPENED
SH006,REC-SH006-202604-0122,2026-04-09,450.00,420.56,29.44,,,SKIPPED,PERIOD_NOT_OPENED
SH010,REC-SH010-202604-0089,2026-04-09,310.00,289.72,20.28,,,SKIPPED,PERIOD_NOT_OPENED
SH012,REC-SH012-202604-0074,2026-04-09,580.00,542.06,37.94,,,SKIPPED,PERIOD_NOT_OPENED
SH025,REC-SH025-202604-0059,2026-04-09,330.00,308.41,21.59,,,SKIPPED,PERIOD_NOT_OPENED
SH006,REC-SH006-202604-0123,2026-04-09,240.00,224.30,15.70,,,SKIPPED,PERIOD_NOT_OPENED
SH001,REC-SH001-202604-0092,2026-04-09,330.00,308.41,21.59,,,SKIPPED,PERIOD_NOT_OPENED
SH024,REC-SH024-202604-0045,2026-04-09,410.00,383.18,26.82,,,SKIPPED,PERIOD_NOT_OPENED
SH026,REC-SH026-202604-0071,2026-04-09,120.00,112.15,7.85,,,SKIPPED,PERIOD_NOT_OPENED
SH028,REC-SH028-202604-0028,2026-04-09,220.00,205.61,14.39,,,SKIPPED,PERIOD_NOT_OPENED
SH026,REC-SH026-202604-0072,2026-04-09,660.00,616.82,43.18,,,SKIPPED,PERIOD_NOT_OPENED
SH028,REC-SH028-202604-0029,2026-04-09,1620.00,1514.02,105.98,,,SKIPPED,PERIOD_NOT_OPENED
SH001,REC-SH001-202604-0093,2026-04-09,600.00,560.75,39.25,,,SKIPPED,PERIOD_NOT_OPENED
SH024,REC-SH024-202604-0046,2026-04-09,320.00,299.07,20.93,,,SKIPPED,PERIOD_NOT_OPENED
SH001,REC-SH001-202604-0094,2026-04-09,220.00,205.61,14.39,,,SKIPPED,PERIOD_NOT_OPENED
SH012,REC-SH012-202604-0075,2026-04-09,120.00,112.15,7.85,,,SKIPPED,PERIOD_NOT_OPENED
SH025,REC-SH025-202604-0060,2026-04-09,1230.00,1149.53,80.47,,,SKIPPED,PERIOD_NOT_OPENED
SH012,REC-SH012-202604-0076,2026-04-09,160.00,149.53,10.47,,,SKIPPED,PERIOD_NOT_OPENED
SH012,REC-SH012-202604-0077,2026-04-09,1060.00,990.65,69.35,,,SKIPPED,PERIOD_NOT_OPENED
SH024,REC-SH024-202604-0047,2026-04-09,60.00,56.07,3.93,,,SKIPPED,PERIOD_NOT_OPENED
SH025,REC-SH025-202604-0061,2026-04-09,175.00,163.55,11.45,,,SKIPPED,PERIOD_NOT_OPENED
SH025,REC-SH025-202604-0062,2026-04-09,1560.00,1457.94,102.06,,,SKIPPED,PERIOD_NOT_OPENED
SH006,REC-SH006-202604-0124,2026-04-09,80.00,74.77,5.23,,,SKIPPED,PERIOD_NOT_OPENED
SH010,REC-SH010-202604-0090,2026-04-09,80.00,74.77,5.23,,,SKIPPED,PERIOD_NOT_OPENED
SH010,REC-SH010-202604-0091,2026-04-09,160.00,149.53,10.47,,,SKIPPED,PERIOD_NOT_OPENED
SH001,REC-SH001-202604-0095,2026-04-09,220.00,205.61,14.39,,,SKIPPED,PERIOD_NOT_OPENED
SH026,REC-SH026-202604-0073,2026-04-09,160.00,149.53,10.47,,,SKIPPED,PERIOD_NOT_OPENED
SH010,REC-SH010-202604-0092,2026-04-09,80.00,74.77,5.23,,,SKIPPED,PERIOD_NOT_OPENED
SH001,REC-SH001-202604-0096,2026-04-09,4860.00,4542.06,317.94,,,SKIPPED,PERIOD_NOT_OPENED
SH001,REC-SH001-202604-0097,2026-04-09,160.00,149.53,10.47,,,SKIPPED,PERIOD_NOT_OPENED
SH001,REC-SH001-202604-0098,2026-04-09,330.00,308.41,21.59,,,SKIPPED,PERIOD_NOT_OPENED
SH012,REC-SH012-202604-0078,2026-04-09,460.00,429.91,30.09,,,SKIPPED,PERIOD_NOT_OPENED
SH025,REC-SH025-202604-0063,2026-04-09,160.00,149.53,10.47,,,SKIPPED,PERIOD_NOT_OPENED
SH025,REC-SH025-202604-0064,2026-04-09,120.00,112.15,7.85,,,SKIPPED,PERIOD_NOT_OPENED
SH028,REC-SH028-202604-0030,2026-04-09,680.00,635.51,44.49,,,SKIPPED,PERIOD_NOT_OPENED
SH024,REC-SH024-202604-0048,2026-04-09,1000.00,934.58,65.42,,,SKIPPED,PERIOD_NOT_OPENED
SH025,REC-SH025-202604-0065,2026-04-09,325.00,303.74,21.26,,,SKIPPED,PERIOD_NOT_OPENED
SH012,REC-SH012-202604-0079,2026-04-10,140.00,130.84,9.16,,,SKIPPED,PERIOD_NOT_OPENED
SH012,REC-SH012-202604-0080,2026-04-10,80.00,74.77,5.23,,,SKIPPED,PERIOD_NOT_OPENED
SH010,REC-SH010-202604-0093,2026-04-10,160.00,149.53,10.47,,,SKIPPED,PERIOD_NOT_OPENED
SH006,REC-SH006-202604-0125,2026-04-10,80.00,74.77,5.23,,,SKIPPED,PERIOD_NOT_OPENED
SH006,REC-SH006-202604-0126,2026-04-10,380.00,355.14,24.86,,,SKIPPED,PERIOD_NOT_OPENED
SH010,REC-SH010-202604-0094,2026-04-10,1970.00,1841.12,128.88,,,SKIPPED,PERIOD_NOT_OPENED
SH010,REC-SH010-202604-0095,2026-04-10,240.00,224.30,15.70,,,SKIPPED,PERIOD_NOT_OPENED
SH006,REC-SH006-202604-0127,2026-04-10,240.00,224.30,15.70,,,SKIPPED,PERIOD_NOT_OPENED
SH028,REC-SH028-202604-0031,2026-04-10,160.00,149.53,10.47,,,SKIPPED,PERIOD_NOT_OPENED
SH006,REC-SH006-202604-0128,2026-04-10,120.00,112.15,7.85,,,SKIPPED,PERIOD_NOT_OPENED
SH024,REC-SH024-202604-0049,2026-04-10,380.00,355.14,24.86,,,SKIPPED,PERIOD_NOT_OPENED
SH006,REC-SH006-202604-0129,2026-04-10,920.00,859.81,60.19,,,SKIPPED,PERIOD_NOT_OPENED
SH006,REC-SH006-202604-0130,2026-04-10,80.00,74.77,5.23,,,SKIPPED,PERIOD_NOT_OPENED
SH026,REC-SH026-202604-0074,2026-04-10,80.00,74.77,5.23,,,SKIPPED,PERIOD_NOT_OPENED
SH025,REC-SH025-202604-0066,2026-04-10,500.00,467.29,32.71,,,SKIPPED,PERIOD_NOT_OPENED
SH012,REC-SH012-202604-0081,2026-04-10,320.00,299.07,20.93,,,SKIPPED,PERIOD_NOT_OPENED
SH006,REC-SH006-202604-0131,2026-04-10,120.00,112.15,7.85,,,SKIPPED,PERIOD_NOT_OPENED
SH010,REC-SH010-202604-0096,2026-04-10,2500.00,2336.45,163.55,,,SKIPPED,PERIOD_NOT_OPENED
SH026,REC-SH026-202604-0075,2026-04-10,4330.00,4046.73,283.27,,,SKIPPED,PERIOD_NOT_OPENED
SH006,REC-SH006-202604-0132,2026-04-10,290.00,271.03,18.97,,,SKIPPED,PERIOD_NOT_OPENED
SH025,REC-SH025-202604-0067,2026-04-10,500.00,467.29,32.71,,,SKIPPED,PERIOD_NOT_OPENED
SH001,REC-SH001-202604-0099,2026-04-10,1620.00,1514.02,105.98,,,SKIPPED,PERIOD_NOT_OPENED
SH026,REC-SH026-202604-0076,2026-04-10,240.00,224.30,15.70,,,SKIPPED,PERIOD_NOT_OPENED
SH024,REC-SH024-202604-0050,2026-04-10,80.00,74.77,5.23,,,SKIPPED,PERIOD_NOT_OPENED
SH010,REC-SH010-202604-0097,2026-04-10,120.00,112.15,7.85,,,SKIPPED,PERIOD_NOT_OPENED
SH012,REC-SH012-202604-0082,2026-04-10,1360.00,1271.03,88.97,,,SKIPPED,PERIOD_NOT_OPENED
SH001,REC-SH001-202604-0100,2026-04-10,2500.00,2336.45,163.55,,,SKIPPED,PERIOD_NOT_OPENED
SH001,REC-SH001-202604-0101,2026-04-10,1750.00,1635.51,114.49,,,SKIPPED,PERIOD_NOT_OPENED
SH012,REC-SH012-202604-0083,2026-04-10,240.00,224.30,15.70,,,SKIPPED,PERIOD_NOT_OPENED
SH001,REC-SH001-202604-0102,2026-04-10,460.00,429.91,30.09,,,SKIPPED,PERIOD_NOT_OPENED
SH012,REC-SH012-202604-0084,2026-04-10,120.00,112.15,7.85,,,SKIPPED,PERIOD_NOT_OPENED
SH012,REC-SH012-202604-0085,2026-04-10,60.00,56.07,3.93,,,SKIPPED,PERIOD_NOT_OPENED
SH026,REC-SH026-202604-0077,2026-04-10,120.00,112.15,7.85,,,SKIPPED,PERIOD_NOT_OPENED
SH025,REC-SH025-202604-0068,2026-04-10,80.00,74.77,5.23,,,SKIPPED,PERIOD_NOT_OPENED
SH006,REC-SH006-202604-0133,2026-04-10,120.00,112.15,7.85,,,SKIPPED,PERIOD_NOT_OPENED
SH010,REC-SH010-202604-0098,2026-04-10,80.00,74.77,5.23,,,SKIPPED,PERIOD_NOT_OPENED
SH010,REC-SH010-202604-0099,2026-04-10,640.00,598.13,41.87,,,SKIPPED,PERIOD_NOT_OPENED
SH006,REC-SH006-202604-0134,2026-04-10,1320.00,1233.64,86.36,,,SKIPPED,PERIOD_NOT_OPENED
SH028,REC-SH028-202604-0032,2026-04-10,160.00,149.53,10.47,,,SKIPPED,PERIOD_NOT_OPENED
SH001,REC-SH001-202604-0103,2026-04-10,320.00,299.07,20.93,,,SKIPPED,PERIOD_NOT_OPENED
SH025,REC-SH025-202604-0069,2026-04-10,650.00,607.48,42.52,,,SKIPPED,PERIOD_NOT_OPENED
SH025,REC-SH025-202604-0070,2026-04-10,80.00,74.77,5.23,,,SKIPPED,PERIOD_NOT_OPENED
SH001,REC-SH001-202604-0104,2026-04-10,640.00,598.13,41.87,,,SKIPPED,PERIOD_NOT_OPENED
SH006,REC-SH006-202604-0135,2026-04-10,60.00,56.07,3.93,,,SKIPPED,PERIOD_NOT_OPENED
SH006,REC-SH006-202604-0136,2026-04-10,240.00,224.30,15.70,,,SKIPPED,PERIOD_NOT_OPENED
SH006,REC-SH006-202604-0137,2026-04-10,60.00,56.07,3.93,,,SKIPPED,PERIOD_NOT_OPENED
SH024,REC-SH024-202604-0051,2026-04-10,160.00,149.53,10.47,,,SKIPPED,PERIOD_NOT_OPENED
SH024,REC-SH024-202604-0052,2026-04-10,60.00,56.07,3.93,,,SKIPPED,PERIOD_NOT_OPENED
SH012,REC-SH012-202604-0086,2026-04-10,310.00,289.72,20.28,,,SKIPPED,PERIOD_NOT_OPENED
SH001,REC-SH001-202604-0105,2026-04-10,5250.00,4906.54,343.46,,,SKIPPED,PERIOD_NOT_OPENED
SH001,REC-SH001-202604-0106,2026-04-10,1250.00,1168.22,81.78,,,SKIPPED,PERIOD_NOT_OPENED
SH001,REC-SH001-202604-0107,2026-04-10,160.00,149.53,10.47,,,SKIPPED,PERIOD_NOT_OPENED
SH001,REC-SH001-202604-0108,2026-04-10,400.00,373.83,26.17,,,SKIPPED,PERIOD_NOT_OPENED
SH025,REC-SH025-202604-0071,2026-04-10,400.00,373.83,26.17,,,SKIPPED,PERIOD_NOT_OPENED
SH001,REC-SH001-202604-0109,2026-04-10,1360.00,1271.03,88.97,,,SKIPPED,PERIOD_NOT_OPENED
SH025,REC-SH025-202604-0072,2026-04-10,160.00,149.53,10.47,,,SKIPPED,PERIOD_NOT_OPENED
SH010,REC-SH010-202604-0100,2026-04-10,1430.00,1336.45,93.55,,,SKIPPED,PERIOD_NOT_OPENED
SH025,REC-SH025-202604-0073,2026-04-10,120.00,112.15,7.85,,,SKIPPED,PERIOD_NOT_OPENED
SH026,REC-SH026-202604-0078,2026-04-10,180.00,168.22,11.78,,,SKIPPED,PERIOD_NOT_OPENED
SH010,REC-SH010-202604-0101,2026-04-10,1230.00,1149.53,80.47,,,SKIPPED,PERIOD_NOT_OPENED
SH026,REC-SH026-202604-0079,2026-04-10,80.00,74.77,5.23,,,SKIPPED,PERIOD_NOT_OPENED
SH010,REC-SH010-202604-0102,2026-04-10,1620.00,1514.02,105.98,,,SKIPPED,PERIOD_NOT_OPENED
SH001,REC-SH001-202604-0110,2026-04-10,1250.00,1168.22,81.78,,,SKIPPED,PERIOD_NOT_OPENED
SH024,REC-SH024-202604-0053,2026-04-10,570.00,532.71,37.29,,,SKIPPED,PERIOD_NOT_OPENED
SH012,REC-SH012-202604-0087,2026-04-11,240.00,224.30,15.70,,,SKIPPED,PERIOD_NOT_OPENED
SH024,REC-SH024-202604-0054,2026-04-11,460.00,429.91,30.09,,,SKIPPED,PERIOD_NOT_OPENED
SH012,REC-SH012-202604-0088,2026-04-11,160.00,149.53,10.47,,,SKIPPED,PERIOD_NOT_OPENED
SH001,REC-SH001-202604-0111,2026-04-11,580.00,542.06,37.94,,,SKIPPED,PERIOD_NOT_OPENED
SH026,REC-SH026-202604-0080,2026-04-11,330.00,308.41,21.59,,,SKIPPED,PERIOD_NOT_OPENED
SH010,REC-SH010-202604-0103,2026-04-11,240.00,224.30,15.70,,,SKIPPED,PERIOD_NOT_OPENED
SH026,REC-SH026-202604-0081,2026-04-11,380.00,355.14,24.86,,,SKIPPED,PERIOD_NOT_OPENED
SH024,REC-SH024-202604-0055,2026-04-11,450.00,420.56,29.44,,,SKIPPED,PERIOD_NOT_OPENED
SH006,REC-SH006-202604-0138,2026-04-11,2460.00,2299.07,160.93,,,SKIPPED,PERIOD_NOT_OPENED
SH006,REC-SH006-202604-0139,2026-04-11,80.00,74.77,5.23,,,SKIPPED,PERIOD_NOT_OPENED
SH001,REC-SH001-202604-0112,2026-04-11,1710.00,1598.13,111.87,,,SKIPPED,PERIOD_NOT_OPENED
SH006,REC-SH006-202604-0140,2026-04-11,580.00,542.06,37.94,,,SKIPPED,PERIOD_NOT_OPENED
SH001,REC-SH001-202604-0113,2026-04-11,1560.00,1457.94,102.06,,,SKIPPED,PERIOD_NOT_OPENED
SH026,REC-SH026-202604-0082,2026-04-11,80.00,74.77,5.23,,,SKIPPED,PERIOD_NOT_OPENED
SH025,REC-SH025-202604-0074,2026-04-11,160.00,149.53,10.47,,,SKIPPED,PERIOD_NOT_OPENED
SH025,REC-SH025-202604-0075,2026-04-11,120.00,112.15,7.85,,,SKIPPED,PERIOD_NOT_OPENED
SH010,REC-SH010-202604-0104,2026-04-11,80.00,74.77,5.23,,,SKIPPED,PERIOD_NOT_OPENED
SH006,REC-SH006-202604-0141,2026-04-11,240.00,224.30,15.70,,,SKIPPED,PERIOD_NOT_OPENED
SH001,REC-SH001-202604-0114,2026-04-11,80.00,74.77,5.23,,,SKIPPED,PERIOD_NOT_OPENED
SH001,REC-SH001-202604-0115,2026-04-11,330.00,308.41,21.59,,,SKIPPED,PERIOD_NOT_OPENED
SH025,REC-SH025-202604-0076,2026-04-11,160.00,149.53,10.47,,,SKIPPED,PERIOD_NOT_OPENED
SH025,REC-SH025-202604-0077,2026-04-11,240.00,224.30,15.70,,,SKIPPED,PERIOD_NOT_OPENED
SH012,REC-SH012-202604-0089,2026-04-11,330.00,308.41,21.59,,,SKIPPED,PERIOD_NOT_OPENED
SH025,REC-SH025-202604-0078,2026-04-11,240.00,224.30,15.70,,,SKIPPED,PERIOD_NOT_OPENED
SH001,REC-SH001-202604-0116,2026-04-11,1250.00,1168.22,81.78,,,SKIPPED,PERIOD_NOT_OPENED
SH012,REC-SH012-202604-0090,2026-04-11,240.00,224.30,15.70,,,SKIPPED,PERIOD_NOT_OPENED
SH028,REC-SH028-202604-0033,2026-04-11,150.00,140.19,9.81,,,SKIPPED,PERIOD_NOT_OPENED
SH010,REC-SH010-202604-0105,2026-04-11,325.00,303.74,21.26,,,SKIPPED,PERIOD_NOT_OPENED
SH026,REC-SH026-202604-0083,2026-04-11,120.00,112.15,7.85,,,SKIPPED,PERIOD_NOT_OPENED
SH012,REC-SH012-202604-0091,2026-04-11,1320.00,1233.64,86.36,,,SKIPPED,PERIOD_NOT_OPENED
SH010,REC-SH010-202604-0106,2026-04-11,160.00,149.53,10.47,,,SKIPPED,PERIOD_NOT_OPENED
SH010,REC-SH010-202604-0107,2026-04-11,60.00,56.07,3.93,,,SKIPPED,PERIOD_NOT_OPENED
SH025,REC-SH025-202604-0079,2026-04-11,330.00,308.41,21.59,,,SKIPPED,PERIOD_NOT_OPENED
SH001,REC-SH001-202604-0117,2026-04-11,500.00,467.29,32.71,,,SKIPPED,PERIOD_NOT_OPENED
SH025,REC-SH025-202604-0080,2026-04-11,120.00,112.15,7.85,,,SKIPPED,PERIOD_NOT_OPENED
SH028,REC-SH028-202604-0034,2026-04-11,2870.00,2682.24,187.76,,,SKIPPED,PERIOD_NOT_OPENED
SH006,REC-SH006-202604-0142,2026-04-11,460.00,429.91,30.09,,,SKIPPED,PERIOD_NOT_OPENED
SH001,REC-SH001-202604-0118,2026-04-11,220.00,205.61,14.39,,,SKIPPED,PERIOD_NOT_OPENED
SH026,REC-SH026-202604-0084,2026-04-11,80.00,74.77,5.23,,,SKIPPED,PERIOD_NOT_OPENED
SH006,REC-SH006-202604-0143,2026-04-11,100.00,93.46,6.54,,,SKIPPED,PERIOD_NOT_OPENED
SH024,REC-SH024-202604-0056,2026-04-11,325.00,303.74,21.26,,,SKIPPED,PERIOD_NOT_OPENED
SH024,REC-SH024-202604-0057,2026-04-11,300.00,280.37,19.63,,,SKIPPED,PERIOD_NOT_OPENED
SH028,REC-SH028-202604-0035,2026-04-11,330.00,308.41,21.59,,,SKIPPED,PERIOD_NOT_OPENED
SH006,REC-SH006-202604-0144,2026-04-11,240.00,224.30,15.70,,,SKIPPED,PERIOD_NOT_OPENED
SH001,REC-SH001-202604-0119,2026-04-11,880.00,822.43,57.57,,,SKIPPED,PERIOD_NOT_OPENED
SH006,REC-SH006-202604-0145,2026-04-11,360.00,336.45,23.55,,,SKIPPED,PERIOD_NOT_OPENED
SH010,REC-SH010-202604-0108,2026-04-11,460.00,429.91,30.09,,,SKIPPED,PERIOD_NOT_OPENED
SH012,REC-SH012-202604-0092,2026-04-11,760.00,710.28,49.72,,,SKIPPED,PERIOD_NOT_OPENED
SH001,REC-SH001-202604-0120,2026-04-11,330.00,308.41,21.59,,,SKIPPED,PERIOD_NOT_OPENED
SH010,REC-SH010-202604-0109,2026-04-11,120.00,112.15,7.85,,,SKIPPED,PERIOD_NOT_OPENED
SH010,REC-SH010-202604-0110,2026-04-11,80.00,74.77,5.23,,,SKIPPED,PERIOD_NOT_OPENED
SH030,REC-SH030-202604-0012,2026-04-11,80.00,74.77,5.23,,,SKIPPED,PERIOD_NOT_OPENED
SH006,REC-SH006-202604-0146,2026-04-11,330.00,308.41,21.59,,,SKIPPED,PERIOD_NOT_OPENED
SH001,REC-SH001-202604-0121,2026-04-11,1620.00,1514.02,105.98,,,SKIPPED,PERIOD_NOT_OPENED
SH026,REC-SH026-202604-0085,2026-04-11,80.00,74.77,5.23,,,SKIPPED,PERIOD_NOT_OPENED
SH001,REC-SH001-202604-0122,2026-04-11,80.00,74.77,5.23,,,SKIPPED,PERIOD_NOT_OPENED
SH026,REC-SH026-202604-0086,2026-04-11,120.00,112.15,7.85,,,SKIPPED,PERIOD_NOT_OPENED
SH025,REC-SH025-202604-0081,2026-04-11,80.00,74.77,5.23,,,SKIPPED,PERIOD_NOT_OPENED
SH001,REC-SH001-202604-0123,2026-04-11,220.00,205.61,14.39,,,SKIPPED,PERIOD_NOT_OPENED
SH001,REC-SH001-202604-0124,2026-04-11,580.00,542.06,37.94,,,SKIPPED,PERIOD_NOT_OPENED
SH001,REC-SH001-202604-0125,2026-04-11,80.00,74.77,5.23,,,SKIPPED,PERIOD_NOT_OPENED
SH024,REC-SH024-202604-0058,2026-04-11,160.00,149.53,10.47,,,SKIPPED,PERIOD_NOT_OPENED
SH026,REC-SH026-202604-0087,2026-04-12,160.00,149.53,10.47,,,SKIPPED,PERIOD_NOT_OPENED
SH010,REC-SH010-202604-0111,2026-04-12,410.00,383.18,26.82,,,SKIPPED,PERIOD_NOT_OPENED
SH001,REC-SH001-202604-0126,2026-04-12,1620.00,1514.02,105.98,,,SKIPPED,PERIOD_NOT_OPENED
SH024,REC-SH024-202604-0059,2026-04-12,300.00,280.37,19.63,,,SKIPPED,PERIOD_NOT_OPENED
SH001,REC-SH001-202604-0127,2026-04-12,1580.00,1476.64,103.36,,,SKIPPED,PERIOD_NOT_OPENED
SH006,REC-SH006-202604-0147,2026-04-12,60.00,56.07,3.93,,,SKIPPED,PERIOD_NOT_OPENED
SH006,REC-SH006-202604-0148,2026-04-12,80.00,74.77,5.23,,,SKIPPED,PERIOD_NOT_OPENED
SH026,REC-SH026-202604-0088,2026-04-12,1620.00,1514.02,105.98,,,SKIPPED,PERIOD_NOT_OPENED
SH006,REC-SH006-202604-0149,2026-04-12,120.00,112.15,7.85,,,SKIPPED,PERIOD_NOT_OPENED
SH006,REC-SH006-202604-0150,2026-04-12,160.00,149.53,10.47,,,SKIPPED,PERIOD_NOT_OPENED
SH026,REC-SH026-202604-0089,2026-04-12,330.00,308.41,21.59,,,SKIPPED,PERIOD_NOT_OPENED
SH006,REC-SH006-202604-0151,2026-04-12,580.00,542.06,37.94,,,SKIPPED,PERIOD_NOT_OPENED
SH006,REC-SH006-202604-0152,2026-04-12,460.00,429.91,30.09,,,SKIPPED,PERIOD_NOT_OPENED
SH010,REC-SH010-202604-0112,2026-04-12,240.00,224.30,15.70,,,SKIPPED,PERIOD_NOT_OPENED
SH010,REC-SH010-202604-0113,2026-04-12,200.00,186.92,13.08,,,SKIPPED,PERIOD_NOT_OPENED
SH012,REC-SH012-202604-0093,2026-04-12,820.00,766.36,53.64,,,SKIPPED,PERIOD_NOT_OPENED
SH001,REC-SH001-202604-0128,2026-04-12,1970.00,1841.12,128.88,,,SKIPPED,PERIOD_NOT_OPENED
SH010,REC-SH010-202604-0114,2026-04-12,80.00,74.77,5.23,,,SKIPPED,PERIOD_NOT_OPENED
SH026,REC-SH026-202604-0090,2026-04-12,460.00,429.91,30.09,,,SKIPPED,PERIOD_NOT_OPENED
SH028,REC-SH028-202604-0036,2026-04-12,600.00,560.75,39.25,,,SKIPPED,PERIOD_NOT_OPENED
SH001,REC-SH001-202604-0129,2026-04-12,80.00,74.77,5.23,,,SKIPPED,PERIOD_NOT_OPENED
SH001,REC-SH001-202604-0130,2026-04-12,80.00,74.77,5.23,,,SKIPPED,PERIOD_NOT_OPENED
SH006,REC-SH006-202604-0153,2026-04-12,1650.00,1542.06,107.94,,,SKIPPED,PERIOD_NOT_OPENED
SH006,REC-SH006-202604-0154,2026-04-12,580.00,542.06,37.94,,,SKIPPED,PERIOD_NOT_OPENED
SH024,REC-SH024-202604-0060,2026-04-12,1230.00,1149.53,80.47,,,SKIPPED,PERIOD_NOT_OPENED
SH024,REC-SH024-202604-0061,2026-04-12,120.00,112.15,7.85,,,SKIPPED,PERIOD_NOT_OPENED
SH030,REC-SH030-202604-0013,2026-04-12,280.00,261.68,18.32,,,SKIPPED,PERIOD_NOT_OPENED
SH026,REC-SH026-202604-0091,2026-04-12,410.00,383.18,26.82,,,SKIPPED,PERIOD_NOT_OPENED
SH006,REC-SH006-202604-0155,2026-04-12,160.00,149.53,10.47,,,SKIPPED,PERIOD_NOT_OPENED
SH006,REC-SH006-202604-0156,2026-04-12,100.00,93.46,6.54,,,SKIPPED,PERIOD_NOT_OPENED
SH006,REC-SH006-202604-0157,2026-04-12,1230.00,1149.53,80.47,,,SKIPPED,PERIOD_NOT_OPENED
SH006,REC-SH006-202604-0158,2026-04-12,1320.00,1233.64,86.36,,,SKIPPED,PERIOD_NOT_OPENED
SH026,REC-SH026-202604-0092,2026-04-12,320.00,299.07,20.93,,,SKIPPED,PERIOD_NOT_OPENED
SH001,REC-SH001-202604-0131,2026-04-12,3000.00,2803.74,196.26,,,SKIPPED,PERIOD_NOT_OPENED
SH025,REC-SH025-202604-0082,2026-04-12,80.00,74.77,5.23,,,SKIPPED,PERIOD_NOT_OPENED
SH025,REC-SH025-202604-0083,2026-04-12,160.00,149.53,10.47,,,SKIPPED,PERIOD_NOT_OPENED
SH028,REC-SH028-202604-0037,2026-04-12,1230.00,1149.53,80.47,,,SKIPPED,PERIOD_NOT_OPENED
SH001,REC-SH001-202604-0132,2026-04-12,220.00,205.61,14.39,,,SKIPPED,PERIOD_NOT_OPENED
SH026,REC-SH026-202604-0093,2026-04-12,280.00,261.68,18.32,,,SKIPPED,PERIOD_NOT_OPENED
SH026,REC-SH026-202604-0094,2026-04-12,80.00,74.77,5.23,,,SKIPPED,PERIOD_NOT_OPENED
SH012,REC-SH012-202604-0094,2026-04-12,160.00,149.53,10.47,,,SKIPPED,PERIOD_NOT_OPENED
SH001,REC-SH001-202604-0133,2026-04-12,3330.00,3112.15,217.85,,,SKIPPED,PERIOD_NOT_OPENED
SH026,REC-SH026-202604-0095,2026-04-12,80.00,74.77,5.23,,,SKIPPED,PERIOD_NOT_OPENED
SH026,REC-SH026-202604-0096,2026-04-12,160.00,149.53,10.47,,,SKIPPED,PERIOD_NOT_OPENED
SH006,REC-SH006-202604-0159,2026-04-12,60.00,56.07,3.93,,,SKIPPED,PERIOD_NOT_OPENED
SH012,REC-SH012-202604-0095,2026-04-12,240.00,224.30,15.70,,,SKIPPED,PERIOD_NOT_OPENED
SH025,REC-SH025-202604-0084,2026-04-12,160.00,149.53,10.47,,,SKIPPED,PERIOD_NOT_OPENED
SH006,REC-SH006-202604-0160,2026-04-12,160.00,149.53,10.47,,,SKIPPED,PERIOD_NOT_OPENED
SH006,REC-SH006-202604-0161,2026-04-12,840.00,785.05,54.95,,,SKIPPED,PERIOD_NOT_OPENED
SH001,REC-SH001-202604-0134,2026-04-12,1620.00,1514.02,105.98,,,SKIPPED,PERIOD_NOT_OPENED
SH001,REC-SH001-202604-0135,2026-04-12,8280.00,7738.32,541.68,,,SKIPPED,PERIOD_NOT_OPENED
SH006,REC-SH006-202604-0162,2026-04-12,760.00,710.28,49.72,,,SKIPPED,PERIOD_NOT_OPENED
SH026,REC-SH026-202604-0097,2026-04-12,1560.00,1457.94,102.06,,,SKIPPED,PERIOD_NOT_OPENED
SH026,REC-SH026-202604-0098,2026-04-12,80.00,74.77,5.23,,,SKIPPED,PERIOD_NOT_OPENED
SH010,REC-SH010-202604-0115,2026-04-12,4140.00,3869.16,270.84,,,SKIPPED,PERIOD_NOT_OPENED
SH026,REC-SH026-202604-0099,2026-04-12,580.00,542.06,37.94,,,SKIPPED,PERIOD_NOT_OPENED
SH026,REC-SH026-202604-0100,2026-04-12,240.00,224.30,15.70,,,SKIPPED,PERIOD_NOT_OPENED
SH006,REC-SH006-202604-0163,2026-04-12,80.00,74.77,5.23,,,SKIPPED,PERIOD_NOT_OPENED
SH012,REC-SH012-202604-0096,2026-04-12,310.00,289.72,20.28,,,SKIPPED,PERIOD_NOT_OPENED
SH010,REC-SH010-202604-0116,2026-04-12,380.00,355.14,24.86,,,SKIPPED,PERIOD_NOT_OPENED
SH024,REC-SH024-202604-0062,2026-04-12,80.00,74.77,5.23,,,SKIPPED,PERIOD_NOT_OPENED
SH024,REC-SH024-202604-0063,2026-04-12,80.00,74.77,5.23,,,SKIPPED,PERIOD_NOT_OPENED
SH024,REC-SH024-202604-0064,2026-04-12,330.00,308.41,21.59,,,SKIPPED,PERIOD_NOT_OPENED
SH024,REC-SH024-202604-0065,2026-04-12,120.00,112.15,7.85,,,SKIPPED,PERIOD_NOT_OPENED
SH001,REC-SH001-202604-0136,2026-04-12,1740.00,1626.17,113.83,,,SKIPPED,PERIOD_NOT_OPENED
SH024,REC-SH024-202604-0066,2026-04-12,120.00,112.15,7.85,,,SKIPPED,PERIOD_NOT_OPENED
SH024,REC-SH024-202604-0067,2026-04-12,120.00,112.15,7.85,,,SKIPPED,PERIOD_NOT_OPENED
SH025,REC-SH025-202604-0085,2026-04-12,260.00,242.99,17.01,,,SKIPPED,PERIOD_NOT_OPENED
SH025,REC-SH025-202604-0086,2026-04-12,410.00,383.18,26.82,,,SKIPPED,PERIOD_NOT_OPENED
SH010,REC-SH010-202604-0117,2026-04-13,650.00,607.48,42.52,,,SKIPPED,PERIOD_NOT_OPENED
SH006,REC-SH006-202604-0164,2026-04-13,940.00,878.50,61.50,,,SKIPPED,PERIOD_NOT_OPENED
SH006,REC-SH006-202604-0165,2026-04-13,80.00,74.77,5.23,,,SKIPPED,PERIOD_NOT_OPENED
SH006,REC-SH006-202604-0166,2026-04-13,160.00,149.53,10.47,,,SKIPPED,PERIOD_NOT_OPENED
SH006,REC-SH006-202604-0167,2026-04-13,600.00,560.75,39.25,,,SKIPPED,PERIOD_NOT_OPENED
SH001,REC-SH001-202604-0137,2026-04-13,120.00,112.15,7.85,,,SKIPPED,PERIOD_NOT_OPENED
SH006,REC-SH006-202604-0168,2026-04-13,180.00,168.22,11.78,,,SKIPPED,PERIOD_NOT_OPENED
SH024,REC-SH024-202604-0068,2026-04-13,240.00,224.30,15.70,,,SKIPPED,PERIOD_NOT_OPENED
SH001,REC-SH001-202604-0138,2026-04-13,2460.00,2299.07,160.93,,,SKIPPED,PERIOD_NOT_OPENED
SH006,REC-SH006-202604-0169,2026-04-13,240.00,224.30,15.70,,,SKIPPED,PERIOD_NOT_OPENED
SH010,REC-SH010-202604-0118,2026-04-13,2750.00,2570.09,179.91,,,SKIPPED,PERIOD_NOT_OPENED
SH001,REC-SH001-202604-0139,2026-04-13,1320.00,1233.64,86.36,,,SKIPPED,PERIOD_NOT_OPENED
SH026,REC-SH026-202604-0101,2026-04-13,120.00,112.15,7.85,,,SKIPPED,PERIOD_NOT_OPENED
SH006,REC-SH006-202604-0170,2026-04-13,140.00,130.84,9.16,,,SKIPPED,PERIOD_NOT_OPENED
SH026,REC-SH026-202604-0102,2026-04-13,460.00,429.91,30.09,,,SKIPPED,PERIOD_NOT_OPENED
SH010,REC-SH010-202604-0119,2026-04-13,160.00,149.53,10.47,,,SKIPPED,PERIOD_NOT_OPENED
SH010,REC-SH010-202604-0120,2026-04-13,2010.00,1878.50,131.50,,,SKIPPED,PERIOD_NOT_OPENED
SH010,REC-SH010-202604-0121,2026-04-13,120.00,112.15,7.85,,,SKIPPED,PERIOD_NOT_OPENED
SH012,REC-SH012-202604-0097,2026-04-13,200.00,186.92,13.08,,,SKIPPED,PERIOD_NOT_OPENED
SH010,REC-SH010-202604-0122,2026-04-13,1280.00,1196.26,83.74,,,SKIPPED,PERIOD_NOT_OPENED
SH010,REC-SH010-202604-0123,2026-04-13,120.00,112.15,7.85,,,SKIPPED,PERIOD_NOT_OPENED
SH026,REC-SH026-202604-0103,2026-04-13,380.00,355.14,24.86,,,SKIPPED,PERIOD_NOT_OPENED
SH006,REC-SH006-202604-0171,2026-04-13,450.00,420.56,29.44,,,SKIPPED,PERIOD_NOT_OPENED
SH006,REC-SH006-202604-0172,2026-04-13,120.00,112.15,7.85,,,SKIPPED,PERIOD_NOT_OPENED
SH012,REC-SH012-202604-0098,2026-04-13,80.00,74.77,5.23,,,SKIPPED,PERIOD_NOT_OPENED
SH010,REC-SH010-202604-0124,2026-04-13,130.00,121.50,8.50,,,SKIPPED,PERIOD_NOT_OPENED
SH024,REC-SH024-202604-0069,2026-04-13,80.00,74.77,5.23,,,SKIPPED,PERIOD_NOT_OPENED
SH024,REC-SH024-202604-0070,2026-04-13,80.00,74.77,5.23,,,SKIPPED,PERIOD_NOT_OPENED
SH024,REC-SH024-202604-0071,2026-04-13,120.00,112.15,7.85,,,SKIPPED,PERIOD_NOT_OPENED
SH012,REC-SH012-202604-0099,2026-04-13,240.00,224.30,15.70,,,SKIPPED,PERIOD_NOT_OPENED
SH006,REC-SH006-202604-0173,2026-04-13,120.00,112.15,7.85,,,SKIPPED,PERIOD_NOT_OPENED
SH006,REC-SH006-202604-0174,2026-04-13,240.00,224.30,15.70,,,SKIPPED,PERIOD_NOT_OPENED
SH012,REC-SH012-202604-0100,2026-04-13,200.00,186.92,13.08,,,SKIPPED,PERIOD_NOT_OPENED
SH026,REC-SH026-202604-0104,2026-04-13,600.00,560.75,39.25,,,SKIPPED,PERIOD_NOT_OPENED
SH012,REC-SH012-202604-0101,2026-04-13,1320.00,1233.64,86.36,,,SKIPPED,PERIOD_NOT_OPENED
SH026,REC-SH026-202604-0105,2026-04-13,160.00,149.53,10.47,,,SKIPPED,PERIOD_NOT_OPENED
SH001,REC-SH001-202604-0140,2026-04-13,330.00,308.41,21.59,,,SKIPPED,PERIOD_NOT_OPENED
SH010,REC-SH010-202604-0125,2026-04-13,325.00,303.74,21.26,,,SKIPPED,PERIOD_NOT_OPENED
SH026,REC-SH026-202604-0106,2026-04-13,360.00,336.45,23.55,,,SKIPPED,PERIOD_NOT_OPENED
SH010,REC-SH010-202604-0126,2026-04-13,840.00,785.05,54.95,,,SKIPPED,PERIOD_NOT_OPENED
SH010,REC-SH010-202604-0127,2026-04-13,80.00,74.77,5.23,,,SKIPPED,PERIOD_NOT_OPENED
SH012,REC-SH012-202604-0102,2026-04-13,400.00,373.83,26.17,,,SKIPPED,PERIOD_NOT_OPENED
SH012,REC-SH012-202604-0103,2026-04-13,3180.00,2971.96,208.04,,,SKIPPED,PERIOD_NOT_OPENED
SH028,REC-SH028-202604-0038,2026-04-13,1560.00,1457.94,102.06,,,SKIPPED,PERIOD_NOT_OPENED
SH024,REC-SH024-202604-0072,2026-04-13,410.00,383.18,26.82,,,SKIPPED,PERIOD_NOT_OPENED
SH012,REC-SH012-202604-0104,2026-04-13,600.00,560.75,39.25,,,SKIPPED,PERIOD_NOT_OPENED
SH026,REC-SH026-202604-0107,2026-04-13,2500.00,2336.45,163.55,,,SKIPPED,PERIOD_NOT_OPENED
SH026,REC-SH026-202604-0108,2026-04-13,400.00,373.83,26.17,,,SKIPPED,PERIOD_NOT_OPENED
SH006,REC-SH006-202604-0175,2026-04-13,80.00,74.77,5.23,,,SKIPPED,PERIOD_NOT_OPENED
SH026,REC-SH026-202604-0109,2026-04-13,220.00,205.61,14.39,,,SKIPPED,PERIOD_NOT_OPENED
SH010,REC-SH010-202604-0128,2026-04-13,160.00,149.53,10.47,,,SKIPPED,PERIOD_NOT_OPENED
SH024,REC-SH024-202604-0073,2026-04-13,120.00,112.15,7.85,,,SKIPPED,PERIOD_NOT_OPENED
SH025,REC-SH025-202604-0087,2026-04-13,190.00,177.57,12.43,,,SKIPPED,PERIOD_NOT_OPENED
SH028,REC-SH028-202604-0039,2026-04-14,150.00,140.19,9.81,,,SKIPPED,PERIOD_NOT_OPENED
SH001,REC-SH001-202604-0141,2026-04-14,1830.00,1710.28,119.72,,,SKIPPED,PERIOD_NOT_OPENED
SH006,REC-SH006-202604-0176,2026-04-14,325.00,303.74,21.26,,,SKIPPED,PERIOD_NOT_OPENED
SH001,REC-SH001-202604-0142,2026-04-14,1830.00,1710.28,119.72,,,SKIPPED,PERIOD_NOT_OPENED
SH010,REC-SH010-202604-0129,2026-04-14,410.00,383.18,26.82,,,SKIPPED,PERIOD_NOT_OPENED
SH006,REC-SH006-202604-0177,2026-04-14,80.00,74.77,5.23,,,SKIPPED,PERIOD_NOT_OPENED
SH025,REC-SH025-202604-0088,2026-04-14,120.00,112.15,7.85,,,SKIPPED,PERIOD_NOT_OPENED
SH010,REC-SH010-202604-0130,2026-04-14,80.00,74.77,5.23,,,SKIPPED,PERIOD_NOT_OPENED
SH026,REC-SH026-202604-0110,2026-04-14,160.00,149.53,10.47,,,SKIPPED,PERIOD_NOT_OPENED
SH010,REC-SH010-202604-0131,2026-04-14,330.00,308.41,21.59,,,SKIPPED,PERIOD_NOT_OPENED
SH026,REC-SH026-202604-0111,2026-04-14,180.00,168.22,11.78,,,SKIPPED,PERIOD_NOT_OPENED
SH006,REC-SH006-202604-0178,2026-04-14,80.00,74.77,5.23,,,SKIPPED,PERIOD_NOT_OPENED
SH001,REC-SH001-202604-0143,2026-04-14,1580.00,1476.64,103.36,,,SKIPPED,PERIOD_NOT_OPENED
SH010,REC-SH010-202604-0132,2026-04-14,80.00,74.77,5.23,,,SKIPPED,PERIOD_NOT_OPENED
SH010,REC-SH010-202604-0133,2026-04-14,80.00,74.77,5.23,,,SKIPPED,PERIOD_NOT_OPENED
SH025,REC-SH025-202604-0089,2026-04-14,160.00,149.53,10.47,,,SKIPPED,PERIOD_NOT_OPENED
SH006,REC-SH006-202604-0179,2026-04-14,160.00,149.53,10.47,,,SKIPPED,PERIOD_NOT_OPENED
SH006,REC-SH006-202604-0180,2026-04-14,120.00,112.15,7.85,,,SKIPPED,PERIOD_NOT_OPENED
SH010,REC-SH010-202604-0134,2026-04-14,1560.00,1457.94,102.06,,,SKIPPED,PERIOD_NOT_OPENED
SH025,REC-SH025-202604-0090,2026-04-14,80.00,74.77,5.23,,,SKIPPED,PERIOD_NOT_OPENED
SH026,REC-SH026-202604-0112,2026-04-14,400.00,373.83,26.17,,,SKIPPED,PERIOD_NOT_OPENED
SH025,REC-SH025-202604-0091,2026-04-14,450.00,420.56,29.44,,,SKIPPED,PERIOD_NOT_OPENED
SH026,REC-SH026-202604-0113,2026-04-14,160.00,149.53,10.47,,,SKIPPED,PERIOD_NOT_OPENED
SH010,REC-SH010-202604-0135,2026-04-14,325.00,303.74,21.26,,,SKIPPED,PERIOD_NOT_OPENED
SH024,REC-SH024-202604-0074,2026-04-14,190.00,177.57,12.43,,,SKIPPED,PERIOD_NOT_OPENED
SH006,REC-SH006-202604-0181,2026-04-14,160.00,149.53,10.47,,,SKIPPED,PERIOD_NOT_OPENED
SH001,REC-SH001-202604-0144,2026-04-14,3160.00,2953.27,206.73,,,SKIPPED,PERIOD_NOT_OPENED
SH006,REC-SH006-202604-0182,2026-04-14,160.00,149.53,10.47,,,SKIPPED,PERIOD_NOT_OPENED
SH012,REC-SH012-202604-0105,2026-04-14,450.00,420.56,29.44,,,SKIPPED,PERIOD_NOT_OPENED
SH001,REC-SH001-202604-0145,2026-04-14,1710.00,1598.13,111.87,,,SKIPPED,PERIOD_NOT_OPENED
SH001,REC-SH001-202604-0146,2026-04-14,240.00,224.30,15.70,,,SKIPPED,PERIOD_NOT_OPENED
SH012,REC-SH012-202604-0106,2026-04-14,450.00,420.56,29.44,,,SKIPPED,PERIOD_NOT_OPENED
SH006,REC-SH006-202604-0183,2026-04-14,400.00,373.83,26.17,,,SKIPPED,PERIOD_NOT_OPENED
SH006,REC-SH006-202604-0184,2026-04-14,240.00,224.30,15.70,,,SKIPPED,PERIOD_NOT_OPENED
SH028,REC-SH028-202604-0040,2026-04-14,80.00,74.77,5.23,,,SKIPPED,PERIOD_NOT_OPENED
SH010,REC-SH010-202604-0136,2026-04-14,460.00,429.91,30.09,,,SKIPPED,PERIOD_NOT_OPENED
SH012,REC-SH012-202604-0107,2026-04-14,450.00,420.56,29.44,,,SKIPPED,PERIOD_NOT_OPENED
SH012,REC-SH012-202604-0108,2026-04-15,160.00,149.53,10.47,,,SKIPPED,PERIOD_NOT_OPENED
SH010,REC-SH010-202604-0137,2026-04-15,160.00,149.53,10.47,,,SKIPPED,PERIOD_NOT_OPENED
SH024,REC-SH024-202604-0075,2026-04-15,160.00,149.53,10.47,,,SKIPPED,PERIOD_NOT_OPENED
SH010,REC-SH010-202604-0138,2026-04-15,1380.00,1289.72,90.28,,,SKIPPED,PERIOD_NOT_OPENED
SH010,REC-SH010-202604-0139,2026-04-15,80.00,74.77,5.23,,,SKIPPED,PERIOD_NOT_OPENED
SH006,REC-SH006-202604-0185,2026-04-15,100.00,93.46,6.54,,,SKIPPED,PERIOD_NOT_OPENED
SH010,REC-SH010-202604-0140,2026-04-15,80.00,74.77,5.23,,,SKIPPED,PERIOD_NOT_OPENED
SH006,REC-SH006-202604-0186,2026-04-15,160.00,149.53,10.47,,,SKIPPED,PERIOD_NOT_OPENED
SH006,REC-SH006-202604-0187,2026-04-15,80.00,74.77,5.23,,,SKIPPED,PERIOD_NOT_OPENED
SH006,REC-SH006-202604-0188,2026-04-15,700.00,654.21,45.79,,,SKIPPED,PERIOD_NOT_OPENED
SH001,REC-SH001-202604-0147,2026-04-15,360.00,336.45,23.55,,,SKIPPED,PERIOD_NOT_OPENED
SH026,REC-SH026-202604-0114,2026-04-15,80.00,74.77,5.23,,,SKIPPED,PERIOD_NOT_OPENED
SH006,REC-SH006-202604-0189,2026-04-15,240.00,224.30,15.70,,,SKIPPED,PERIOD_NOT_OPENED
SH026,REC-SH026-202604-0115,2026-04-15,780.00,728.97,51.03,,,SKIPPED,PERIOD_NOT_OPENED
SH012,REC-SH012-202604-0109,2026-04-15,570.00,532.71,37.29,,,SKIPPED,PERIOD_NOT_OPENED
SH001,REC-SH001-202604-0148,2026-04-15,1250.00,1168.22,81.78,,,SKIPPED,PERIOD_NOT_OPENED
SH024,REC-SH024-202604-0076,2026-04-15,1620.00,1514.02,105.98,,,SKIPPED,PERIOD_NOT_OPENED
SH025,REC-SH025-202604-0092,2026-04-15,240.00,224.30,15.70,,,SKIPPED,PERIOD_NOT_OPENED
SH001,REC-SH001-202604-0149,2026-04-15,220.00,205.61,14.39,,,SKIPPED,PERIOD_NOT_OPENED
SH001,REC-SH001-202604-0150,2026-04-15,220.00,205.61,14.39,,,SKIPPED,PERIOD_NOT_OPENED
SH026,REC-SH026-202604-0116,2026-04-15,120.00,112.15,7.85,,,SKIPPED,PERIOD_NOT_OPENED
SH028,REC-SH028-202604-0041,2026-04-15,240.00,224.30,15.70,,,SKIPPED,PERIOD_NOT_OPENED
SH001,REC-SH001-202604-0151,2026-04-15,1470.00,1373.83,96.17,,,SKIPPED,PERIOD_NOT_OPENED
SH012,REC-SH012-202604-0110,2026-04-15,160.00,149.53,10.47,,,SKIPPED,PERIOD_NOT_OPENED
SH006,REC-SH006-202604-0190,2026-04-15,920.00,859.81,60.19,,,SKIPPED,PERIOD_NOT_OPENED
SH006,REC-SH006-202604-0191,2026-04-15,80.00,74.77,5.23,,,SKIPPED,PERIOD_NOT_OPENED
SH001,REC-SH001-202604-0152,2026-04-15,2870.00,2682.24,187.76,,,SKIPPED,PERIOD_NOT_OPENED
SH006,REC-SH006-202604-0192,2026-04-15,80.00,74.77,5.23,,,SKIPPED,PERIOD_NOT_OPENED
SH001,REC-SH001-202604-0153,2026-04-15,1620.00,1514.02,105.98,,,SKIPPED,PERIOD_NOT_OPENED
SH006,REC-SH006-202604-0193,2026-04-15,1280.00,1196.26,83.74,,,SKIPPED,PERIOD_NOT_OPENED
SH001,REC-SH001-202604-0154,2026-04-15,220.00,205.61,14.39,,,SKIPPED,PERIOD_NOT_OPENED
SH010,REC-SH010-202604-0141,2026-04-15,120.00,112.15,7.85,,,SKIPPED,PERIOD_NOT_OPENED
SH012,REC-SH012-202604-0111,2026-04-15,650.00,607.48,42.52,,,SKIPPED,PERIOD_NOT_OPENED
SH001,REC-SH001-202604-0155,2026-04-15,580.00,542.06,37.94,,,SKIPPED,PERIOD_NOT_OPENED
SH010,REC-SH010-202604-0142,2026-04-15,120.00,112.15,7.85,,,SKIPPED,PERIOD_NOT_OPENED
SH026,REC-SH026-202604-0117,2026-04-15,120.00,112.15,7.85,,,SKIPPED,PERIOD_NOT_OPENED
SH026,REC-SH026-202604-0118,2026-04-15,120.00,112.15,7.85,,,SKIPPED,PERIOD_NOT_OPENED
SH010,REC-SH010-202604-0143,2026-04-15,460.00,429.91,30.09,,,SKIPPED,PERIOD_NOT_OPENED
SH001,REC-SH001-202604-0156,2026-04-15,220.00,205.61,14.39,,,SKIPPED,PERIOD_NOT_OPENED
SH024,REC-SH024-202604-0077,2026-04-15,180.00,168.22,11.78,,,SKIPPED,PERIOD_NOT_OPENED
SH010,REC-SH010-202604-0144,2026-04-15,80.00,74.77,5.23,,,SKIPPED,PERIOD_NOT_OPENED
SH026,REC-SH026-202604-0119,2026-04-15,460.00,429.91,30.09,,,SKIPPED,PERIOD_NOT_OPENED
SH025,REC-SH025-202604-0093,2026-04-15,160.00,149.53,10.47,,,SKIPPED,PERIOD_NOT_OPENED
SH001,REC-SH001-202604-0157,2026-04-15,1650.00,1542.06,107.94,,,SKIPPED,PERIOD_NOT_OPENED
SH010,REC-SH010-202604-0145,2026-04-15,280.00,261.68,18.32,,,SKIPPED,PERIOD_NOT_OPENED
SH026,REC-SH026-202604-0120,2026-04-15,80.00,74.77,5.23,,,SKIPPED,PERIOD_NOT_OPENED
SH001,REC-SH001-202604-0158,2026-04-15,1380.00,1289.72,90.28,,,SKIPPED,PERIOD_NOT_OPENED
SH010,REC-SH010-202604-0146,2026-04-15,130.00,121.50,8.50,,,SKIPPED,PERIOD_NOT_OPENED
SH010,REC-SH010-202604-0147,2026-04-15,80.00,74.77,5.23,,,SKIPPED,PERIOD_NOT_OPENED
SH001,REC-SH001-202604-0159,2026-04-15,160.00,149.53,10.47,,,SKIPPED,PERIOD_NOT_OPENED
SH024,REC-SH024-202604-0078,2026-04-15,240.00,224.30,15.70,,,SKIPPED,PERIOD_NOT_OPENED
SH010,REC-SH010-202604-0148,2026-04-15,80.00,74.77,5.23,,,SKIPPED,PERIOD_NOT_OPENED
SH001,REC-SH001-202604-0160,2026-04-16,1750.00,1635.51,114.49,,,SKIPPED,PERIOD_NOT_OPENED
SH010,REC-SH010-202604-0149,2026-04-16,410.00,383.18,26.82,,,SKIPPED,PERIOD_NOT_OPENED
SH010,REC-SH010-202604-0150,2026-04-16,460.00,429.91,30.09,,,SKIPPED,PERIOD_NOT_OPENED
SH006,REC-SH006-202604-0194,2026-04-16,2440.00,2280.37,159.63,,,SKIPPED,PERIOD_NOT_OPENED
SH001,REC-SH001-202604-0161,2026-04-16,1620.00,1514.02,105.98,,,SKIPPED,PERIOD_NOT_OPENED
SH001,REC-SH001-202604-0162,2026-04-16,160.00,149.53,10.47,,,SKIPPED,PERIOD_NOT_OPENED
SH012,REC-SH012-202604-0112,2026-04-16,80.00,74.77,5.23,,,SKIPPED,PERIOD_NOT_OPENED
SH026,REC-SH026-202604-0121,2026-04-16,160.00,149.53,10.47,,,SKIPPED,PERIOD_NOT_OPENED
SH012,REC-SH012-202604-0113,2026-04-16,600.00,560.75,39.25,,,SKIPPED,PERIOD_NOT_OPENED
SH010,REC-SH010-202604-0151,2026-04-16,1360.00,1271.03,88.97,,,SKIPPED,PERIOD_NOT_OPENED
SH010,REC-SH010-202604-0152,2026-04-16,370.00,345.79,24.21,,,SKIPPED,PERIOD_NOT_OPENED
SH010,REC-SH010-202604-0153,2026-04-16,160.00,149.53,10.47,,,SKIPPED,PERIOD_NOT_OPENED
SH024,REC-SH024-202604-0079,2026-04-16,580.00,542.06,37.94,,,SKIPPED,PERIOD_NOT_OPENED
SH025,REC-SH025-202604-0094,2026-04-16,60.00,56.07,3.93,,,SKIPPED,PERIOD_NOT_OPENED
SH025,REC-SH025-202604-0095,2026-04-16,80.00,74.77,5.23,,,SKIPPED,PERIOD_NOT_OPENED
SH001,REC-SH001-202604-0163,2026-04-16,1430.00,1336.45,93.55,,,SKIPPED,PERIOD_NOT_OPENED
SH010,REC-SH010-202604-0154,2026-04-16,330.00,308.41,21.59,,,SKIPPED,PERIOD_NOT_OPENED
SH025,REC-SH025-202604-0096,2026-04-16,60.00,56.07,3.93,,,SKIPPED,PERIOD_NOT_OPENED
SH010,REC-SH010-202604-0155,2026-04-16,160.00,149.53,10.47,,,SKIPPED,PERIOD_NOT_OPENED
SH010,REC-SH010-202604-0156,2026-04-16,60.00,56.07,3.93,,,SKIPPED,PERIOD_NOT_OPENED
SH001,REC-SH001-202604-0164,2026-04-16,1560.00,1457.94,102.06,,,SKIPPED,PERIOD_NOT_OPENED
SH001,REC-SH001-202604-0165,2026-04-16,580.00,542.06,37.94,,,SKIPPED,PERIOD_NOT_OPENED
SH024,REC-SH024-202604-0080,2026-04-16,120.00,112.15,7.85,,,SKIPPED,PERIOD_NOT_OPENED
SH024,REC-SH024-202604-0081,2026-04-16,280.00,261.68,18.32,,,SKIPPED,PERIOD_NOT_OPENED
SH001,REC-SH001-202604-0166,2026-04-16,1620.00,1514.02,105.98,,,SKIPPED,PERIOD_NOT_OPENED
SH026,REC-SH026-202604-0122,2026-04-16,80.00,74.77,5.23,,,SKIPPED,PERIOD_NOT_OPENED
SH006,REC-SH006-202604-0195,2026-04-16,160.00,149.53,10.47,,,SKIPPED,PERIOD_NOT_OPENED
SH026,REC-SH026-202604-0123,2026-04-16,160.00,149.53,10.47,,,SKIPPED,PERIOD_NOT_OPENED
SH024,REC-SH024-202604-0082,2026-04-16,320.00,299.07,20.93,,,SKIPPED,PERIOD_NOT_OPENED
SH026,REC-SH026-202604-0124,2026-04-16,80.00,74.77,5.23,,,SKIPPED,PERIOD_NOT_OPENED
SH026,REC-SH026-202604-0125,2026-04-16,1230.00,1149.53,80.47,,,SKIPPED,PERIOD_NOT_OPENED
SH012,REC-SH012-202604-0114,2026-04-16,1260.00,1177.57,82.43,,,SKIPPED,PERIOD_NOT_OPENED
SH026,REC-SH026-202604-0126,2026-04-16,110.00,102.80,7.20,,,SKIPPED,PERIOD_NOT_OPENED
SH026,REC-SH026-202604-0127,2026-04-16,160.00,149.53,10.47,,,SKIPPED,PERIOD_NOT_OPENED
SH026,REC-SH026-202604-0128,2026-04-16,120.00,112.15,7.85,,,SKIPPED,PERIOD_NOT_OPENED
SH006,REC-SH006-202604-0196,2026-04-16,80.00,74.77,5.23,,,SKIPPED,PERIOD_NOT_OPENED
SH006,REC-SH006-202604-0197,2026-04-16,1650.00,1542.06,107.94,,,SKIPPED,PERIOD_NOT_OPENED
SH001,REC-SH001-202604-0167,2026-04-16,990.00,925.23,64.77,,,SKIPPED,PERIOD_NOT_OPENED
SH010,REC-SH010-202604-0157,2026-04-16,160.00,149.53,10.47,,,SKIPPED,PERIOD_NOT_OPENED
SH025,REC-SH025-202604-0097,2026-04-16,300.00,280.37,19.63,,,SKIPPED,PERIOD_NOT_OPENED
SH025,REC-SH025-202604-0098,2026-04-16,160.00,149.53,10.47,,,SKIPPED,PERIOD_NOT_OPENED
SH012,REC-SH012-202604-0115,2026-04-16,200.00,186.92,13.08,,,SKIPPED,PERIOD_NOT_OPENED
SH026,REC-SH026-202604-0129,2026-04-16,120.00,112.15,7.85,,,SKIPPED,PERIOD_NOT_OPENED
SH010,REC-SH010-202604-0158,2026-04-16,1600.00,1495.33,104.67,,,SKIPPED,PERIOD_NOT_OPENED
SH026,REC-SH026-202604-0130,2026-04-16,380.00,355.14,24.86,,,SKIPPED,PERIOD_NOT_OPENED
SH028,REC-SH028-202604-0042,2026-04-16,220.00,205.61,14.39,,,SKIPPED,PERIOD_NOT_OPENED
SH010,REC-SH010-202604-0159,2026-04-16,160.00,149.53,10.47,,,SKIPPED,PERIOD_NOT_OPENED
SH010,REC-SH010-202604-0160,2026-04-16,80.00,74.77,5.23,,,SKIPPED,PERIOD_NOT_OPENED
SH025,REC-SH025-202604-0099,2026-04-16,240.00,224.30,15.70,,,SKIPPED,PERIOD_NOT_OPENED
SH006,REC-SH006-202604-0198,2026-04-16,460.00,429.91,30.09,,,SKIPPED,PERIOD_NOT_OPENED
SH028,REC-SH028-202604-0043,2026-04-16,3610.00,3373.83,236.17,,,SKIPPED,PERIOD_NOT_OPENED
SH030,REC-SH030-202604-0014,2026-04-16,80.00,74.77,5.23,,,SKIPPED,PERIOD_NOT_OPENED
SH026,REC-SH026-202604-0131,2026-04-16,740.00,691.59,48.41,,,SKIPPED,PERIOD_NOT_OPENED
SH026,REC-SH026-202604-0132,2026-04-16,3240.00,3028.04,211.96,,,SKIPPED,PERIOD_NOT_OPENED
SH001,REC-SH001-202604-0168,2026-04-16,1620.00,1514.02,105.98,,,SKIPPED,PERIOD_NOT_OPENED
SH006,REC-SH006-202604-0199,2026-04-16,320.00,299.07,20.93,,,SKIPPED,PERIOD_NOT_OPENED
SH026,REC-SH026-202604-0133,2026-04-16,240.00,224.30,15.70,,,SKIPPED,PERIOD_NOT_OPENED
SH012,REC-SH012-202604-0116,2026-04-16,560.00,523.36,36.64,,,SKIPPED,PERIOD_NOT_OPENED
SH001,REC-SH001-202604-0169,2026-04-16,1380.00,1289.72,90.28,,,SKIPPED,PERIOD_NOT_OPENED
SH010,REC-SH010-202604-0161,2026-04-16,160.00,149.53,10.47,,,SKIPPED,PERIOD_NOT_OPENED
SH026,REC-SH026-202604-0134,2026-04-16,240.00,224.30,15.70,,,SKIPPED,PERIOD_NOT_OPENED
SH006,REC-SH006-202604-0200,2026-04-16,1700.00,1588.79,111.21,,,SKIPPED,PERIOD_NOT_OPENED
SH025,REC-SH025-202604-0100,2026-04-16,330.00,308.41,21.59,,,SKIPPED,PERIOD_NOT_OPENED
SH012,REC-SH012-202604-0117,2026-04-16,80.00,74.77,5.23,,,SKIPPED,PERIOD_NOT_OPENED
SH026,REC-SH026-202604-0135,2026-04-16,120.00,112.15,7.85,,,SKIPPED,PERIOD_NOT_OPENED
SH006,REC-SH006-202604-0201,2026-04-16,80.00,74.77,5.23,,,SKIPPED,PERIOD_NOT_OPENED
SH030,REC-SH030-202604-0015,2026-04-16,120.00,112.15,7.85,,,SKIPPED,PERIOD_NOT_OPENED
SH001,REC-SH001-202604-0170,2026-04-16,1750.00,1635.51,114.49,,,SKIPPED,PERIOD_NOT_OPENED
SH006,REC-SH006-202604-0202,2026-04-16,240.00,224.30,15.70,,,SKIPPED,PERIOD_NOT_OPENED
SH028,REC-SH028-202604-0044,2026-04-16,220.00,205.61,14.39,,,SKIPPED,PERIOD_NOT_OPENED
SH026,REC-SH026-202604-0136,2026-04-17,100.00,93.46,6.54,,,SKIPPED,PERIOD_NOT_OPENED
SH026,REC-SH026-202604-0137,2026-04-17,500.00,467.29,32.71,,,SKIPPED,PERIOD_NOT_OPENED
SH012,REC-SH012-202604-0118,2026-04-17,160.00,149.53,10.47,,,SKIPPED,PERIOD_NOT_OPENED
SH028,REC-SH028-202604-0045,2026-04-17,460.00,429.91,30.09,,,SKIPPED,PERIOD_NOT_OPENED
SH028,REC-SH028-202604-0046,2026-04-17,220.00,205.61,14.39,,,SKIPPED,PERIOD_NOT_OPENED
SH001,REC-SH001-202604-0171,2026-04-17,9200.00,8598.13,601.87,,,SKIPPED,PERIOD_NOT_OPENED
SH001,REC-SH001-202604-0172,2026-04-17,370.00,345.79,24.21,,,SKIPPED,PERIOD_NOT_OPENED
SH010,REC-SH010-202604-0162,2026-04-17,1320.00,1233.64,86.36,,,SKIPPED,PERIOD_NOT_OPENED
SH028,REC-SH028-202604-0047,2026-04-17,1620.00,1514.02,105.98,,,SKIPPED,PERIOD_NOT_OPENED
SH026,REC-SH026-202604-0138,2026-04-17,160.00,149.53,10.47,,,SKIPPED,PERIOD_NOT_OPENED
SH012,REC-SH012-202604-0119,2026-04-17,1320.00,1233.64,86.36,,,SKIPPED,PERIOD_NOT_OPENED
SH012,REC-SH012-202604-0120,2026-04-17,350.00,327.10,22.90,,,SKIPPED,PERIOD_NOT_OPENED
SH026,REC-SH026-202604-0139,2026-04-17,120.00,112.15,7.85,,,SKIPPED,PERIOD_NOT_OPENED
SH006,REC-SH006-202604-0203,2026-04-17,700.00,654.21,45.79,,,SKIPPED,PERIOD_NOT_OPENED
SH026,REC-SH026-202604-0140,2026-04-17,460.00,429.91,30.09,,,SKIPPED,PERIOD_NOT_OPENED
SH024,REC-SH024-202604-0083,2026-04-17,380.00,355.14,24.86,,,SKIPPED,PERIOD_NOT_OPENED
SH001,REC-SH001-202604-0173,2026-04-17,160.00,149.53,10.47,,,SKIPPED,PERIOD_NOT_OPENED
SH026,REC-SH026-202604-0141,2026-04-17,1230.00,1149.53,80.47,,,SKIPPED,PERIOD_NOT_OPENED
SH010,REC-SH010-202604-0163,2026-04-17,120.00,112.15,7.85,,,SKIPPED,PERIOD_NOT_OPENED
SH026,REC-SH026-202604-0142,2026-04-17,160.00,149.53,10.47,,,SKIPPED,PERIOD_NOT_OPENED
SH012,REC-SH012-202604-0121,2026-04-17,240.00,224.30,15.70,,,SKIPPED,PERIOD_NOT_OPENED
SH006,REC-SH006-202604-0204,2026-04-17,580.00,542.06,37.94,,,SKIPPED,PERIOD_NOT_OPENED
SH001,REC-SH001-202604-0174,2026-04-17,260.00,242.99,17.01,,,SKIPPED,PERIOD_NOT_OPENED
SH025,REC-SH025-202604-0101,2026-04-17,80.00,74.77,5.23,,,SKIPPED,PERIOD_NOT_OPENED
SH026,REC-SH026-202604-0143,2026-04-17,3290.00,3074.77,215.23,,,SKIPPED,PERIOD_NOT_OPENED
SH006,REC-SH006-202604-0205,2026-04-17,240.00,224.30,15.70,,,SKIPPED,PERIOD_NOT_OPENED
SH001,REC-SH001-202604-0175,2026-04-17,1250.00,1168.22,81.78,,,SKIPPED,PERIOD_NOT_OPENED
SH028,REC-SH028-202604-0048,2026-04-17,120.00,112.15,7.85,,,SKIPPED,PERIOD_NOT_OPENED
SH012,REC-SH012-202604-0122,2026-04-17,680.00,635.51,44.49,,,SKIPPED,PERIOD_NOT_OPENED
SH026,REC-SH026-202604-0144,2026-04-17,240.00,224.30,15.70,,,SKIPPED,PERIOD_NOT_OPENED
SH026,REC-SH026-202604-0145,2026-04-17,1810.00,1691.59,118.41,,,SKIPPED,PERIOD_NOT_OPENED
SH006,REC-SH006-202604-0206,2026-04-17,920.00,859.81,60.19,,,SKIPPED,PERIOD_NOT_OPENED
SH012,REC-SH012-202604-0123,2026-04-17,300.00,280.37,19.63,,,SKIPPED,PERIOD_NOT_OPENED
SH030,REC-SH030-202604-0016,2026-04-17,320.00,299.07,20.93,,,SKIPPED,PERIOD_NOT_OPENED
SH001,REC-SH001-202604-0176,2026-04-17,1620.00,1514.02,105.98,,,SKIPPED,PERIOD_NOT_OPENED
SH026,REC-SH026-202604-0146,2026-04-17,80.00,74.77,5.23,,,SKIPPED,PERIOD_NOT_OPENED
SH006,REC-SH006-202604-0207,2026-04-17,200.00,186.92,13.08,,,SKIPPED,PERIOD_NOT_OPENED
SH006,REC-SH006-202604-0208,2026-04-17,160.00,149.53,10.47,,,SKIPPED,PERIOD_NOT_OPENED
SH024,REC-SH024-202604-0084,2026-04-17,320.00,299.07,20.93,,,SKIPPED,PERIOD_NOT_OPENED
SH010,REC-SH010-202604-0164,2026-04-17,160.00,149.53,10.47,,,SKIPPED,PERIOD_NOT_OPENED
SH026,REC-SH026-202604-0147,2026-04-17,460.00,429.91,30.09,,,SKIPPED,PERIOD_NOT_OPENED
SH024,REC-SH024-202604-0085,2026-04-17,330.00,308.41,21.59,,,SKIPPED,PERIOD_NOT_OPENED
SH010,REC-SH010-202604-0165,2026-04-17,920.00,859.81,60.19,,,SKIPPED,PERIOD_NOT_OPENED
SH025,REC-SH025-202604-0102,2026-04-17,60.00,56.07,3.93,,,SKIPPED,PERIOD_NOT_OPENED
SH028,REC-SH028-202604-0049,2026-04-17,1250.00,1168.22,81.78,,,SKIPPED,PERIOD_NOT_OPENED
SH006,REC-SH006-202604-0209,2026-04-17,120.00,112.15,7.85,,,SKIPPED,PERIOD_NOT_OPENED
SH026,REC-SH026-202604-0148,2026-04-17,330.00,308.41,21.59,,,SKIPPED,PERIOD_NOT_OPENED
SH010,REC-SH010-202604-0166,2026-04-17,240.00,224.30,15.70,,,SKIPPED,PERIOD_NOT_OPENED
SH026,REC-SH026-202604-0149,2026-04-17,80.00,74.77,5.23,,,SKIPPED,PERIOD_NOT_OPENED
SH001,REC-SH001-202604-0177,2026-04-17,160.00,149.53,10.47,,,SKIPPED,PERIOD_NOT_OPENED
SH025,REC-SH025-202604-0103,2026-04-17,360.00,336.45,23.55,,,SKIPPED,PERIOD_NOT_OPENED
SH028,REC-SH028-202604-0050,2026-04-17,330.00,308.41,21.59,,,SKIPPED,PERIOD_NOT_OPENED
SH006,REC-SH006-202604-0210,2026-04-17,120.00,112.15,7.85,,,SKIPPED,PERIOD_NOT_OPENED
SH025,REC-SH025-202604-0104,2026-04-17,240.00,224.30,15.70,,,SKIPPED,PERIOD_NOT_OPENED
SH026,REC-SH026-202604-0150,2026-04-17,80.00,74.77,5.23,,,SKIPPED,PERIOD_NOT_OPENED
SH006,REC-SH006-202604-0211,2026-04-17,240.00,224.30,15.70,,,SKIPPED,PERIOD_NOT_OPENED
SH012,REC-SH012-202604-0124,2026-04-17,330.00,308.41,21.59,,,SKIPPED,PERIOD_NOT_OPENED
SH024,REC-SH024-202604-0086,2026-04-17,280.00,261.68,18.32,,,SKIPPED,PERIOD_NOT_OPENED
SH024,REC-SH024-202604-0087,2026-04-17,80.00,74.77,5.23,,,SKIPPED,PERIOD_NOT_OPENED
SH025,REC-SH025-202604-0105,2026-04-17,120.00,112.15,7.85,,,SKIPPED,PERIOD_NOT_OPENED
SH025,REC-SH025-202604-0106,2026-04-17,325.00,303.74,21.26,,,SKIPPED,PERIOD_NOT_OPENED
SH010,REC-SH010-202604-0167,2026-04-18,310.00,289.72,20.28,,,SKIPPED,PERIOD_NOT_OPENED
SH012,REC-SH012-202604-0125,2026-04-18,120.00,112.15,7.85,,,SKIPPED,PERIOD_NOT_OPENED
SH010,REC-SH010-202604-0168,2026-04-18,240.00,224.30,15.70,,,SKIPPED,PERIOD_NOT_OPENED
SH006,REC-SH006-202604-0212,2026-04-18,120.00,112.15,7.85,,,SKIPPED,PERIOD_NOT_OPENED
SH006,REC-SH006-202604-0213,2026-04-18,80.00,74.77,5.23,,,SKIPPED,PERIOD_NOT_OPENED
SH010,REC-SH010-202604-0169,2026-04-18,1300.00,1214.95,85.05,,,SKIPPED,PERIOD_NOT_OPENED
SH025,REC-SH025-202604-0107,2026-04-18,320.00,299.07,20.93,,,SKIPPED,PERIOD_NOT_OPENED
SH024,REC-SH024-202604-0088,2026-04-18,60.00,56.07,3.93,,,SKIPPED,PERIOD_NOT_OPENED
SH024,REC-SH024-202604-0089,2026-04-18,240.00,224.30,15.70,,,SKIPPED,PERIOD_NOT_OPENED
SH012,REC-SH012-202604-0126,2026-04-18,320.00,299.07,20.93,,,SKIPPED,PERIOD_NOT_OPENED
SH001,REC-SH001-202604-0178,2026-04-18,220.00,205.61,14.39,,,SKIPPED,PERIOD_NOT_OPENED
SH001,REC-SH001-202604-0179,2026-04-18,220.00,205.61,14.39,,,SKIPPED,PERIOD_NOT_OPENED
SH012,REC-SH012-202604-0127,2026-04-18,120.00,112.15,7.85,,,SKIPPED,PERIOD_NOT_OPENED
SH010,REC-SH010-202604-0170,2026-04-18,360.00,336.45,23.55,,,SKIPPED,PERIOD_NOT_OPENED
SH001,REC-SH001-202604-0180,2026-04-18,80.00,74.77,5.23,,,SKIPPED,PERIOD_NOT_OPENED
SH006,REC-SH006-202604-0214,2026-04-18,600.00,560.75,39.25,,,SKIPPED,PERIOD_NOT_OPENED
SH030,REC-SH030-202604-0017,2026-04-18,120.00,112.15,7.85,,,SKIPPED,PERIOD_NOT_OPENED
SH012,REC-SH012-202604-0128,2026-04-18,120.00,112.15,7.85,,,SKIPPED,PERIOD_NOT_OPENED
SH006,REC-SH006-202604-0215,2026-04-18,1360.00,1271.03,88.97,,,SKIPPED,PERIOD_NOT_OPENED
SH006,REC-SH006-202604-0216,2026-04-18,160.00,149.53,10.47,,,SKIPPED,PERIOD_NOT_OPENED
SH010,REC-SH010-202604-0171,2026-04-18,410.00,383.18,26.82,,,SKIPPED,PERIOD_NOT_OPENED
SH006,REC-SH006-202604-0217,2026-04-18,160.00,149.53,10.47,,,SKIPPED,PERIOD_NOT_OPENED
SH010,REC-SH010-202604-0172,2026-04-18,1750.00,1635.51,114.49,,,SKIPPED,PERIOD_NOT_OPENED
SH012,REC-SH012-202604-0129,2026-04-18,120.00,112.15,7.85,,,SKIPPED,PERIOD_NOT_OPENED
SH025,REC-SH025-202604-0108,2026-04-18,1230.00,1149.53,80.47,,,SKIPPED,PERIOD_NOT_OPENED
SH001,REC-SH001-202604-0181,2026-04-18,580.00,542.06,37.94,,,SKIPPED,PERIOD_NOT_OPENED
SH025,REC-SH025-202604-0109,2026-04-18,1620.00,1514.02,105.98,,,SKIPPED,PERIOD_NOT_OPENED
SH012,REC-SH012-202604-0130,2026-04-18,330.00,308.41,21.59,,,SKIPPED,PERIOD_NOT_OPENED
SH006,REC-SH006-202604-0218,2026-04-18,570.00,532.71,37.29,,,SKIPPED,PERIOD_NOT_OPENED
SH024,REC-SH024-202604-0090,2026-04-18,410.00,383.18,26.82,,,SKIPPED,PERIOD_NOT_OPENED
SH001,REC-SH001-202604-0182,2026-04-18,1620.00,1514.02,105.98,,,SKIPPED,PERIOD_NOT_OPENED
SH010,REC-SH010-202604-0173,2026-04-18,120.00,112.15,7.85,,,SKIPPED,PERIOD_NOT_OPENED
SH010,REC-SH010-202604-0174,2026-04-18,240.00,224.30,15.70,,,SKIPPED,PERIOD_NOT_OPENED
SH010,REC-SH010-202604-0175,2026-04-18,1760.00,1644.86,115.14,,,SKIPPED,PERIOD_NOT_OPENED
SH012,REC-SH012-202604-0131,2026-04-18,80.00,74.77,5.23,,,SKIPPED,PERIOD_NOT_OPENED
SH006,REC-SH006-202604-0219,2026-04-18,450.00,420.56,29.44,,,SKIPPED,PERIOD_NOT_OPENED
SH010,REC-SH010-202604-0176,2026-04-18,160.00,149.53,10.47,,,SKIPPED,PERIOD_NOT_OPENED
SH010,REC-SH010-202604-0177,2026-04-18,160.00,149.53,10.47,,,SKIPPED,PERIOD_NOT_OPENED
SH010,REC-SH010-202604-0178,2026-04-18,2460.00,2299.07,160.93,,,SKIPPED,PERIOD_NOT_OPENED
SH010,REC-SH010-202604-0179,2026-04-18,325.00,303.74,21.26,,,SKIPPED,PERIOD_NOT_OPENED
SH010,REC-SH010-202604-0180,2026-04-18,240.00,224.30,15.70,,,SKIPPED,PERIOD_NOT_OPENED
SH010,REC-SH010-202604-0181,2026-04-18,160.00,149.53,10.47,,,SKIPPED,PERIOD_NOT_OPENED
SH012,REC-SH012-202604-0132,2026-04-18,1250.00,1168.22,81.78,,,SKIPPED,PERIOD_NOT_OPENED
SH001,REC-SH001-202604-0183,2026-04-18,4860.00,4542.06,317.94,,,SKIPPED,PERIOD_NOT_OPENED
SH026,REC-SH026-202604-0151,2026-04-18,160.00,149.53,10.47,,,SKIPPED,PERIOD_NOT_OPENED
SH026,REC-SH026-202604-0152,2026-04-18,2460.00,2299.07,160.93,,,SKIPPED,PERIOD_NOT_OPENED
SH010,REC-SH010-202604-0182,2026-04-18,370.00,345.79,24.21,,,SKIPPED,PERIOD_NOT_OPENED
SH010,REC-SH010-202604-0183,2026-04-18,80.00,74.77,5.23,,,SKIPPED,PERIOD_NOT_OPENED
SH028,REC-SH028-202604-0051,2026-04-18,320.00,299.07,20.93,,,SKIPPED,PERIOD_NOT_OPENED
SH024,REC-SH024-202604-0091,2026-04-18,80.00,74.77,5.23,,,SKIPPED,PERIOD_NOT_OPENED
SH024,REC-SH024-202604-0092,2026-04-18,240.00,224.30,15.70,,,SKIPPED,PERIOD_NOT_OPENED
SH024,REC-SH024-202604-0093,2026-04-18,120.00,112.15,7.85,,,SKIPPED,PERIOD_NOT_OPENED
SH024,REC-SH024-202604-0094,2026-04-18,330.00,308.41,21.59,,,SKIPPED,PERIOD_NOT_OPENED
SH024,REC-SH024-202604-0095,2026-04-18,2830.00,2644.86,185.14,,,SKIPPED,PERIOD_NOT_OPENED
SH024,REC-SH024-202604-0096,2026-04-18,1250.00,1168.22,81.78,,,SKIPPED,PERIOD_NOT_OPENED
SH024,REC-SH024-202604-0097,2026-04-18,200.00,186.92,13.08,,,SKIPPED,PERIOD_NOT_OPENED
SH006,REC-SH006-202604-0220,2026-04-18,160.00,149.53,10.47,,,SKIPPED,PERIOD_NOT_OPENED
SH006,REC-SH006-202604-0221,2026-04-18,80.00,74.77,5.23,,,SKIPPED,PERIOD_NOT_OPENED
SH012,REC-SH012-202604-0133,2026-04-18,120.00,112.15,7.85,,,SKIPPED,PERIOD_NOT_OPENED
SH010,REC-SH010-202604-0184,2026-04-18,80.00,74.77,5.23,,,SKIPPED,PERIOD_NOT_OPENED
SH006,REC-SH006-202604-0222,2026-04-18,120.00,112.15,7.85,,,SKIPPED,PERIOD_NOT_OPENED
SH012,REC-SH012-202604-0134,2026-04-18,120.00,112.15,7.85,,,SKIPPED,PERIOD_NOT_OPENED
SH001,REC-SH001-202604-0184,2026-04-18,330.00,308.41,21.59,,,SKIPPED,PERIOD_NOT_OPENED
SH012,REC-SH012-202604-0135,2026-04-18,120.00,112.15,7.85,,,SKIPPED,PERIOD_NOT_OPENED
SH010,REC-SH010-202604-0185,2026-04-18,160.00,149.53,10.47,,,SKIPPED,PERIOD_NOT_OPENED
SH006,REC-SH006-202604-0223,2026-04-18,690.00,644.86,45.14,,,SKIPPED,PERIOD_NOT_OPENED
SH001,REC-SH001-202604-0185,2026-04-18,100.00,93.46,6.54,,,SKIPPED,PERIOD_NOT_OPENED
SH006,REC-SH006-202604-0224,2026-04-18,325.00,303.74,21.26,,,SKIPPED,PERIOD_NOT_OPENED
SH006,REC-SH006-202604-0225,2026-04-18,240.00,224.30,15.70,,,SKIPPED,PERIOD_NOT_OPENED
SH010,REC-SH010-202604-0186,2026-04-18,2760.00,2579.44,180.56,,,SKIPPED,PERIOD_NOT_OPENED
SH010,REC-SH010-202604-0187,2026-04-18,160.00,149.53,10.47,,,SKIPPED,PERIOD_NOT_OPENED
SH001,REC-SH001-202604-0186,2026-04-18,2640.00,2467.29,172.71,,,SKIPPED,PERIOD_NOT_OPENED
SH028,REC-SH028-202604-0052,2026-04-18,330.00,308.41,21.59,,,SKIPPED,PERIOD_NOT_OPENED
SH001,REC-SH001-202604-0187,2026-04-18,1430.00,1336.45,93.55,,,SKIPPED,PERIOD_NOT_OPENED
SH012,REC-SH012-202604-0136,2026-04-18,80.00,74.77,5.23,,,SKIPPED,PERIOD_NOT_OPENED
SH024,REC-SH024-202604-0098,2026-04-19,140.00,130.84,9.16,,,SKIPPED,PERIOD_NOT_OPENED
SH010,REC-SH010-202604-0188,2026-04-19,160.00,149.53,10.47,,,SKIPPED,PERIOD_NOT_OPENED
SH006,REC-SH006-202604-0226,2026-04-19,1320.00,1233.64,86.36,,,SKIPPED,PERIOD_NOT_OPENED
SH001,REC-SH001-202604-0188,2026-04-19,130.00,121.50,8.50,,,SKIPPED,PERIOD_NOT_OPENED
SH001,REC-SH001-202604-0189,2026-04-19,450.00,420.56,29.44,,,SKIPPED,PERIOD_NOT_OPENED
SH026,REC-SH026-202604-0153,2026-04-19,120.00,112.15,7.85,,,SKIPPED,PERIOD_NOT_OPENED
SH001,REC-SH001-202604-0190,2026-04-19,220.00,205.61,14.39,,,SKIPPED,PERIOD_NOT_OPENED
SH001,REC-SH001-202604-0191,2026-04-19,1250.00,1168.22,81.78,,,SKIPPED,PERIOD_NOT_OPENED
SH006,REC-SH006-202604-0227,2026-04-19,240.00,224.30,15.70,,,SKIPPED,PERIOD_NOT_OPENED
SH010,REC-SH010-202604-0189,2026-04-19,120.00,112.15,7.85,,,SKIPPED,PERIOD_NOT_OPENED
SH026,REC-SH026-202604-0154,2026-04-19,1250.00,1168.22,81.78,,,SKIPPED,PERIOD_NOT_OPENED
SH024,REC-SH024-202604-0099,2026-04-19,1520.00,1420.56,99.44,,,SKIPPED,PERIOD_NOT_OPENED
SH010,REC-SH010-202604-0190,2026-04-19,240.00,224.30,15.70,,,SKIPPED,PERIOD_NOT_OPENED
SH024,REC-SH024-202604-0100,2026-04-19,160.00,149.53,10.47,,,SKIPPED,PERIOD_NOT_OPENED
SH025,REC-SH025-202604-0110,2026-04-19,320.00,299.07,20.93,,,SKIPPED,PERIOD_NOT_OPENED
SH001,REC-SH001-202604-0192,2026-04-19,160.00,149.53,10.47,,,SKIPPED,PERIOD_NOT_OPENED
SH001,REC-SH001-202604-0193,2026-04-19,680.00,635.51,44.49,,,SKIPPED,PERIOD_NOT_OPENED
SH024,REC-SH024-202604-0101,2026-04-19,120.00,112.15,7.85,,,SKIPPED,PERIOD_NOT_OPENED
SH028,REC-SH028-202604-0053,2026-04-19,80.00,74.77,5.23,,,SKIPPED,PERIOD_NOT_OPENED
SH030,REC-SH030-202604-0018,2026-04-19,160.00,149.53,10.47,,,SKIPPED,PERIOD_NOT_OPENED
SH012,REC-SH012-202604-0137,2026-04-19,580.00,542.06,37.94,,,SKIPPED,PERIOD_NOT_OPENED
SH012,REC-SH012-202604-0138,2026-04-19,660.00,616.82,43.18,,,SKIPPED,PERIOD_NOT_OPENED
SH026,REC-SH026-202604-0155,2026-04-19,240.00,224.30,15.70,,,SKIPPED,PERIOD_NOT_OPENED
SH006,REC-SH006-202604-0228,2026-04-19,2500.00,2336.45,163.55,,,SKIPPED,PERIOD_NOT_OPENED
SH024,REC-SH024-202604-0102,2026-04-19,1620.00,1514.02,105.98,,,SKIPPED,PERIOD_NOT_OPENED
SH006,REC-SH006-202604-0229,2026-04-19,240.00,224.30,15.70,,,SKIPPED,PERIOD_NOT_OPENED
SH024,REC-SH024-202604-0103,2026-04-19,80.00,74.77,5.23,,,SKIPPED,PERIOD_NOT_OPENED
SH012,REC-SH012-202604-0139,2026-04-19,240.00,224.30,15.70,,,SKIPPED,PERIOD_NOT_OPENED
SH012,REC-SH012-202604-0140,2026-04-19,1240.00,1158.88,81.12,,,SKIPPED,PERIOD_NOT_OPENED
SH006,REC-SH006-202604-0230,2026-04-19,240.00,224.30,15.70,,,SKIPPED,PERIOD_NOT_OPENED
SH006,REC-SH006-202604-0231,2026-04-19,240.00,224.30,15.70,,,SKIPPED,PERIOD_NOT_OPENED
SH012,REC-SH012-202604-0141,2026-04-19,1250.00,1168.22,81.78,,,SKIPPED,PERIOD_NOT_OPENED
SH001,REC-SH001-202604-0194,2026-04-19,330.00,308.41,21.59,,,SKIPPED,PERIOD_NOT_OPENED
SH025,REC-SH025-202604-0111,2026-04-19,200.00,186.92,13.08,,,SKIPPED,PERIOD_NOT_OPENED
SH006,REC-SH006-202604-0232,2026-04-19,2460.00,2299.07,160.93,,,SKIPPED,PERIOD_NOT_OPENED
SH028,REC-SH028-202604-0054,2026-04-19,1730.00,1616.82,113.18,,,SKIPPED,PERIOD_NOT_OPENED
SH025,REC-SH025-202604-0112,2026-04-19,80.00,74.77,5.23,,,SKIPPED,PERIOD_NOT_OPENED
SH025,REC-SH025-202604-0113,2026-04-19,80.00,74.77,5.23,,,SKIPPED,PERIOD_NOT_OPENED
SH001,REC-SH001-202604-0195,2026-04-19,3240.00,3028.04,211.96,,,SKIPPED,PERIOD_NOT_OPENED
SH006,REC-SH006-202604-0233,2026-04-19,240.00,224.30,15.70,,,SKIPPED,PERIOD_NOT_OPENED
SH026,REC-SH026-202604-0156,2026-04-19,1560.00,1457.94,102.06,,,SKIPPED,PERIOD_NOT_OPENED
SH025,REC-SH025-202604-0114,2026-04-19,240.00,224.30,15.70,,,SKIPPED,PERIOD_NOT_OPENED
SH025,REC-SH025-202604-0115,2026-04-19,80.00,74.77,5.23,,,SKIPPED,PERIOD_NOT_OPENED
SH010,REC-SH010-202604-0191,2026-04-19,2460.00,2299.07,160.93,,,SKIPPED,PERIOD_NOT_OPENED
SH006,REC-SH006-202604-0234,2026-04-19,80.00,74.77,5.23,,,SKIPPED,PERIOD_NOT_OPENED
SH025,REC-SH025-202604-0116,2026-04-19,240.00,224.30,15.70,,,SKIPPED,PERIOD_NOT_OPENED
SH025,REC-SH025-202604-0117,2026-04-19,480.00,448.60,31.40,,,SKIPPED,PERIOD_NOT_OPENED
SH001,REC-SH001-202604-0196,2026-04-19,1750.00,1635.51,114.49,,,SKIPPED,PERIOD_NOT_OPENED
SH026,REC-SH026-202604-0157,2026-04-19,200.00,186.92,13.08,,,SKIPPED,PERIOD_NOT_OPENED
SH012,REC-SH012-202604-0142,2026-04-19,190.00,177.57,12.43,,,SKIPPED,PERIOD_NOT_OPENED
SH012,REC-SH012-202604-0143,2026-04-19,160.00,149.53,10.47,,,SKIPPED,PERIOD_NOT_OPENED
SH010,REC-SH010-202604-0192,2026-04-19,460.00,429.91,30.09,,,SKIPPED,PERIOD_NOT_OPENED
SH010,REC-SH010-202604-0193,2026-04-19,1560.00,1457.94,102.06,,,SKIPPED,PERIOD_NOT_OPENED
SH010,REC-SH010-202604-0194,2026-04-19,160.00,149.53,10.47,,,SKIPPED,PERIOD_NOT_OPENED
SH024,REC-SH024-202604-0104,2026-04-19,60.00,56.07,3.93,,,SKIPPED,PERIOD_NOT_OPENED
SH024,REC-SH024-202604-0105,2026-04-19,325.00,303.74,21.26,,,SKIPPED,PERIOD_NOT_OPENED
SH024,REC-SH024-202604-0106,2026-04-19,80.00,74.77,5.23,,,SKIPPED,PERIOD_NOT_OPENED
SH024,REC-SH024-202604-0107,2026-04-19,160.00,149.53,10.47,,,SKIPPED,PERIOD_NOT_OPENED
SH024,REC-SH024-202604-0108,2026-04-19,120.00,112.15,7.85,,,SKIPPED,PERIOD_NOT_OPENED
SH024,REC-SH024-202604-0109,2026-04-19,440.00,411.21,28.79,,,SKIPPED,PERIOD_NOT_OPENED
SH024,REC-SH024-202604-0110,2026-04-19,160.00,149.53,10.47,,,SKIPPED,PERIOD_NOT_OPENED
SH024,REC-SH024-202604-0111,2026-04-19,60.00,56.07,3.93,,,SKIPPED,PERIOD_NOT_OPENED
SH001,REC-SH001-202604-0197,2026-04-19,330.00,308.41,21.59,,,SKIPPED,PERIOD_NOT_OPENED
SH001,REC-SH001-202604-0198,2026-04-20,1250.00,1168.22,81.78,,,SKIPPED,PERIOD_NOT_OPENED
SH024,REC-SH024-202604-0112,2026-04-20,460.00,429.91,30.09,,,SKIPPED,PERIOD_NOT_OPENED
SH006,REC-SH006-202604-0235,2026-04-20,120.00,112.15,7.85,,,SKIPPED,PERIOD_NOT_OPENED
SH006,REC-SH006-202604-0236,2026-04-20,580.00,542.06,37.94,,,SKIPPED,PERIOD_NOT_OPENED
SH010,REC-SH010-202604-0195,2026-04-20,410.00,383.18,26.82,,,SKIPPED,PERIOD_NOT_OPENED
SH026,REC-SH026-202604-0158,2026-04-20,160.00,149.53,10.47,,,SKIPPED,PERIOD_NOT_OPENED
SH001,REC-SH001-202604-0199,2026-04-20,580.00,542.06,37.94,,,SKIPPED,PERIOD_NOT_OPENED
SH026,REC-SH026-202604-0159,2026-04-20,120.00,112.15,7.85,,,SKIPPED,PERIOD_NOT_OPENED
SH001,REC-SH001-202604-0200,2026-04-20,1620.00,1514.02,105.98,,,SKIPPED,PERIOD_NOT_OPENED
SH006,REC-SH006-202604-0237,2026-04-20,520.00,485.98,34.02,,,SKIPPED,PERIOD_NOT_OPENED
SH026,REC-SH026-202604-0160,2026-04-20,460.00,429.91,30.09,,,SKIPPED,PERIOD_NOT_OPENED
SH025,REC-SH025-202604-0118,2026-04-20,320.00,299.07,20.93,,,SKIPPED,PERIOD_NOT_OPENED
SH010,REC-SH010-202604-0196,2026-04-20,2760.00,2579.44,180.56,,,SKIPPED,PERIOD_NOT_OPENED
SH006,REC-SH006-202604-0238,2026-04-20,120.00,112.15,7.85,,,SKIPPED,PERIOD_NOT_OPENED
SH026,REC-SH026-202604-0161,2026-04-20,1230.00,1149.53,80.47,,,SKIPPED,PERIOD_NOT_OPENED
SH010,REC-SH010-202604-0197,2026-04-20,240.00,224.30,15.70,,,SKIPPED,PERIOD_NOT_OPENED
SH006,REC-SH006-202604-0239,2026-04-20,120.00,112.15,7.85,,,SKIPPED,PERIOD_NOT_OPENED
SH024,REC-SH024-202604-0113,2026-04-20,240.00,224.30,15.70,,,SKIPPED,PERIOD_NOT_OPENED
SH026,REC-SH026-202604-0162,2026-04-20,80.00,74.77,5.23,,,SKIPPED,PERIOD_NOT_OPENED
SH010,REC-SH010-202604-0198,2026-04-20,120.00,112.15,7.85,,,SKIPPED,PERIOD_NOT_OPENED
SH025,REC-SH025-202604-0119,2026-04-20,240.00,224.30,15.70,,,SKIPPED,PERIOD_NOT_OPENED
SH006,REC-SH006-202604-0240,2026-04-20,1360.00,1271.03,88.97,,,SKIPPED,PERIOD_NOT_OPENED
SH001,REC-SH001-202604-0201,2026-04-20,130.00,121.50,8.50,,,SKIPPED,PERIOD_NOT_OPENED
SH001,REC-SH001-202604-0202,2026-04-20,1750.00,1635.51,114.49,,,SKIPPED,PERIOD_NOT_OPENED
SH001,REC-SH001-202604-0203,2026-04-20,220.00,205.61,14.39,,,SKIPPED,PERIOD_NOT_OPENED
SH012,REC-SH012-202604-0144,2026-04-20,1820.00,1700.93,119.07,,,SKIPPED,PERIOD_NOT_OPENED
SH006,REC-SH006-202604-0241,2026-04-20,160.00,149.53,10.47,,,SKIPPED,PERIOD_NOT_OPENED
SH026,REC-SH026-202604-0163,2026-04-20,1760.00,1644.86,115.14,,,SKIPPED,PERIOD_NOT_OPENED
SH010,REC-SH010-202604-0199,2026-04-20,330.00,308.41,21.59,,,SKIPPED,PERIOD_NOT_OPENED
SH012,REC-SH012-202604-0145,2026-04-20,580.00,542.06,37.94,,,SKIPPED,PERIOD_NOT_OPENED
SH001,REC-SH001-202604-0204,2026-04-20,1250.00,1168.22,81.78,,,SKIPPED,PERIOD_NOT_OPENED
SH001,REC-SH001-202604-0205,2026-04-20,1380.00,1289.72,90.28,,,SKIPPED,PERIOD_NOT_OPENED
SH025,REC-SH025-202604-0120,2026-04-20,130.00,121.50,8.50,,,SKIPPED,PERIOD_NOT_OPENED
SH025,REC-SH025-202604-0121,2026-04-20,80.00,74.77,5.23,,,SKIPPED,PERIOD_NOT_OPENED
SH010,REC-SH010-202604-0200,2026-04-20,1380.00,1289.72,90.28,,,SKIPPED,PERIOD_NOT_OPENED
SH026,REC-SH026-202604-0164,2026-04-20,80.00,74.77,5.23,,,SKIPPED,PERIOD_NOT_OPENED
SH028,REC-SH028-202604-0055,2026-04-20,1620.00,1514.02,105.98,,,SKIPPED,PERIOD_NOT_OPENED
SH001,REC-SH001-202604-0206,2026-04-20,220.00,205.61,14.39,,,SKIPPED,PERIOD_NOT_OPENED
SH012,REC-SH012-202604-0146,2026-04-20,330.00,308.41,21.59,,,SKIPPED,PERIOD_NOT_OPENED
SH010,REC-SH010-202604-0201,2026-04-20,240.00,224.30,15.70,,,SKIPPED,PERIOD_NOT_OPENED
SH001,REC-SH001-202604-0207,2026-04-20,240.00,224.30,15.70,,,SKIPPED,PERIOD_NOT_OPENED
SH024,REC-SH024-202604-0114,2026-04-20,380.00,355.14,24.86,,,SKIPPED,PERIOD_NOT_OPENED
SH026,REC-SH026-202604-0165,2026-04-20,4920.00,4598.13,321.87,,,SKIPPED,PERIOD_NOT_OPENED
SH006,REC-SH006-202604-0242,2026-04-20,80.00,74.77,5.23,,,SKIPPED,PERIOD_NOT_OPENED
SH028,REC-SH028-202604-0056,2026-04-20,330.00,308.41,21.59,,,SKIPPED,PERIOD_NOT_OPENED
SH006,REC-SH006-202604-0243,2026-04-20,160.00,149.53,10.47,,,SKIPPED,PERIOD_NOT_OPENED
SH028,REC-SH028-202604-0057,2026-04-20,1620.00,1514.02,105.98,,,SKIPPED,PERIOD_NOT_OPENED
SH001,REC-SH001-202604-0208,2026-04-20,330.00,308.41,21.59,,,SKIPPED,PERIOD_NOT_OPENED
SH001,REC-SH001-202604-0209,2026-04-20,550.00,514.02,35.98,,,SKIPPED,PERIOD_NOT_OPENED
SH012,REC-SH012-202604-0147,2026-04-20,330.00,308.41,21.59,,,SKIPPED,PERIOD_NOT_OPENED
SH012,REC-SH012-202604-0148,2026-04-20,330.00,308.41,21.59,,,SKIPPED,PERIOD_NOT_OPENED
SH010,REC-SH010-202604-0202,2026-04-20,190.00,177.57,12.43,,,SKIPPED,PERIOD_NOT_OPENED
SH012,REC-SH012-202604-0149,2026-04-20,80.00,74.77,5.23,,,SKIPPED,PERIOD_NOT_OPENED
SH012,REC-SH012-202604-0150,2026-04-20,80.00,74.77,5.23,,,SKIPPED,PERIOD_NOT_OPENED
SH006,REC-SH006-202604-0244,2026-04-20,240.00,224.30,15.70,,,SKIPPED,PERIOD_NOT_OPENED
SH001,REC-SH001-202604-0210,2026-04-20,220.00,205.61,14.39,,,SKIPPED,PERIOD_NOT_OPENED
SH006,REC-SH006-202604-0245,2026-04-20,80.00,74.77,5.23,,,SKIPPED,PERIOD_NOT_OPENED
SH025,REC-SH025-202604-0122,2026-04-20,80.00,74.77,5.23,,,SKIPPED,PERIOD_NOT_OPENED
SH030,REC-SH030-202604-0019,2026-04-20,80.00,74.77,5.23,,,SKIPPED,PERIOD_NOT_OPENED
SH010,REC-SH010-202604-0203,2026-04-20,160.00,149.53,10.47,,,SKIPPED,PERIOD_NOT_OPENED
SH006,REC-SH006-202604-0246,2026-04-20,160.00,149.53,10.47,,,SKIPPED,PERIOD_NOT_OPENED
SH025,REC-SH025-202604-0123,2026-04-20,380.00,355.14,24.86,,,SKIPPED,PERIOD_NOT_OPENED
SH024,REC-SH024-202604-0115,2026-04-20,690.00,644.86,45.14,,,SKIPPED,PERIOD_NOT_OPENED
SH024,REC-SH024-202604-0116,2026-04-20,120.00,112.15,7.85,,,SKIPPED,PERIOD_NOT_OPENED
SH024,REC-SH024-202604-0117,2026-04-20,570.00,532.71,37.29,,,SKIPPED,PERIOD_NOT_OPENED
SH024,REC-SH024-202604-0118,2026-04-20,200.00,186.92,13.08,,,SKIPPED,PERIOD_NOT_OPENED
SH025,REC-SH025-202604-0124,2026-04-20,60.00,56.07,3.93,,,SKIPPED,PERIOD_NOT_OPENED
SH006,REC-SH006-202604-0247,2026-04-21,1230.00,1149.53,80.47,,,SKIPPED,PERIOD_NOT_OPENED
SH010,REC-SH010-202604-0204,2026-04-21,660.00,616.82,43.18,,,SKIPPED,PERIOD_NOT_OPENED
SH010,REC-SH010-202604-0205,2026-04-21,290.00,271.03,18.97,,,SKIPPED,PERIOD_NOT_OPENED
SH026,REC-SH026-202604-0166,2026-04-21,240.00,224.30,15.70,,,SKIPPED,PERIOD_NOT_OPENED
SH006,REC-SH006-202604-0248,2026-04-21,460.00,429.91,30.09,,,SKIPPED,PERIOD_NOT_OPENED
SH010,REC-SH010-202604-0206,2026-04-21,460.00,429.91,30.09,,,SKIPPED,PERIOD_NOT_OPENED
SH026,REC-SH026-202604-0167,2026-04-21,120.00,112.15,7.85,,,SKIPPED,PERIOD_NOT_OPENED
SH001,REC-SH001-202604-0211,2026-04-21,3240.00,3028.04,211.96,,,SKIPPED,PERIOD_NOT_OPENED
SH010,REC-SH010-202604-0207,2026-04-21,1250.00,1168.22,81.78,,,SKIPPED,PERIOD_NOT_OPENED
SH025,REC-SH025-202604-0125,2026-04-21,160.00,149.53,10.47,,,SKIPPED,PERIOD_NOT_OPENED
SH006,REC-SH006-202604-0249,2026-04-21,400.00,373.83,26.17,,,SKIPPED,PERIOD_NOT_OPENED
SH001,REC-SH001-202604-0212,2026-04-21,330.00,308.41,21.59,,,SKIPPED,PERIOD_NOT_OPENED
SH030,REC-SH030-202604-0020,2026-04-21,580.00,542.06,37.94,,,SKIPPED,PERIOD_NOT_OPENED
SH026,REC-SH026-202604-0168,2026-04-21,120.00,112.15,7.85,,,SKIPPED,PERIOD_NOT_OPENED
SH025,REC-SH025-202604-0126,2026-04-21,160.00,149.53,10.47,,,SKIPPED,PERIOD_NOT_OPENED
SH025,REC-SH025-202604-0127,2026-04-21,80.00,74.77,5.23,,,SKIPPED,PERIOD_NOT_OPENED
SH010,REC-SH010-202604-0208,2026-04-21,320.00,299.07,20.93,,,SKIPPED,PERIOD_NOT_OPENED
SH025,REC-SH025-202604-0128,2026-04-21,120.00,112.15,7.85,,,SKIPPED,PERIOD_NOT_OPENED
SH012,REC-SH012-202604-0151,2026-04-21,320.00,299.07,20.93,,,SKIPPED,PERIOD_NOT_OPENED
SH010,REC-SH010-202604-0209,2026-04-21,120.00,112.15,7.85,,,SKIPPED,PERIOD_NOT_OPENED
SH024,REC-SH024-202604-0119,2026-04-21,160.00,149.53,10.47,,,SKIPPED,PERIOD_NOT_OPENED
SH006,REC-SH006-202604-0250,2026-04-21,160.00,149.53,10.47,,,SKIPPED,PERIOD_NOT_OPENED
SH010,REC-SH010-202604-0210,2026-04-21,1620.00,1514.02,105.98,,,SKIPPED,PERIOD_NOT_OPENED
SH010,REC-SH010-202604-0211,2026-04-21,80.00,74.77,5.23,,,SKIPPED,PERIOD_NOT_OPENED
SH025,REC-SH025-202604-0129,2026-04-21,160.00,149.53,10.47,,,SKIPPED,PERIOD_NOT_OPENED
SH024,REC-SH024-202604-0120,2026-04-21,240.00,224.30,15.70,,,SKIPPED,PERIOD_NOT_OPENED
SH001,REC-SH001-202604-0213,2026-04-21,1930.00,1803.74,126.26,,,SKIPPED,PERIOD_NOT_OPENED
SH001,REC-SH001-202604-0214,2026-04-21,130.00,121.50,8.50,,,SKIPPED,PERIOD_NOT_OPENED
SH010,REC-SH010-202604-0212,2026-04-21,300.00,280.37,19.63,,,SKIPPED,PERIOD_NOT_OPENED
SH012,REC-SH012-202604-0152,2026-04-21,80.00,74.77,5.23,,,SKIPPED,PERIOD_NOT_OPENED
SH028,REC-SH028-202604-0058,2026-04-21,150.00,140.19,9.81,,,SKIPPED,PERIOD_NOT_OPENED
SH024,REC-SH024-202604-0121,2026-04-21,1100.00,1028.04,71.96,,,SKIPPED,PERIOD_NOT_OPENED
SH001,REC-SH001-202604-0215,2026-04-21,220.00,205.61,14.39,,,SKIPPED,PERIOD_NOT_OPENED
SH010,REC-SH010-202604-0213,2026-04-21,120.00,112.15,7.85,,,SKIPPED,PERIOD_NOT_OPENED
SH006,REC-SH006-202604-0251,2026-04-21,1780.00,1663.55,116.45,,,SKIPPED,PERIOD_NOT_OPENED
SH012,REC-SH012-202604-0153,2026-04-21,470.00,439.25,30.75,,,SKIPPED,PERIOD_NOT_OPENED
SH012,REC-SH012-202604-0154,2026-04-21,580.00,542.06,37.94,,,SKIPPED,PERIOD_NOT_OPENED
SH010,REC-SH010-202604-0214,2026-04-21,80.00,74.77,5.23,,,SKIPPED,PERIOD_NOT_OPENED
SH010,REC-SH010-202604-0215,2026-04-21,80.00,74.77,5.23,,,SKIPPED,PERIOD_NOT_OPENED
SH006,REC-SH006-202604-0252,2026-04-21,80.00,74.77,5.23,,,SKIPPED,PERIOD_NOT_OPENED
SH001,REC-SH001-202604-0216,2026-04-21,3160.00,2953.27,206.73,,,SKIPPED,PERIOD_NOT_OPENED
SH001,REC-SH001-202604-0217,2026-04-21,1620.00,1514.02,105.98,,,SKIPPED,PERIOD_NOT_OPENED
SH006,REC-SH006-202604-0253,2026-04-21,480.00,448.60,31.40,,,SKIPPED,PERIOD_NOT_OPENED
SH010,REC-SH010-202604-0216,2026-04-21,100.00,93.46,6.54,,,SKIPPED,PERIOD_NOT_OPENED
SH026,REC-SH026-202604-0169,2026-04-21,120.00,112.15,7.85,,,SKIPPED,PERIOD_NOT_OPENED
SH028,REC-SH028-202604-0059,2026-04-21,80.00,74.77,5.23,,,SKIPPED,PERIOD_NOT_OPENED
SH006,REC-SH006-202604-0254,2026-04-21,60.00,56.07,3.93,,,SKIPPED,PERIOD_NOT_OPENED
SH025,REC-SH025-202604-0130,2026-04-21,380.00,355.14,24.86,,,SKIPPED,PERIOD_NOT_OPENED
SH001,REC-SH001-202604-0218,2026-04-21,660.00,616.82,43.18,,,SKIPPED,PERIOD_NOT_OPENED
SH026,REC-SH026-202604-0170,2026-04-21,600.00,560.75,39.25,,,SKIPPED,PERIOD_NOT_OPENED
SH010,REC-SH010-202604-0217,2026-04-21,160.00,149.53,10.47,,,SKIPPED,PERIOD_NOT_OPENED
SH006,REC-SH006-202604-0255,2026-04-21,80.00,74.77,5.23,,,SKIPPED,PERIOD_NOT_OPENED
SH010,REC-SH010-202604-0218,2026-04-21,410.00,383.18,26.82,,,SKIPPED,PERIOD_NOT_OPENED
SH006,REC-SH006-202604-0256,2026-04-21,325.00,303.74,21.26,,,SKIPPED,PERIOD_NOT_OPENED
SH010,REC-SH010-202604-0219,2026-04-21,120.00,112.15,7.85,,,SKIPPED,PERIOD_NOT_OPENED
SH026,REC-SH026-202604-0171,2026-04-21,280.00,261.68,18.32,,,SKIPPED,PERIOD_NOT_OPENED
SH012,REC-SH012-202604-0155,2026-04-21,380.00,355.14,24.86,,,SKIPPED,PERIOD_NOT_OPENED
SH024,REC-SH024-202604-0122,2026-04-21,410.00,383.18,26.82,,,SKIPPED,PERIOD_NOT_OPENED
SH024,REC-SH024-202604-0123,2026-04-21,160.00,149.53,10.47,,,SKIPPED,PERIOD_NOT_OPENED
SH025,REC-SH025-202604-0131,2026-04-21,1230.00,1149.53,80.47,,,SKIPPED,PERIOD_NOT_OPENED
SH028,REC-SH028-202604-0060,2026-04-22,1620.00,1514.02,105.98,,,SKIPPED,PERIOD_NOT_OPENED
SH012,REC-SH012-202604-0156,2026-04-22,240.00,224.30,15.70,,,SKIPPED,PERIOD_NOT_OPENED
SH030,REC-SH030-202604-0021,2026-04-22,80.00,74.77,5.23,,,SKIPPED,PERIOD_NOT_OPENED
SH010,REC-SH010-202604-0220,2026-04-22,160.00,149.53,10.47,,,SKIPPED,PERIOD_NOT_OPENED
SH012,REC-SH012-202604-0157,2026-04-22,580.00,542.06,37.94,,,SKIPPED,PERIOD_NOT_OPENED
SH006,REC-SH006-202604-0257,2026-04-22,240.00,224.30,15.70,,,SKIPPED,PERIOD_NOT_OPENED
SH012,REC-SH012-202604-0158,2026-04-22,80.00,74.77,5.23,,,SKIPPED,PERIOD_NOT_OPENED
SH010,REC-SH010-202604-0221,2026-04-22,120.00,112.15,7.85,,,SKIPPED,PERIOD_NOT_OPENED
SH001,REC-SH001-202604-0219,2026-04-22,160.00,149.53,10.47,,,SKIPPED,PERIOD_NOT_OPENED
SH001,REC-SH001-202604-0220,2026-04-22,1320.00,1233.64,86.36,,,SKIPPED,PERIOD_NOT_OPENED
SH006,REC-SH006-202604-0258,2026-04-22,690.00,644.86,45.14,,,SKIPPED,PERIOD_NOT_OPENED
SH006,REC-SH006-202604-0259,2026-04-22,240.00,224.30,15.70,,,SKIPPED,PERIOD_NOT_OPENED
SH006,REC-SH006-202604-0260,2026-04-22,1250.00,1168.22,81.78,,,SKIPPED,PERIOD_NOT_OPENED
SH025,REC-SH025-202604-0132,2026-04-22,400.00,373.83,26.17,,,SKIPPED,PERIOD_NOT_OPENED
SH006,REC-SH006-202604-0261,2026-04-22,240.00,224.30,15.70,,,SKIPPED,PERIOD_NOT_OPENED
SH006,REC-SH006-202604-0262,2026-04-22,160.00,149.53,10.47,,,SKIPPED,PERIOD_NOT_OPENED
SH012,REC-SH012-202604-0159,2026-04-22,240.00,224.30,15.70,,,SKIPPED,PERIOD_NOT_OPENED
SH012,REC-SH012-202604-0160,2026-04-22,2420.00,2261.68,158.32,,,SKIPPED,PERIOD_NOT_OPENED
SH012,REC-SH012-202604-0161,2026-04-22,370.00,345.79,24.21,,,SKIPPED,PERIOD_NOT_OPENED
SH010,REC-SH010-202604-0222,2026-04-22,2460.00,2299.07,160.93,,,SKIPPED,PERIOD_NOT_OPENED
SH001,REC-SH001-202604-0221,2026-04-22,2870.00,2682.24,187.76,,,SKIPPED,PERIOD_NOT_OPENED
SH001,REC-SH001-202604-0222,2026-04-22,330.00,308.41,21.59,,,SKIPPED,PERIOD_NOT_OPENED
SH012,REC-SH012-202604-0162,2026-04-22,160.00,149.53,10.47,,,SKIPPED,PERIOD_NOT_OPENED
SH010,REC-SH010-202604-0223,2026-04-22,80.00,74.77,5.23,,,SKIPPED,PERIOD_NOT_OPENED
SH010,REC-SH010-202604-0224,2026-04-22,325.00,303.74,21.26,,,SKIPPED,PERIOD_NOT_OPENED
SH001,REC-SH001-202604-0223,2026-04-22,1320.00,1233.64,86.36,,,SKIPPED,PERIOD_NOT_OPENED
SH001,REC-SH001-202604-0224,2026-04-22,770.00,719.63,50.37,,,SKIPPED,PERIOD_NOT_OPENED
SH028,REC-SH028-202604-0061,2026-04-22,4490.00,4196.26,293.74,,,SKIPPED,PERIOD_NOT_OPENED
SH006,REC-SH006-202604-0263,2026-04-22,1680.00,1570.09,109.91,,,SKIPPED,PERIOD_NOT_OPENED
SH010,REC-SH010-202604-0225,2026-04-22,80.00,74.77,5.23,,,SKIPPED,PERIOD_NOT_OPENED
SH025,REC-SH025-202604-0133,2026-04-22,570.00,532.71,37.29,,,SKIPPED,PERIOD_NOT_OPENED
SH012,REC-SH012-202604-0163,2026-04-22,410.00,383.18,26.82,,,SKIPPED,PERIOD_NOT_OPENED
SH026,REC-SH026-202604-0172,2026-04-22,200.00,186.92,13.08,,,SKIPPED,PERIOD_NOT_OPENED
SH026,REC-SH026-202604-0173,2026-04-22,1690.00,1579.44,110.56,,,SKIPPED,PERIOD_NOT_OPENED
SH025,REC-SH025-202604-0134,2026-04-22,240.00,224.30,15.70,,,SKIPPED,PERIOD_NOT_OPENED
SH006,REC-SH006-202604-0264,2026-04-22,580.00,542.06,37.94,,,SKIPPED,PERIOD_NOT_OPENED
SH010,REC-SH010-202604-0226,2026-04-22,80.00,74.77,5.23,,,SKIPPED,PERIOD_NOT_OPENED
SH026,REC-SH026-202604-0174,2026-04-22,1230.00,1149.53,80.47,,,SKIPPED,PERIOD_NOT_OPENED
SH001,REC-SH001-202604-0225,2026-04-22,1250.00,1168.22,81.78,,,SKIPPED,PERIOD_NOT_OPENED
SH001,REC-SH001-202604-0226,2026-04-22,1250.00,1168.22,81.78,,,SKIPPED,PERIOD_NOT_OPENED
SH001,REC-SH001-202604-0227,2026-04-22,120.00,112.15,7.85,,,SKIPPED,PERIOD_NOT_OPENED
SH025,REC-SH025-202604-0135,2026-04-22,740.00,691.59,48.41,,,SKIPPED,PERIOD_NOT_OPENED
SH025,REC-SH025-202604-0136,2026-04-22,80.00,74.77,5.23,,,SKIPPED,PERIOD_NOT_OPENED
SH010,REC-SH010-202604-0227,2026-04-22,240.00,224.30,15.70,,,SKIPPED,PERIOD_NOT_OPENED
SH028,REC-SH028-202604-0062,2026-04-22,1620.00,1514.02,105.98,,,SKIPPED,PERIOD_NOT_OPENED
SH001,REC-SH001-202604-0228,2026-04-22,1280.00,1196.26,83.74,,,SKIPPED,PERIOD_NOT_OPENED
SH012,REC-SH012-202604-0164,2026-04-22,190.00,177.57,12.43,,,SKIPPED,PERIOD_NOT_OPENED
SH012,REC-SH012-202604-0165,2026-04-22,1320.00,1233.64,86.36,,,SKIPPED,PERIOD_NOT_OPENED
SH010,REC-SH010-202604-0228,2026-04-22,320.00,299.07,20.93,,,SKIPPED,PERIOD_NOT_OPENED
SH010,REC-SH010-202604-0229,2026-04-22,240.00,224.30,15.70,,,SKIPPED,PERIOD_NOT_OPENED
SH025,REC-SH025-202604-0137,2026-04-22,120.00,112.15,7.85,,,SKIPPED,PERIOD_NOT_OPENED
SH010,REC-SH010-202604-0230,2026-04-22,120.00,112.15,7.85,,,SKIPPED,PERIOD_NOT_OPENED
SH001,REC-SH001-202604-0229,2026-04-22,280.00,261.68,18.32,,,SKIPPED,PERIOD_NOT_OPENED
SH010,REC-SH010-202604-0231,2026-04-22,460.00,429.91,30.09,,,SKIPPED,PERIOD_NOT_OPENED
SH010,REC-SH010-202604-0232,2026-04-22,120.00,112.15,7.85,,,SKIPPED,PERIOD_NOT_OPENED
SH026,REC-SH026-202604-0175,2026-04-22,160.00,149.53,10.47,,,SKIPPED,PERIOD_NOT_OPENED
SH010,REC-SH010-202604-0233,2026-04-22,60.00,56.07,3.93,,,SKIPPED,PERIOD_NOT_OPENED
SH006,REC-SH006-202604-0265,2026-04-22,330.00,308.41,21.59,,,SKIPPED,PERIOD_NOT_OPENED
SH010,REC-SH010-202604-0234,2026-04-22,450.00,420.56,29.44,,,SKIPPED,PERIOD_NOT_OPENED
SH024,REC-SH024-202604-0124,2026-04-22,330.00,308.41,21.59,,,SKIPPED,PERIOD_NOT_OPENED
SH024,REC-SH024-202604-0125,2026-04-22,240.00,224.30,15.70,,,SKIPPED,PERIOD_NOT_OPENED
SH024,REC-SH024-202604-0126,2026-04-22,460.00,429.91,30.09,,,SKIPPED,PERIOD_NOT_OPENED
SH028,REC-SH028-202604-0063,2026-04-22,1750.00,1635.51,114.49,,,SKIPPED,PERIOD_NOT_OPENED
SH001,REC-SH001-202604-0230,2026-04-23,1140.00,1065.42,74.58,,,SKIPPED,PERIOD_NOT_OPENED
SH001,REC-SH001-202604-0231,2026-04-23,330.00,308.41,21.59,,,SKIPPED,PERIOD_NOT_OPENED
SH001,REC-SH001-202604-0232,2026-04-23,1250.00,1168.22,81.78,,,SKIPPED,PERIOD_NOT_OPENED
SH028,REC-SH028-202604-0064,2026-04-23,1250.00,1168.22,81.78,,,SKIPPED,PERIOD_NOT_OPENED
SH010,REC-SH010-202604-0235,2026-04-23,380.00,355.14,24.86,,,SKIPPED,PERIOD_NOT_OPENED
SH006,REC-SH006-202604-0266,2026-04-23,240.00,224.30,15.70,,,SKIPPED,PERIOD_NOT_OPENED
SH030,REC-SH030-202604-0022,2026-04-23,480.00,448.60,31.40,,,SKIPPED,PERIOD_NOT_OPENED
SH026,REC-SH026-202604-0176,2026-04-23,160.00,149.53,10.47,,,SKIPPED,PERIOD_NOT_OPENED
SH012,REC-SH012-202604-0166,2026-04-23,410.00,383.18,26.82,,,SKIPPED,PERIOD_NOT_OPENED
SH010,REC-SH010-202604-0236,2026-04-23,240.00,224.30,15.70,,,SKIPPED,PERIOD_NOT_OPENED
SH012,REC-SH012-202604-0167,2026-04-23,320.00,299.07,20.93,,,SKIPPED,PERIOD_NOT_OPENED
SH012,REC-SH012-202604-0168,2026-04-23,120.00,112.15,7.85,,,SKIPPED,PERIOD_NOT_OPENED
SH026,REC-SH026-202604-0177,2026-04-23,540.00,504.67,35.33,,,SKIPPED,PERIOD_NOT_OPENED
SH026,REC-SH026-202604-0178,2026-04-23,460.00,429.91,30.09,,,SKIPPED,PERIOD_NOT_OPENED
SH001,REC-SH001-202604-0233,2026-04-23,2760.00,2579.44,180.56,,,SKIPPED,PERIOD_NOT_OPENED
SH001,REC-SH001-202604-0234,2026-04-23,1740.00,1626.17,113.83,,,SKIPPED,PERIOD_NOT_OPENED
SH006,REC-SH006-202604-0267,2026-04-23,120.00,112.15,7.85,,,SKIPPED,PERIOD_NOT_OPENED
SH006,REC-SH006-202604-0268,2026-04-23,190.00,177.57,12.43,,,SKIPPED,PERIOD_NOT_OPENED
SH024,REC-SH024-202604-0127,2026-04-23,1670.00,1560.75,109.25,,,SKIPPED,PERIOD_NOT_OPENED
SH006,REC-SH006-202604-0269,2026-04-23,120.00,112.15,7.85,,,SKIPPED,PERIOD_NOT_OPENED
SH025,REC-SH025-202604-0138,2026-04-23,160.00,149.53,10.47,,,SKIPPED,PERIOD_NOT_OPENED
SH006,REC-SH006-202604-0270,2026-04-23,460.00,429.91,30.09,,,SKIPPED,PERIOD_NOT_OPENED
SH001,REC-SH001-202604-0235,2026-04-23,80.00,74.77,5.23,,,SKIPPED,PERIOD_NOT_OPENED
SH010,REC-SH010-202604-0237,2026-04-23,240.00,224.30,15.70,,,SKIPPED,PERIOD_NOT_OPENED
SH030,REC-SH030-202604-0023,2026-04-23,80.00,74.77,5.23,,,SKIPPED,PERIOD_NOT_OPENED
SH024,REC-SH024-202604-0128,2026-04-23,120.00,112.15,7.85,,,SKIPPED,PERIOD_NOT_OPENED
SH012,REC-SH012-202604-0169,2026-04-23,400.00,373.83,26.17,,,SKIPPED,PERIOD_NOT_OPENED
SH012,REC-SH012-202604-0170,2026-04-23,1320.00,1233.64,86.36,,,SKIPPED,PERIOD_NOT_OPENED
SH006,REC-SH006-202604-0271,2026-04-23,190.00,177.57,12.43,,,SKIPPED,PERIOD_NOT_OPENED
SH010,REC-SH010-202604-0238,2026-04-23,180.00,168.22,11.78,,,SKIPPED,PERIOD_NOT_OPENED
SH025,REC-SH025-202604-0139,2026-04-23,1230.00,1149.53,80.47,,,SKIPPED,PERIOD_NOT_OPENED
SH028,REC-SH028-202604-0065,2026-04-23,60.00,56.07,3.93,,,SKIPPED,PERIOD_NOT_OPENED
SH001,REC-SH001-202604-0236,2026-04-23,1200.00,1121.50,78.50,,,SKIPPED,PERIOD_NOT_OPENED
SH010,REC-SH010-202604-0239,2026-04-23,60.00,56.07,3.93,,,SKIPPED,PERIOD_NOT_OPENED
SH026,REC-SH026-202604-0179,2026-04-23,120.00,112.15,7.85,,,SKIPPED,PERIOD_NOT_OPENED
SH006,REC-SH006-202604-0272,2026-04-23,80.00,74.77,5.23,,,SKIPPED,PERIOD_NOT_OPENED
SH026,REC-SH026-202604-0180,2026-04-23,120.00,112.15,7.85,,,SKIPPED,PERIOD_NOT_OPENED
SH012,REC-SH012-202604-0171,2026-04-23,3360.00,3140.19,219.81,,,SKIPPED,PERIOD_NOT_OPENED
SH012,REC-SH012-202604-0172,2026-04-23,120.00,112.15,7.85,,,SKIPPED,PERIOD_NOT_OPENED
SH001,REC-SH001-202604-0237,2026-04-23,330.00,308.41,21.59,,,SKIPPED,PERIOD_NOT_OPENED
SH010,REC-SH010-202604-0240,2026-04-23,810.00,757.01,52.99,,,SKIPPED,PERIOD_NOT_OPENED
SH025,REC-SH025-202604-0140,2026-04-23,160.00,149.53,10.47,,,SKIPPED,PERIOD_NOT_OPENED
SH026,REC-SH026-202604-0181,2026-04-23,160.00,149.53,10.47,,,SKIPPED,PERIOD_NOT_OPENED
SH025,REC-SH025-202604-0141,2026-04-23,200.00,186.92,13.08,,,SKIPPED,PERIOD_NOT_OPENED
SH028,REC-SH028-202604-0066,2026-04-23,1100.00,1028.04,71.96,,,SKIPPED,PERIOD_NOT_OPENED
SH025,REC-SH025-202604-0142,2026-04-23,80.00,74.77,5.23,,,SKIPPED,PERIOD_NOT_OPENED
SH025,REC-SH025-202604-0143,2026-04-23,80.00,74.77,5.23,,,SKIPPED,PERIOD_NOT_OPENED
SH001,REC-SH001-202604-0238,2026-04-23,80.00,74.77,5.23,,,SKIPPED,PERIOD_NOT_OPENED
SH010,REC-SH010-202604-0241,2026-04-23,1620.00,1514.02,105.98,,,SKIPPED,PERIOD_NOT_OPENED
SH012,REC-SH012-202604-0173,2026-04-23,80.00,74.77,5.23,,,SKIPPED,PERIOD_NOT_OPENED
SH025,REC-SH025-202604-0144,2026-04-23,1320.00,1233.64,86.36,,,SKIPPED,PERIOD_NOT_OPENED
SH025,REC-SH025-202604-0145,2026-04-23,220.00,205.61,14.39,,,SKIPPED,PERIOD_NOT_OPENED
SH028,REC-SH028-202604-0067,2026-04-23,370.00,345.79,24.21,,,SKIPPED,PERIOD_NOT_OPENED
SH001,REC-SH001-202604-0239,2026-04-23,460.00,429.91,30.09,,,SKIPPED,PERIOD_NOT_OPENED
SH026,REC-SH026-202604-0182,2026-04-23,320.00,299.07,20.93,,,SKIPPED,PERIOD_NOT_OPENED
SH006,REC-SH006-202604-0273,2026-04-23,80.00,74.77,5.23,,,SKIPPED,PERIOD_NOT_OPENED
SH006,REC-SH006-202604-0274,2026-04-23,80.00,74.77,5.23,,,SKIPPED,PERIOD_NOT_OPENED
SH025,REC-SH025-202604-0146,2026-04-23,2460.00,2299.07,160.93,,,SKIPPED,PERIOD_NOT_OPENED
SH010,REC-SH010-202604-0242,2026-04-24,330.00,308.41,21.59,,,SKIPPED,PERIOD_NOT_OPENED
SH012,REC-SH012-202604-0174,2026-04-24,60.00,56.07,3.93,,,SKIPPED,PERIOD_NOT_OPENED
SH010,REC-SH010-202604-0243,2026-04-24,120.00,112.15,7.85,,,SKIPPED,PERIOD_NOT_OPENED
SH012,REC-SH012-202604-0175,2026-04-24,60.00,56.07,3.93,,,SKIPPED,PERIOD_NOT_OPENED
SH010,REC-SH010-202604-0244,2026-04-24,120.00,112.15,7.85,,,SKIPPED,PERIOD_NOT_OPENED
SH006,REC-SH006-202604-0275,2026-04-24,1160.00,1084.11,75.89,,,SKIPPED,PERIOD_NOT_OPENED
SH024,REC-SH024-202604-0129,2026-04-24,330.00,308.41,21.59,,,SKIPPED,PERIOD_NOT_OPENED
SH025,REC-SH025-202604-0147,2026-04-24,80.00,74.77,5.23,,,SKIPPED,PERIOD_NOT_OPENED
SH025,REC-SH025-202604-0148,2026-04-24,60.00,56.07,3.93,,,SKIPPED,PERIOD_NOT_OPENED
SH012,REC-SH012-202604-0176,2026-04-24,460.00,429.91,30.09,,,SKIPPED,PERIOD_NOT_OPENED
SH024,REC-SH024-202604-0130,2026-04-24,1620.00,1514.02,105.98,,,SKIPPED,PERIOD_NOT_OPENED
SH028,REC-SH028-202604-0068,2026-04-24,240.00,224.30,15.70,,,SKIPPED,PERIOD_NOT_OPENED
SH010,REC-SH010-202604-0245,2026-04-24,330.00,308.41,21.59,,,SKIPPED,PERIOD_NOT_OPENED
SH010,REC-SH010-202604-0246,2026-04-24,80.00,74.77,5.23,,,SKIPPED,PERIOD_NOT_OPENED
SH012,REC-SH012-202604-0177,2026-04-24,360.00,336.45,23.55,,,SKIPPED,PERIOD_NOT_OPENED
SH025,REC-SH025-202604-0149,2026-04-24,160.00,149.53,10.47,,,SKIPPED,PERIOD_NOT_OPENED
SH010,REC-SH010-202604-0247,2026-04-24,130.00,121.50,8.50,,,SKIPPED,PERIOD_NOT_OPENED
SH006,REC-SH006-202604-0276,2026-04-24,160.00,149.53,10.47,,,SKIPPED,PERIOD_NOT_OPENED
SH006,REC-SH006-202604-0277,2026-04-24,120.00,112.15,7.85,,,SKIPPED,PERIOD_NOT_OPENED
SH010,REC-SH010-202604-0248,2026-04-24,160.00,149.53,10.47,,,SKIPPED,PERIOD_NOT_OPENED
SH001,REC-SH001-202604-0240,2026-04-24,160.00,149.53,10.47,,,SKIPPED,PERIOD_NOT_OPENED
SH026,REC-SH026-202604-0183,2026-04-24,460.00,429.91,30.09,,,SKIPPED,PERIOD_NOT_OPENED
SH006,REC-SH006-202604-0278,2026-04-24,120.00,112.15,7.85,,,SKIPPED,PERIOD_NOT_OPENED
SH026,REC-SH026-202604-0184,2026-04-24,1560.00,1457.94,102.06,,,SKIPPED,PERIOD_NOT_OPENED
SH025,REC-SH025-202604-0150,2026-04-24,430.00,401.87,28.13,,,SKIPPED,PERIOD_NOT_OPENED
SH001,REC-SH001-202604-0241,2026-04-24,1750.00,1635.51,114.49,,,SKIPPED,PERIOD_NOT_OPENED
SH025,REC-SH025-202604-0151,2026-04-24,80.00,74.77,5.23,,,SKIPPED,PERIOD_NOT_OPENED
SH012,REC-SH012-202604-0178,2026-04-24,580.00,542.06,37.94,,,SKIPPED,PERIOD_NOT_OPENED
SH001,REC-SH001-202604-0242,2026-04-24,4740.00,4429.91,310.09,,,SKIPPED,PERIOD_NOT_OPENED
SH025,REC-SH025-202604-0152,2026-04-24,120.00,112.15,7.85,,,SKIPPED,PERIOD_NOT_OPENED
SH006,REC-SH006-202604-0279,2026-04-24,140.00,130.84,9.16,,,SKIPPED,PERIOD_NOT_OPENED
SH010,REC-SH010-202604-0249,2026-04-24,160.00,149.53,10.47,,,SKIPPED,PERIOD_NOT_OPENED
SH001,REC-SH001-202604-0243,2026-04-24,330.00,308.41,21.59,,,SKIPPED,PERIOD_NOT_OPENED
SH010,REC-SH010-202604-0250,2026-04-24,80.00,74.77,5.23,,,SKIPPED,PERIOD_NOT_OPENED
SH030,REC-SH030-202604-0024,2026-04-24,80.00,74.77,5.23,,,SKIPPED,PERIOD_NOT_OPENED
SH010,REC-SH010-202604-0251,2026-04-24,1620.00,1514.02,105.98,,,SKIPPED,PERIOD_NOT_OPENED
SH012,REC-SH012-202604-0179,2026-04-24,240.00,224.30,15.70,,,SKIPPED,PERIOD_NOT_OPENED
SH026,REC-SH026-202604-0185,2026-04-24,1520.00,1420.56,99.44,,,SKIPPED,PERIOD_NOT_OPENED
SH010,REC-SH010-202604-0252,2026-04-24,1620.00,1514.02,105.98,,,SKIPPED,PERIOD_NOT_OPENED
SH010,REC-SH010-202604-0253,2026-04-24,60.00,56.07,3.93,,,SKIPPED,PERIOD_NOT_OPENED
SH025,REC-SH025-202604-0153,2026-04-24,160.00,149.53,10.47,,,SKIPPED,PERIOD_NOT_OPENED
SH026,REC-SH026-202604-0186,2026-04-24,120.00,112.15,7.85,,,SKIPPED,PERIOD_NOT_OPENED
SH006,REC-SH006-202604-0280,2026-04-24,240.00,224.30,15.70,,,SKIPPED,PERIOD_NOT_OPENED
SH006,REC-SH006-202604-0281,2026-04-24,80.00,74.77,5.23,,,SKIPPED,PERIOD_NOT_OPENED
SH012,REC-SH012-202604-0180,2026-04-24,580.00,542.06,37.94,,,SKIPPED,PERIOD_NOT_OPENED
SH006,REC-SH006-202604-0282,2026-04-24,460.00,429.91,30.09,,,SKIPPED,PERIOD_NOT_OPENED
SH026,REC-SH026-202604-0187,2026-04-24,320.00,299.07,20.93,,,SKIPPED,PERIOD_NOT_OPENED
SH026,REC-SH026-202604-0188,2026-04-24,1690.00,1579.44,110.56,,,SKIPPED,PERIOD_NOT_OPENED
SH024,REC-SH024-202604-0131,2026-04-24,660.00,616.82,43.18,,,SKIPPED,PERIOD_NOT_OPENED
SH001,REC-SH001-202604-0244,2026-04-25,1620.00,1514.02,105.98,,,SKIPPED,PERIOD_NOT_OPENED
SH001,REC-SH001-202604-0245,2026-04-25,100.00,93.46,6.54,,,SKIPPED,PERIOD_NOT_OPENED
SH010,REC-SH010-202604-0254,2026-04-25,3750.00,3504.67,245.33,,,SKIPPED,PERIOD_NOT_OPENED
SH010,REC-SH010-202604-0255,2026-04-25,1250.00,1168.22,81.78,,,SKIPPED,PERIOD_NOT_OPENED
SH026,REC-SH026-202604-0189,2026-04-25,120.00,112.15,7.85,,,SKIPPED,PERIOD_NOT_OPENED
SH006,REC-SH006-202604-0283,2026-04-25,450.00,420.56,29.44,,,SKIPPED,PERIOD_NOT_OPENED
SH026,REC-SH026-202604-0190,2026-04-25,1230.00,1149.53,80.47,,,SKIPPED,PERIOD_NOT_OPENED
SH012,REC-SH012-202604-0181,2026-04-25,1320.00,1233.64,86.36,,,SKIPPED,PERIOD_NOT_OPENED
SH026,REC-SH026-202604-0191,2026-04-25,460.00,429.91,30.09,,,SKIPPED,PERIOD_NOT_OPENED
SH012,REC-SH012-202604-0182,2026-04-25,1320.00,1233.64,86.36,,,SKIPPED,PERIOD_NOT_OPENED
SH001,REC-SH001-202604-0246,2026-04-25,1320.00,1233.64,86.36,,,SKIPPED,PERIOD_NOT_OPENED
SH024,REC-SH024-202604-0132,2026-04-25,460.00,429.91,30.09,,,SKIPPED,PERIOD_NOT_OPENED
SH012,REC-SH012-202604-0183,2026-04-25,410.00,383.18,26.82,,,SKIPPED,PERIOD_NOT_OPENED
SH026,REC-SH026-202604-0192,2026-04-25,160.00,149.53,10.47,,,SKIPPED,PERIOD_NOT_OPENED
SH012,REC-SH012-202604-0184,2026-04-25,460.00,429.91,30.09,,,SKIPPED,PERIOD_NOT_OPENED
SH001,REC-SH001-202604-0247,2026-04-25,650.00,607.48,42.52,,,SKIPPED,PERIOD_NOT_OPENED
SH026,REC-SH026-202604-0193,2026-04-25,80.00,74.77,5.23,,,SKIPPED,PERIOD_NOT_OPENED
SH024,REC-SH024-202604-0133,2026-04-25,190.00,177.57,12.43,,,SKIPPED,PERIOD_NOT_OPENED
SH026,REC-SH026-202604-0194,2026-04-25,280.00,261.68,18.32,,,SKIPPED,PERIOD_NOT_OPENED
SH025,REC-SH025-202604-0154,2026-04-25,80.00,74.77,5.23,,,SKIPPED,PERIOD_NOT_OPENED
SH025,REC-SH025-202604-0155,2026-04-25,160.00,149.53,10.47,,,SKIPPED,PERIOD_NOT_OPENED
SH012,REC-SH012-202604-0185,2026-04-25,120.00,112.15,7.85,,,SKIPPED,PERIOD_NOT_OPENED
SH012,REC-SH012-202604-0186,2026-04-25,460.00,429.91,30.09,,,SKIPPED,PERIOD_NOT_OPENED
SH025,REC-SH025-202604-0156,2026-04-25,240.00,224.30,15.70,,,SKIPPED,PERIOD_NOT_OPENED
SH026,REC-SH026-202604-0195,2026-04-25,2460.00,2299.07,160.93,,,SKIPPED,PERIOD_NOT_OPENED
SH010,REC-SH010-202604-0256,2026-04-25,240.00,224.30,15.70,,,SKIPPED,PERIOD_NOT_OPENED
SH006,REC-SH006-202604-0284,2026-04-25,80.00,74.77,5.23,,,SKIPPED,PERIOD_NOT_OPENED
SH006,REC-SH006-202604-0285,2026-04-25,140.00,130.84,9.16,,,SKIPPED,PERIOD_NOT_OPENED
SH012,REC-SH012-202604-0187,2026-04-25,120.00,112.15,7.85,,,SKIPPED,PERIOD_NOT_OPENED
SH006,REC-SH006-202604-0286,2026-04-25,80.00,74.77,5.23,,,SKIPPED,PERIOD_NOT_OPENED
SH012,REC-SH012-202604-0188,2026-04-25,580.00,542.06,37.94,,,SKIPPED,PERIOD_NOT_OPENED
SH030,REC-SH030-202604-0025,2026-04-25,1010.00,943.93,66.07,,,SKIPPED,PERIOD_NOT_OPENED
SH024,REC-SH024-202604-0134,2026-04-25,1100.00,1028.04,71.96,,,SKIPPED,PERIOD_NOT_OPENED
SH024,REC-SH024-202604-0135,2026-04-25,460.00,429.91,30.09,,,SKIPPED,PERIOD_NOT_OPENED
SH010,REC-SH010-202604-0257,2026-04-25,80.00,74.77,5.23,,,SKIPPED,PERIOD_NOT_OPENED
SH006,REC-SH006-202604-0287,2026-04-25,910.00,850.47,59.53,,,SKIPPED,PERIOD_NOT_OPENED
SH001,REC-SH001-202604-0248,2026-04-25,1240.00,1158.88,81.12,,,SKIPPED,PERIOD_NOT_OPENED
SH025,REC-SH025-202604-0157,2026-04-25,380.00,355.14,24.86,,,SKIPPED,PERIOD_NOT_OPENED
SH025,REC-SH025-202604-0158,2026-04-25,160.00,149.53,10.47,,,SKIPPED,PERIOD_NOT_OPENED
SH026,REC-SH026-202604-0196,2026-04-25,240.00,224.30,15.70,,,SKIPPED,PERIOD_NOT_OPENED
SH025,REC-SH025-202604-0159,2026-04-25,240.00,224.30,15.70,,,SKIPPED,PERIOD_NOT_OPENED
SH026,REC-SH026-202604-0197,2026-04-25,120.00,112.15,7.85,,,SKIPPED,PERIOD_NOT_OPENED
SH028,REC-SH028-202604-0069,2026-04-25,1250.00,1168.22,81.78,,,SKIPPED,PERIOD_NOT_OPENED
SH006,REC-SH006-202604-0288,2026-04-25,330.00,308.41,21.59,,,SKIPPED,PERIOD_NOT_OPENED
SH010,REC-SH010-202604-0258,2026-04-25,160.00,149.53,10.47,,,SKIPPED,PERIOD_NOT_OPENED
SH012,REC-SH012-202604-0189,2026-04-25,580.00,542.06,37.94,,,SKIPPED,PERIOD_NOT_OPENED
SH006,REC-SH006-202604-0289,2026-04-25,240.00,224.30,15.70,,,SKIPPED,PERIOD_NOT_OPENED
SH006,REC-SH006-202604-0290,2026-04-25,240.00,224.30,15.70,,,SKIPPED,PERIOD_NOT_OPENED
SH025,REC-SH025-202604-0160,2026-04-25,240.00,224.30,15.70,,,SKIPPED,PERIOD_NOT_OPENED
SH006,REC-SH006-202604-0291,2026-04-25,2460.00,2299.07,160.93,,,SKIPPED,PERIOD_NOT_OPENED
SH010,REC-SH010-202604-0259,2026-04-25,80.00,74.77,5.23,,,SKIPPED,PERIOD_NOT_OPENED
SH001,REC-SH001-202604-0249,2026-04-25,1620.00,1514.02,105.98,,,SKIPPED,PERIOD_NOT_OPENED
SH001,REC-SH001-202604-0250,2026-04-25,330.00,308.41,21.59,,,SKIPPED,PERIOD_NOT_OPENED
SH001,REC-SH001-202604-0251,2026-04-25,1750.00,1635.51,114.49,,,SKIPPED,PERIOD_NOT_OPENED
SH026,REC-SH026-202604-0198,2026-04-25,2460.00,2299.07,160.93,,,SKIPPED,PERIOD_NOT_OPENED
SH026,REC-SH026-202604-0199,2026-04-25,120.00,112.15,7.85,,,SKIPPED,PERIOD_NOT_OPENED
SH026,REC-SH026-202604-0200,2026-04-25,120.00,112.15,7.85,,,SKIPPED,PERIOD_NOT_OPENED
SH010,REC-SH010-202604-0260,2026-04-25,240.00,224.30,15.70,,,SKIPPED,PERIOD_NOT_OPENED
SH010,REC-SH010-202604-0261,2026-04-25,120.00,112.15,7.85,,,SKIPPED,PERIOD_NOT_OPENED
SH006,REC-SH006-202604-0292,2026-04-25,1620.00,1514.02,105.98,,,SKIPPED,PERIOD_NOT_OPENED
SH012,REC-SH012-202604-0190,2026-04-25,800.00,747.66,52.34,,,SKIPPED,PERIOD_NOT_OPENED
SH024,REC-SH024-202604-0136,2026-04-25,80.00,74.77,5.23,,,SKIPPED,PERIOD_NOT_OPENED
SH024,REC-SH024-202604-0137,2026-04-26,80.00,74.77,5.23,,,SKIPPED,PERIOD_NOT_OPENED
SH010,REC-SH010-202604-0262,2026-04-26,120.00,112.15,7.85,,,SKIPPED,PERIOD_NOT_OPENED
SH006,REC-SH006-202604-0293,2026-04-26,240.00,224.30,15.70,,,SKIPPED,PERIOD_NOT_OPENED
SH012,REC-SH012-202604-0191,2026-04-26,1320.00,1233.64,86.36,,,SKIPPED,PERIOD_NOT_OPENED
SH001,REC-SH001-202604-0252,2026-04-26,1380.00,1289.72,90.28,,,SKIPPED,PERIOD_NOT_OPENED
SH010,REC-SH010-202604-0263,2026-04-26,80.00,74.77,5.23,,,SKIPPED,PERIOD_NOT_OPENED
SH025,REC-SH025-202604-0161,2026-04-26,80.00,74.77,5.23,,,SKIPPED,PERIOD_NOT_OPENED
SH010,REC-SH010-202604-0264,2026-04-26,80.00,74.77,5.23,,,SKIPPED,PERIOD_NOT_OPENED
SH026,REC-SH026-202604-0201,2026-04-26,280.00,261.68,18.32,,,SKIPPED,PERIOD_NOT_OPENED
SH026,REC-SH026-202604-0202,2026-04-26,240.00,224.30,15.70,,,SKIPPED,PERIOD_NOT_OPENED
SH024,REC-SH024-202604-0138,2026-04-26,330.00,308.41,21.59,,,SKIPPED,PERIOD_NOT_OPENED
SH028,REC-SH028-202604-0070,2026-04-26,220.00,205.61,14.39,,,SKIPPED,PERIOD_NOT_OPENED
SH026,REC-SH026-202604-0203,2026-04-26,240.00,224.30,15.70,,,SKIPPED,PERIOD_NOT_OPENED
SH025,REC-SH025-202604-0162,2026-04-26,80.00,74.77,5.23,,,SKIPPED,PERIOD_NOT_OPENED
SH025,REC-SH025-202604-0163,2026-04-26,80.00,74.77,5.23,,,SKIPPED,PERIOD_NOT_OPENED
SH006,REC-SH006-202604-0294,2026-04-26,325.00,303.74,21.26,,,SKIPPED,PERIOD_NOT_OPENED
SH025,REC-SH025-202604-0164,2026-04-26,760.00,710.28,49.72,,,SKIPPED,PERIOD_NOT_OPENED
SH010,REC-SH010-202604-0265,2026-04-26,2460.00,2299.07,160.93,,,SKIPPED,PERIOD_NOT_OPENED
SH012,REC-SH012-202604-0192,2026-04-26,150.00,140.19,9.81,,,SKIPPED,PERIOD_NOT_OPENED
SH025,REC-SH025-202604-0165,2026-04-26,80.00,74.77,5.23,,,SKIPPED,PERIOD_NOT_OPENED
SH006,REC-SH006-202604-0295,2026-04-26,160.00,149.53,10.47,,,SKIPPED,PERIOD_NOT_OPENED
SH026,REC-SH026-202604-0204,2026-04-26,240.00,224.30,15.70,,,SKIPPED,PERIOD_NOT_OPENED
SH026,REC-SH026-202604-0205,2026-04-26,80.00,74.77,5.23,,,SKIPPED,PERIOD_NOT_OPENED
SH028,REC-SH028-202604-0071,2026-04-26,2010.00,1878.50,131.50,,,SKIPPED,PERIOD_NOT_OPENED
SH001,REC-SH001-202604-0253,2026-04-26,500.00,467.29,32.71,,,SKIPPED,PERIOD_NOT_OPENED
SH001,REC-SH001-202604-0254,2026-04-26,380.00,355.14,24.86,,,SKIPPED,PERIOD_NOT_OPENED
SH001,REC-SH001-202604-0255,2026-04-26,1620.00,1514.02,105.98,,,SKIPPED,PERIOD_NOT_OPENED
SH001,REC-SH001-202604-0256,2026-04-26,1620.00,1514.02,105.98,,,SKIPPED,PERIOD_NOT_OPENED
SH026,REC-SH026-202604-0206,2026-04-26,120.00,112.15,7.85,,,SKIPPED,PERIOD_NOT_OPENED
SH026,REC-SH026-202604-0207,2026-04-26,780.00,728.97,51.03,,,SKIPPED,PERIOD_NOT_OPENED
SH025,REC-SH025-202604-0166,2026-04-26,200.00,186.92,13.08,,,SKIPPED,PERIOD_NOT_OPENED
SH025,REC-SH025-202604-0167,2026-04-26,200.00,186.92,13.08,,,SKIPPED,PERIOD_NOT_OPENED
SH001,REC-SH001-202604-0257,2026-04-26,330.00,308.41,21.59,,,SKIPPED,PERIOD_NOT_OPENED
SH026,REC-SH026-202604-0208,2026-04-26,80.00,74.77,5.23,,,SKIPPED,PERIOD_NOT_OPENED
SH010,REC-SH010-202604-0266,2026-04-26,160.00,149.53,10.47,,,SKIPPED,PERIOD_NOT_OPENED
SH006,REC-SH006-202604-0296,2026-04-26,160.00,149.53,10.47,,,SKIPPED,PERIOD_NOT_OPENED
SH024,REC-SH024-202604-0139,2026-04-26,1620.00,1514.02,105.98,,,SKIPPED,PERIOD_NOT_OPENED
SH024,REC-SH024-202604-0140,2026-04-26,240.00,224.30,15.70,,,SKIPPED,PERIOD_NOT_OPENED
SH006,REC-SH006-202604-0297,2026-04-26,330.00,308.41,21.59,,,SKIPPED,PERIOD_NOT_OPENED
SH024,REC-SH024-202604-0141,2026-04-26,100.00,93.46,6.54,,,SKIPPED,PERIOD_NOT_OPENED
SH010,REC-SH010-202604-0267,2026-04-26,300.00,280.37,19.63,,,SKIPPED,PERIOD_NOT_OPENED
SH010,REC-SH010-202604-0268,2026-04-26,160.00,149.53,10.47,,,SKIPPED,PERIOD_NOT_OPENED
SH012,REC-SH012-202604-0193,2026-04-26,680.00,635.51,44.49,,,SKIPPED,PERIOD_NOT_OPENED
SH010,REC-SH010-202604-0269,2026-04-26,1650.00,1542.06,107.94,,,SKIPPED,PERIOD_NOT_OPENED
SH026,REC-SH026-202604-0209,2026-04-26,120.00,112.15,7.85,,,SKIPPED,PERIOD_NOT_OPENED
SH006,REC-SH006-202604-0298,2026-04-26,4820.00,4504.67,315.33,,,SKIPPED,PERIOD_NOT_OPENED
SH006,REC-SH006-202604-0299,2026-04-26,360.00,336.45,23.55,,,SKIPPED,PERIOD_NOT_OPENED
SH006,REC-SH006-202604-0300,2026-04-26,80.00,74.77,5.23,,,SKIPPED,PERIOD_NOT_OPENED
SH006,REC-SH006-202604-0301,2026-04-26,120.00,112.15,7.85,,,SKIPPED,PERIOD_NOT_OPENED
SH001,REC-SH001-202604-0258,2026-04-26,1750.00,1635.51,114.49,,,SKIPPED,PERIOD_NOT_OPENED
SH010,REC-SH010-202604-0270,2026-04-26,80.00,74.77,5.23,,,SKIPPED,PERIOD_NOT_OPENED
SH010,REC-SH010-202604-0271,2026-04-26,240.00,224.30,15.70,,,SKIPPED,PERIOD_NOT_OPENED
SH012,REC-SH012-202604-0194,2026-04-26,80.00,74.77,5.23,,,SKIPPED,PERIOD_NOT_OPENED
SH026,REC-SH026-202604-0210,2026-04-26,80.00,74.77,5.23,,,SKIPPED,PERIOD_NOT_OPENED
SH026,REC-SH026-202604-0211,2026-04-26,120.00,112.15,7.85,,,SKIPPED,PERIOD_NOT_OPENED
SH010,REC-SH010-202604-0272,2026-04-26,560.00,523.36,36.64,,,SKIPPED,PERIOD_NOT_OPENED
SH006,REC-SH006-202604-0302,2026-04-26,325.00,303.74,21.26,,,SKIPPED,PERIOD_NOT_OPENED
SH025,REC-SH025-202604-0168,2026-04-26,240.00,224.30,15.70,,,SKIPPED,PERIOD_NOT_OPENED
SH001,REC-SH001-202604-0259,2026-04-26,1380.00,1289.72,90.28,,,SKIPPED,PERIOD_NOT_OPENED
SH006,REC-SH006-202604-0303,2026-04-26,460.00,429.91,30.09,,,SKIPPED,PERIOD_NOT_OPENED
SH010,REC-SH010-202604-0273,2026-04-26,100.00,93.46,6.54,,,SKIPPED,PERIOD_NOT_OPENED
SH025,REC-SH025-202604-0169,2026-04-26,400.00,373.83,26.17,,,SKIPPED,PERIOD_NOT_OPENED
SH025,REC-SH025-202604-0170,2026-04-26,240.00,224.30,15.70,,,SKIPPED,PERIOD_NOT_OPENED
SH026,REC-SH026-202604-0212,2026-04-26,120.00,112.15,7.85,,,SKIPPED,PERIOD_NOT_OPENED
SH006,REC-SH006-202604-0304,2026-04-26,190.00,177.57,12.43,,,SKIPPED,PERIOD_NOT_OPENED
SH010,REC-SH010-202604-0274,2026-04-26,160.00,149.53,10.47,,,SKIPPED,PERIOD_NOT_OPENED
SH026,REC-SH026-202604-0213,2026-04-26,380.00,355.14,24.86,,,SKIPPED,PERIOD_NOT_OPENED
SH010,REC-SH010-202604-0275,2026-04-26,280.00,261.68,18.32,,,SKIPPED,PERIOD_NOT_OPENED
SH024,REC-SH024-202604-0142,2026-04-26,80.00,74.77,5.23,,,SKIPPED,PERIOD_NOT_OPENED
SH024,REC-SH024-202604-0143,2026-04-26,120.00,112.15,7.85,,,SKIPPED,PERIOD_NOT_OPENED
SH010,REC-SH010-202604-0276,2026-04-26,120.00,112.15,7.85,,,SKIPPED,PERIOD_NOT_OPENED
SH010,REC-SH010-202604-0277,2026-04-26,650.00,607.48,42.52,,,SKIPPED,PERIOD_NOT_OPENED
SH010,REC-SH010-202604-0278,2026-04-26,300.00,280.37,19.63,,,SKIPPED,PERIOD_NOT_OPENED
SH025,REC-SH025-202604-0171,2026-04-26,780.00,728.97,51.03,,,SKIPPED,PERIOD_NOT_OPENED
SH001,REC-SH001-202604-0260,2026-04-27,2760.00,2579.44,180.56,,,SKIPPED,PERIOD_NOT_OPENED
SH001,REC-SH001-202604-0261,2026-04-27,120.00,112.15,7.85,,,SKIPPED,PERIOD_NOT_OPENED
SH012,REC-SH012-202604-0195,2026-04-27,240.00,224.30,15.70,,,SKIPPED,PERIOD_NOT_OPENED
SH006,REC-SH006-202604-0305,2026-04-27,160.00,149.53,10.47,,,SKIPPED,PERIOD_NOT_OPENED
SH001,REC-SH001-202604-0262,2026-04-27,610.00,570.09,39.91,,,SKIPPED,PERIOD_NOT_OPENED
SH010,REC-SH010-202604-0279,2026-04-27,1100.00,1028.04,71.96,,,SKIPPED,PERIOD_NOT_OPENED
SH010,REC-SH010-202604-0280,2026-04-27,80.00,74.77,5.23,,,SKIPPED,PERIOD_NOT_OPENED
SH006,REC-SH006-202604-0306,2026-04-27,1140.00,1065.42,74.58,,,SKIPPED,PERIOD_NOT_OPENED
SH010,REC-SH010-202604-0281,2026-04-27,325.00,303.74,21.26,,,SKIPPED,PERIOD_NOT_OPENED
SH010,REC-SH010-202604-0282,2026-04-27,2940.00,2747.66,192.34,,,SKIPPED,PERIOD_NOT_OPENED
SH026,REC-SH026-202604-0214,2026-04-27,160.00,149.53,10.47,,,SKIPPED,PERIOD_NOT_OPENED
SH006,REC-SH006-202604-0307,2026-04-27,80.00,74.77,5.23,,,SKIPPED,PERIOD_NOT_OPENED
SH010,REC-SH010-202604-0283,2026-04-27,1760.00,1644.86,115.14,,,SKIPPED,PERIOD_NOT_OPENED
SH006,REC-SH006-202604-0308,2026-04-27,200.00,186.92,13.08,,,SKIPPED,PERIOD_NOT_OPENED
SH001,REC-SH001-202604-0263,2026-04-27,820.00,766.36,53.64,,,SKIPPED,PERIOD_NOT_OPENED
SH010,REC-SH010-202604-0284,2026-04-27,100.00,93.46,6.54,,,SKIPPED,PERIOD_NOT_OPENED
SH010,REC-SH010-202604-0285,2026-04-27,330.00,308.41,21.59,,,SKIPPED,PERIOD_NOT_OPENED
SH006,REC-SH006-202604-0309,2026-04-27,240.00,224.30,15.70,,,SKIPPED,PERIOD_NOT_OPENED
SH010,REC-SH010-202604-0286,2026-04-27,1620.00,1514.02,105.98,,,SKIPPED,PERIOD_NOT_OPENED
SH024,REC-SH024-202604-0144,2026-04-27,80.00,74.77,5.23,,,SKIPPED,PERIOD_NOT_OPENED
SH010,REC-SH010-202604-0287,2026-04-27,2460.00,2299.07,160.93,,,SKIPPED,PERIOD_NOT_OPENED
SH012,REC-SH012-202604-0196,2026-04-27,3690.00,3448.60,241.40,,,SKIPPED,PERIOD_NOT_OPENED
SH006,REC-SH006-202604-0310,2026-04-27,160.00,149.53,10.47,,,SKIPPED,PERIOD_NOT_OPENED
SH028,REC-SH028-202604-0072,2026-04-27,2940.00,2747.66,192.34,,,SKIPPED,PERIOD_NOT_OPENED
SH006,REC-SH006-202604-0311,2026-04-27,320.00,299.07,20.93,,,SKIPPED,PERIOD_NOT_OPENED
SH028,REC-SH028-202604-0073,2026-04-27,440.00,411.21,28.79,,,SKIPPED,PERIOD_NOT_OPENED
SH026,REC-SH026-202604-0215,2026-04-27,1230.00,1149.53,80.47,,,SKIPPED,PERIOD_NOT_OPENED
SH026,REC-SH026-202604-0216,2026-04-27,200.00,186.92,13.08,,,SKIPPED,PERIOD_NOT_OPENED
SH024,REC-SH024-202604-0145,2026-04-27,240.00,224.30,15.70,,,SKIPPED,PERIOD_NOT_OPENED
SH024,REC-SH024-202604-0146,2026-04-27,160.00,149.53,10.47,,,SKIPPED,PERIOD_NOT_OPENED
SH006,REC-SH006-202604-0312,2026-04-27,720.00,672.90,47.10,,,SKIPPED,PERIOD_NOT_OPENED
SH010,REC-SH010-202604-0288,2026-04-27,1560.00,1457.94,102.06,,,SKIPPED,PERIOD_NOT_OPENED
SH010,REC-SH010-202604-0289,2026-04-27,160.00,149.53,10.47,,,SKIPPED,PERIOD_NOT_OPENED
SH001,REC-SH001-202604-0264,2026-04-27,60.00,56.07,3.93,,,SKIPPED,PERIOD_NOT_OPENED
SH026,REC-SH026-202604-0217,2026-04-27,320.00,299.07,20.93,,,SKIPPED,PERIOD_NOT_OPENED
SH010,REC-SH010-202604-0290,2026-04-27,460.00,429.91,30.09,,,SKIPPED,PERIOD_NOT_OPENED
SH012,REC-SH012-202604-0197,2026-04-27,240.00,224.30,15.70,,,SKIPPED,PERIOD_NOT_OPENED
SH025,REC-SH025-202604-0172,2026-04-27,140.00,130.84,9.16,,,SKIPPED,PERIOD_NOT_OPENED
SH025,REC-SH025-202604-0173,2026-04-27,240.00,224.30,15.70,,,SKIPPED,PERIOD_NOT_OPENED
SH024,REC-SH024-202604-0147,2026-04-27,910.00,850.47,59.53,,,SKIPPED,PERIOD_NOT_OPENED
SH006,REC-SH006-202604-0313,2026-04-27,120.00,112.15,7.85,,,SKIPPED,PERIOD_NOT_OPENED
SH012,REC-SH012-202604-0198,2026-04-27,1560.00,1457.94,102.06,,,SKIPPED,PERIOD_NOT_OPENED
SH026,REC-SH026-202604-0218,2026-04-27,180.00,168.22,11.78,,,SKIPPED,PERIOD_NOT_OPENED
SH012,REC-SH012-202604-0199,2026-04-27,580.00,542.06,37.94,,,SKIPPED,PERIOD_NOT_OPENED
SH026,REC-SH026-202604-0219,2026-04-27,480.00,448.60,31.40,,,SKIPPED,PERIOD_NOT_OPENED
SH010,REC-SH010-202604-0291,2026-04-27,330.00,308.41,21.59,,,SKIPPED,PERIOD_NOT_OPENED
SH012,REC-SH012-202604-0200,2026-04-27,680.00,635.51,44.49,,,SKIPPED,PERIOD_NOT_OPENED
SH024,REC-SH024-202604-0148,2026-04-27,60.00,56.07,3.93,,,SKIPPED,PERIOD_NOT_OPENED
SH028,REC-SH028-202604-0074,2026-04-27,4410.00,4121.50,288.50,,,SKIPPED,PERIOD_NOT_OPENED
SH025,REC-SH025-202604-0174,2026-04-27,240.00,224.30,15.70,,,SKIPPED,PERIOD_NOT_OPENED
SH025,REC-SH025-202604-0175,2026-04-27,240.00,224.30,15.70,,,SKIPPED,PERIOD_NOT_OPENED
SH010,REC-SH010-202604-0292,2026-04-27,330.00,308.41,21.59,,,SKIPPED,PERIOD_NOT_OPENED
SH006,REC-SH006-202604-0314,2026-04-27,120.00,112.15,7.85,,,SKIPPED,PERIOD_NOT_OPENED
SH025,REC-SH025-202604-0176,2026-04-27,160.00,149.53,10.47,,,SKIPPED,PERIOD_NOT_OPENED
SH006,REC-SH006-202604-0315,2026-04-27,580.00,542.06,37.94,,,SKIPPED,PERIOD_NOT_OPENED
SH026,REC-SH026-202604-0220,2026-04-27,580.00,542.06,37.94,,,SKIPPED,PERIOD_NOT_OPENED
SH010,REC-SH010-202604-0293,2026-04-27,330.00,308.41,21.59,,,SKIPPED,PERIOD_NOT_OPENED
SH006,REC-SH006-202604-0316,2026-04-27,180.00,168.22,11.78,,,SKIPPED,PERIOD_NOT_OPENED
SH025,REC-SH025-202604-0177,2026-04-27,80.00,74.77,5.23,,,SKIPPED,PERIOD_NOT_OPENED
SH001,REC-SH001-202604-0265,2026-04-27,1970.00,1841.12,128.88,,,SKIPPED,PERIOD_NOT_OPENED
SH010,REC-SH010-202604-0294,2026-04-27,160.00,149.53,10.47,,,SKIPPED,PERIOD_NOT_OPENED
SH025,REC-SH025-202604-0178,2026-04-27,80.00,74.77,5.23,,,SKIPPED,PERIOD_NOT_OPENED
SH006,REC-SH006-202604-0317,2026-04-27,160.00,149.53,10.47,,,SKIPPED,PERIOD_NOT_OPENED
SH026,REC-SH026-202604-0221,2026-04-27,460.00,429.91,30.09,,,SKIPPED,PERIOD_NOT_OPENED
SH025,REC-SH025-202604-0179,2026-04-27,1250.00,1168.22,81.78,,,SKIPPED,PERIOD_NOT_OPENED
SH001,REC-SH001-202604-0266,2026-04-27,350.00,327.10,22.90,,,SKIPPED,PERIOD_NOT_OPENED
SH024,REC-SH024-202604-0149,2026-04-27,180.00,168.22,11.78,,,SKIPPED,PERIOD_NOT_OPENED
SH025,REC-SH025-202604-0180,2026-04-27,650.00,607.48,42.52,,,SKIPPED,PERIOD_NOT_OPENED
SH006,REC-SH006-202604-0318,2026-04-28,325.00,303.74,21.26,,,SKIPPED,PERIOD_NOT_OPENED
SH012,REC-SH012-202604-0201,2026-04-28,1250.00,1168.22,81.78,,,SKIPPED,PERIOD_NOT_OPENED
SH026,REC-SH026-202604-0222,2026-04-28,460.00,429.91,30.09,,,SKIPPED,PERIOD_NOT_OPENED
SH026,REC-SH026-202604-0223,2026-04-28,320.00,299.07,20.93,,,SKIPPED,PERIOD_NOT_OPENED
SH012,REC-SH012-202604-0202,2026-04-28,480.00,448.60,31.40,,,SKIPPED,PERIOD_NOT_OPENED
SH006,REC-SH006-202604-0319,2026-04-28,2460.00,2299.07,160.93,,,SKIPPED,PERIOD_NOT_OPENED
SH012,REC-SH012-202604-0203,2026-04-28,240.00,224.30,15.70,,,SKIPPED,PERIOD_NOT_OPENED
SH006,REC-SH006-202604-0320,2026-04-28,560.00,523.36,36.64,,,SKIPPED,PERIOD_NOT_OPENED
SH012,REC-SH012-202604-0204,2026-04-28,80.00,74.77,5.23,,,SKIPPED,PERIOD_NOT_OPENED
SH026,REC-SH026-202604-0224,2026-04-28,1230.00,1149.53,80.47,,,SKIPPED,PERIOD_NOT_OPENED
SH001,REC-SH001-202604-0267,2026-04-28,1620.00,1514.02,105.98,,,SKIPPED,PERIOD_NOT_OPENED
SH025,REC-SH025-202604-0181,2026-04-28,2000.00,1869.16,130.84,,,SKIPPED,PERIOD_NOT_OPENED
SH012,REC-SH012-202604-0205,2026-04-28,120.00,112.15,7.85,,,SKIPPED,PERIOD_NOT_OPENED
SH006,REC-SH006-202604-0321,2026-04-28,60.00,56.07,3.93,,,SKIPPED,PERIOD_NOT_OPENED
SH006,REC-SH006-202604-0322,2026-04-28,700.00,654.21,45.79,,,SKIPPED,PERIOD_NOT_OPENED
SH025,REC-SH025-202604-0182,2026-04-28,220.00,205.61,14.39,,,SKIPPED,PERIOD_NOT_OPENED
SH028,REC-SH028-202604-0075,2026-04-28,5010.00,4682.24,327.76,,,SKIPPED,PERIOD_NOT_OPENED
SH026,REC-SH026-202604-0225,2026-04-28,80.00,74.77,5.23,,,SKIPPED,PERIOD_NOT_OPENED
SH012,REC-SH012-202604-0206,2026-04-28,580.00,542.06,37.94,,,SKIPPED,PERIOD_NOT_OPENED
SH026,REC-SH026-202604-0226,2026-04-28,2460.00,2299.07,160.93,,,SKIPPED,PERIOD_NOT_OPENED
SH026,REC-SH026-202604-0227,2026-04-28,460.00,429.91,30.09,,,SKIPPED,PERIOD_NOT_OPENED
SH010,REC-SH010-202604-0295,2026-04-28,460.00,429.91,30.09,,,SKIPPED,PERIOD_NOT_OPENED
SH025,REC-SH025-202604-0183,2026-04-28,80.00,74.77,5.23,,,SKIPPED,PERIOD_NOT_OPENED
SH010,REC-SH010-202604-0296,2026-04-28,460.00,429.91,30.09,,,SKIPPED,PERIOD_NOT_OPENED
SH012,REC-SH012-202604-0207,2026-04-28,640.00,598.13,41.87,,,SKIPPED,PERIOD_NOT_OPENED
SH012,REC-SH012-202604-0208,2026-04-28,760.00,710.28,49.72,,,SKIPPED,PERIOD_NOT_OPENED
SH012,REC-SH012-202604-0209,2026-04-28,240.00,224.30,15.70,,,SKIPPED,PERIOD_NOT_OPENED
SH026,REC-SH026-202604-0228,2026-04-28,1470.00,1373.83,96.17,,,SKIPPED,PERIOD_NOT_OPENED
SH006,REC-SH006-202604-0323,2026-04-28,80.00,74.77,5.23,,,SKIPPED,PERIOD_NOT_OPENED
SH012,REC-SH012-202604-0210,2026-04-28,120.00,112.15,7.85,,,SKIPPED,PERIOD_NOT_OPENED
SH012,REC-SH012-202604-0211,2026-04-28,1360.00,1271.03,88.97,,,SKIPPED,PERIOD_NOT_OPENED
SH010,REC-SH010-202604-0297,2026-04-28,190.00,177.57,12.43,,,SKIPPED,PERIOD_NOT_OPENED
SH024,REC-SH024-202604-0150,2026-04-28,380.00,355.14,24.86,,,SKIPPED,PERIOD_NOT_OPENED
SH012,REC-SH012-202604-0212,2026-04-28,440.00,411.21,28.79,,,SKIPPED,PERIOD_NOT_OPENED
SH006,REC-SH006-202604-0324,2026-04-28,240.00,224.30,15.70,,,SKIPPED,PERIOD_NOT_OPENED
SH026,REC-SH026-202604-0229,2026-04-28,80.00,74.77,5.23,,,SKIPPED,PERIOD_NOT_OPENED
SH001,REC-SH001-202604-0268,2026-04-28,330.00,308.41,21.59,,,SKIPPED,PERIOD_NOT_OPENED
SH001,REC-SH001-202604-0269,2026-04-28,1250.00,1168.22,81.78,,,SKIPPED,PERIOD_NOT_OPENED
SH024,REC-SH024-202604-0151,2026-04-28,1230.00,1149.53,80.47,,,SKIPPED,PERIOD_NOT_OPENED
SH024,REC-SH024-202604-0152,2026-04-28,80.00,74.77,5.23,,,SKIPPED,PERIOD_NOT_OPENED
SH024,REC-SH024-202604-0153,2026-04-28,2460.00,2299.07,160.93,,,SKIPPED,PERIOD_NOT_OPENED
SH010,REC-SH010-202604-0298,2026-04-28,2760.00,2579.44,180.56,,,SKIPPED,PERIOD_NOT_OPENED
SH010,REC-SH010-202604-0299,2026-04-28,80.00,74.77,5.23,,,SKIPPED,PERIOD_NOT_OPENED
SH006,REC-SH006-202604-0325,2026-04-28,480.00,448.60,31.40,,,SKIPPED,PERIOD_NOT_OPENED
SH010,REC-SH010-202604-0300,2026-04-28,460.00,429.91,30.09,,,SKIPPED,PERIOD_NOT_OPENED
SH006,REC-SH006-202604-0326,2026-04-28,200.00,186.92,13.08,,,SKIPPED,PERIOD_NOT_OPENED
SH025,REC-SH025-202604-0184,2026-04-28,80.00,74.77,5.23,,,SKIPPED,PERIOD_NOT_OPENED
SH026,REC-SH026-202604-0230,2026-04-28,660.00,616.82,43.18,,,SKIPPED,PERIOD_NOT_OPENED
SH006,REC-SH006-202604-0327,2026-04-28,320.00,299.07,20.93,,,SKIPPED,PERIOD_NOT_OPENED
SH001,REC-SH001-202604-0270,2026-04-28,3240.00,3028.04,211.96,,,SKIPPED,PERIOD_NOT_OPENED
SH006,REC-SH006-202604-0328,2026-04-28,240.00,224.30,15.70,,,SKIPPED,PERIOD_NOT_OPENED
SH026,REC-SH026-202604-0231,2026-04-28,320.00,299.07,20.93,,,SKIPPED,PERIOD_NOT_OPENED
SH006,REC-SH006-202604-0329,2026-04-28,380.00,355.14,24.86,,,SKIPPED,PERIOD_NOT_OPENED
SH010,REC-SH010-202604-0301,2026-04-28,330.00,308.41,21.59,,,SKIPPED,PERIOD_NOT_OPENED
SH025,REC-SH025-202604-0185,2026-04-28,140.00,130.84,9.16,,,SKIPPED,PERIOD_NOT_OPENED
SH006,REC-SH006-202604-0330,2026-04-28,220.00,205.61,14.39,,,SKIPPED,PERIOD_NOT_OPENED
SH025,REC-SH025-202604-0186,2026-04-28,240.00,224.30,15.70,,,SKIPPED,PERIOD_NOT_OPENED
SH024,REC-SH024-202604-0154,2026-04-28,1620.00,1514.02,105.98,,,SKIPPED,PERIOD_NOT_OPENED
SH010,REC-SH010-202604-0302,2026-04-28,650.00,607.48,42.52,,,SKIPPED,PERIOD_NOT_OPENED
SH006,REC-SH006-202604-0331,2026-04-28,240.00,224.30,15.70,,,SKIPPED,PERIOD_NOT_OPENED
SH025,REC-SH025-202604-0187,2026-04-28,80.00,74.77,5.23,,,SKIPPED,PERIOD_NOT_OPENED
SH006,REC-SH006-202604-0332,2026-04-28,120.00,112.15,7.85,,,SKIPPED,PERIOD_NOT_OPENED
SH006,REC-SH006-202604-0333,2026-04-28,220.00,205.61,14.39,,,SKIPPED,PERIOD_NOT_OPENED
SH025,REC-SH025-202604-0188,2026-04-28,240.00,224.30,15.70,,,SKIPPED,PERIOD_NOT_OPENED
SH012,REC-SH012-202604-0213,2026-04-28,330.00,308.41,21.59,,,SKIPPED,PERIOD_NOT_OPENED
SH025,REC-SH025-202604-0189,2026-04-28,240.00,224.30,15.70,,,SKIPPED,PERIOD_NOT_OPENED
SH024,REC-SH024-202604-0155,2026-04-28,120.00,112.15,7.85,,,SKIPPED,PERIOD_NOT_OPENED
SH001,REC-SH001-202604-0271,2026-04-28,3240.00,3028.04,211.96,,,SKIPPED,PERIOD_NOT_OPENED
SH012,REC-SH012-202604-0214,2026-04-28,160.00,149.53,10.47,,,SKIPPED,PERIOD_NOT_OPENED
SH001,REC-SH001-202604-0272,2026-04-29,580.00,542.06,37.94,,,SKIPPED,PERIOD_NOT_OPENED
SH030,REC-SH030-202604-0026,2026-04-29,80.00,74.77,5.23,,,SKIPPED,PERIOD_NOT_OPENED
SH026,REC-SH026-202604-0232,2026-04-29,80.00,74.77,5.23,,,SKIPPED,PERIOD_NOT_OPENED
SH010,REC-SH010-202604-0303,2026-04-29,100.00,93.46,6.54,,,SKIPPED,PERIOD_NOT_OPENED
SH026,REC-SH026-202604-0233,2026-04-29,160.00,149.53,10.47,,,SKIPPED,PERIOD_NOT_OPENED
SH024,REC-SH024-202604-0156,2026-04-29,1620.00,1514.02,105.98,,,SKIPPED,PERIOD_NOT_OPENED
SH024,REC-SH024-202604-0157,2026-04-29,520.00,485.98,34.02,,,SKIPPED,PERIOD_NOT_OPENED
SH012,REC-SH012-202604-0215,2026-04-29,60.00,56.07,3.93,,,SKIPPED,PERIOD_NOT_OPENED
SH001,REC-SH001-202604-0273,2026-04-29,1620.00,1514.02,105.98,,,SKIPPED,PERIOD_NOT_OPENED
SH006,REC-SH006-202604-0334,2026-04-29,840.00,785.05,54.95,,,SKIPPED,PERIOD_NOT_OPENED
SH001,REC-SH001-202604-0274,2026-04-29,680.00,635.51,44.49,,,SKIPPED,PERIOD_NOT_OPENED
SH010,REC-SH010-202604-0304,2026-04-29,30.00,28.04,1.96,,,SKIPPED,PERIOD_NOT_OPENED
SH010,REC-SH010-202604-0305,2026-04-29,1620.00,1514.02,105.98,,,SKIPPED,PERIOD_NOT_OPENED
SH025,REC-SH025-202604-0190,2026-04-29,160.00,149.53,10.47,,,SKIPPED,PERIOD_NOT_OPENED
SH012,REC-SH012-202604-0216,2026-04-29,160.00,149.53,10.47,,,SKIPPED,PERIOD_NOT_OPENED
SH001,REC-SH001-202604-0275,2026-04-29,80.00,74.77,5.23,,,SKIPPED,PERIOD_NOT_OPENED
SH026,REC-SH026-202604-0234,2026-04-29,120.00,112.15,7.85,,,SKIPPED,PERIOD_NOT_OPENED
SH012,REC-SH012-202604-0217,2026-04-29,330.00,308.41,21.59,,,SKIPPED,PERIOD_NOT_OPENED
SH025,REC-SH025-202604-0191,2026-04-29,80.00,74.77,5.23,,,SKIPPED,PERIOD_NOT_OPENED
SH026,REC-SH026-202604-0235,2026-04-29,80.00,74.77,5.23,,,SKIPPED,PERIOD_NOT_OPENED
SH006,REC-SH006-202604-0335,2026-04-29,390.00,364.49,25.51,,,SKIPPED,PERIOD_NOT_OPENED
SH026,REC-SH026-202604-0236,2026-04-29,80.00,74.77,5.23,,,SKIPPED,PERIOD_NOT_OPENED
SH024,REC-SH024-202604-0158,2026-04-29,80.00,74.77,5.23,,,SKIPPED,PERIOD_NOT_OPENED
SH026,REC-SH026-202604-0237,2026-04-29,240.00,224.30,15.70,,,SKIPPED,PERIOD_NOT_OPENED
SH001,REC-SH001-202604-0276,2026-04-29,330.00,308.41,21.59,,,SKIPPED,PERIOD_NOT_OPENED
SH001,REC-SH001-202604-0277,2026-04-29,220.00,205.61,14.39,,,SKIPPED,PERIOD_NOT_OPENED
SH025,REC-SH025-202604-0192,2026-04-29,460.00,429.91,30.09,,,SKIPPED,PERIOD_NOT_OPENED
SH006,REC-SH006-202604-0336,2026-04-29,1520.00,1420.56,99.44,,,SKIPPED,PERIOD_NOT_OPENED
SH026,REC-SH026-202604-0238,2026-04-29,460.00,429.91,30.09,,,SKIPPED,PERIOD_NOT_OPENED
SH012,REC-SH012-202604-0218,2026-04-29,160.00,149.53,10.47,,,SKIPPED,PERIOD_NOT_OPENED
SH024,REC-SH024-202604-0159,2026-04-29,160.00,149.53,10.47,,,SKIPPED,PERIOD_NOT_OPENED
SH010,REC-SH010-202604-0306,2026-04-29,2760.00,2579.44,180.56,,,SKIPPED,PERIOD_NOT_OPENED
SH012,REC-SH012-202604-0219,2026-04-29,1250.00,1168.22,81.78,,,SKIPPED,PERIOD_NOT_OPENED
SH006,REC-SH006-202604-0337,2026-04-29,240.00,224.30,15.70,,,SKIPPED,PERIOD_NOT_OPENED
SH030,REC-SH030-202604-0027,2026-04-29,330.00,308.41,21.59,,,SKIPPED,PERIOD_NOT_OPENED
SH012,REC-SH012-202604-0220,2026-04-29,1320.00,1233.64,86.36,,,SKIPPED,PERIOD_NOT_OPENED
SH006,REC-SH006-202604-0338,2026-04-29,160.00,149.53,10.47,,,SKIPPED,PERIOD_NOT_OPENED
SH012,REC-SH012-202604-0221,2026-04-29,80.00,74.77,5.23,,,SKIPPED,PERIOD_NOT_OPENED
SH006,REC-SH006-202604-0339,2026-04-29,700.00,654.21,45.79,,,SKIPPED,PERIOD_NOT_OPENED
SH006,REC-SH006-202604-0340,2026-04-29,1760.00,1644.86,115.14,,,SKIPPED,PERIOD_NOT_OPENED
SH012,REC-SH012-202604-0222,2026-04-29,1230.00,1149.53,80.47,,,SKIPPED,PERIOD_NOT_OPENED
SH006,REC-SH006-202604-0341,2026-04-29,80.00,74.77,5.23,,,SKIPPED,PERIOD_NOT_OPENED
SH012,REC-SH012-202604-0223,2026-04-29,160.00,149.53,10.47,,,SKIPPED,PERIOD_NOT_OPENED
SH010,REC-SH010-202604-0307,2026-04-29,160.00,149.53,10.47,,,SKIPPED,PERIOD_NOT_OPENED
SH026,REC-SH026-202604-0239,2026-04-29,120.00,112.15,7.85,,,SKIPPED,PERIOD_NOT_OPENED
SH010,REC-SH010-202604-0308,2026-04-29,80.00,74.77,5.23,,,SKIPPED,PERIOD_NOT_OPENED
SH010,REC-SH010-202604-0309,2026-04-29,120.00,112.15,7.85,,,SKIPPED,PERIOD_NOT_OPENED
SH012,REC-SH012-202604-0224,2026-04-29,80.00,74.77,5.23,,,SKIPPED,PERIOD_NOT_OPENED
SH001,REC-SH001-202604-0278,2026-04-29,330.00,308.41,21.59,,,SKIPPED,PERIOD_NOT_OPENED
SH025,REC-SH025-202604-0193,2026-04-29,80.00,74.77,5.23,,,SKIPPED,PERIOD_NOT_OPENED
SH012,REC-SH012-202604-0225,2026-04-29,60.00,56.07,3.93,,,SKIPPED,PERIOD_NOT_OPENED
SH025,REC-SH025-202604-0194,2026-04-29,1409.00,1316.82,92.18,,,SKIPPED,PERIOD_NOT_OPENED
SH001,REC-SH001-202604-0279,2026-04-29,660.00,616.82,43.18,,,SKIPPED,PERIOD_NOT_OPENED
SH024,REC-SH024-202604-0160,2026-04-29,240.00,224.30,15.70,,,SKIPPED,PERIOD_NOT_OPENED
SH026,REC-SH026-202604-0240,2026-04-29,1690.00,1579.44,110.56,,,SKIPPED,PERIOD_NOT_OPENED
SH001,REC-SH001-202604-0280,2026-04-29,220.00,205.61,14.39,,,SKIPPED,PERIOD_NOT_OPENED
SH025,REC-SH025-202604-0195,2026-04-29,200.00,186.92,13.08,,,SKIPPED,PERIOD_NOT_OPENED
SH001,REC-SH001-202604-0281,2026-04-29,330.00,308.41,21.59,,,SKIPPED,PERIOD_NOT_OPENED
SH006,REC-SH006-202604-0342,2026-04-29,330.00,308.41,21.59,,,SKIPPED,PERIOD_NOT_OPENED
SH024,REC-SH024-202604-0161,2026-04-29,660.00,616.82,43.18,,,SKIPPED,PERIOD_NOT_OPENED
SH012,REC-SH012-202604-0226,2026-04-29,1250.00,1168.22,81.78,,,SKIPPED,PERIOD_NOT_OPENED
SH010,REC-SH010-202604-0310,2026-04-29,400.00,373.83,26.17,,,SKIPPED,PERIOD_NOT_OPENED
SH006,REC-SH006-202604-0343,2026-04-29,590.00,551.40,38.60,,,SKIPPED,PERIOD_NOT_OPENED
SH001,REC-SH001-202604-0282,2026-04-29,1750.00,1635.51,114.49,,,SKIPPED,PERIOD_NOT_OPENED
SH026,REC-SH026-202604-0241,2026-04-29,80.00,74.77,5.23,,,SKIPPED,PERIOD_NOT_OPENED
SH001,REC-SH001-202604-0283,2026-04-29,580.00,542.06,37.94,,,SKIPPED,PERIOD_NOT_OPENED
SH025,REC-SH025-202604-0196,2026-04-29,80.00,74.77,5.23,,,SKIPPED,PERIOD_NOT_OPENED
SH028,REC-SH028-202604-0076,2026-04-29,120.00,112.15,7.85,,,SKIPPED,PERIOD_NOT_OPENED
SH001,REC-SH001-202604-0284,2026-04-30,1380.00,1289.72,90.28,,,SKIPPED,PERIOD_NOT_OPENED
SH001,REC-SH001-202604-0285,2026-04-30,1160.00,1084.11,75.89,,,SKIPPED,PERIOD_NOT_OPENED
SH024,REC-SH024-202604-0162,2026-04-30,130.00,121.50,8.50,,,SKIPPED,PERIOD_NOT_OPENED
SH006,REC-SH006-202604-0344,2026-04-30,240.00,224.30,15.70,,,SKIPPED,PERIOD_NOT_OPENED
SH006,REC-SH006-202604-0345,2026-04-30,700.00,654.21,45.79,,,SKIPPED,PERIOD_NOT_OPENED
SH026,REC-SH026-202604-0242,2026-04-30,320.00,299.07,20.93,,,SKIPPED,PERIOD_NOT_OPENED
SH012,REC-SH012-202604-0227,2026-04-30,1340.00,1252.34,87.66,,,SKIPPED,PERIOD_NOT_OPENED
SH024,REC-SH024-202604-0163,2026-04-30,330.00,308.41,21.59,,,SKIPPED,PERIOD_NOT_OPENED
SH006,REC-SH006-202604-0346,2026-04-30,330.00,308.41,21.59,,,SKIPPED,PERIOD_NOT_OPENED
SH024,REC-SH024-202604-0164,2026-04-30,1130.00,1056.07,73.93,,,SKIPPED,PERIOD_NOT_OPENED
SH025,REC-SH025-202604-0197,2026-04-30,160.00,149.53,10.47,,,SKIPPED,PERIOD_NOT_OPENED
SH001,REC-SH001-202604-0286,2026-04-30,160.00,149.53,10.47,,,SKIPPED,PERIOD_NOT_OPENED
SH025,REC-SH025-202604-0198,2026-04-30,60.00,56.07,3.93,,,SKIPPED,PERIOD_NOT_OPENED
SH028,REC-SH028-202604-0077,2026-04-30,1620.00,1514.02,105.98,,,SKIPPED,PERIOD_NOT_OPENED
SH001,REC-SH001-202604-0287,2026-04-30,1750.00,1635.51,114.49,,,SKIPPED,PERIOD_NOT_OPENED
SH028,REC-SH028-202604-0078,2026-04-30,160.00,149.53,10.47,,,SKIPPED,PERIOD_NOT_OPENED
SH012,REC-SH012-202604-0228,2026-04-30,310.00,289.72,20.28,,,SKIPPED,PERIOD_NOT_OPENED
SH006,REC-SH006-202604-0347,2026-04-30,60.00,56.07,3.93,,,SKIPPED,PERIOD_NOT_OPENED
SH010,REC-SH010-202604-0311,2026-04-30,1230.00,1149.53,80.47,,,SKIPPED,PERIOD_NOT_OPENED
SH026,REC-SH026-202604-0243,2026-04-30,320.00,299.07,20.93,,,SKIPPED,PERIOD_NOT_OPENED
SH026,REC-SH026-202604-0244,2026-04-30,120.00,112.15,7.85,,,SKIPPED,PERIOD_NOT_OPENED
SH012,REC-SH012-202604-0229,2026-04-30,1680.00,1570.09,109.91,,,SKIPPED,PERIOD_NOT_OPENED
SH024,REC-SH024-202604-0165,2026-04-30,160.00,149.53,10.47,,,SKIPPED,PERIOD_NOT_OPENED
SH006,REC-SH006-202604-0348,2026-04-30,700.00,654.21,45.79,,,SKIPPED,PERIOD_NOT_OPENED
SH012,REC-SH012-202604-0230,2026-04-30,160.00,149.53,10.47,,,SKIPPED,PERIOD_NOT_OPENED
SH001,REC-SH001-202604-0288,2026-04-30,500.00,467.29,32.71,,,SKIPPED,PERIOD_NOT_OPENED
SH010,REC-SH010-202604-0312,2026-04-30,120.00,112.15,7.85,,,SKIPPED,PERIOD_NOT_OPENED
SH010,REC-SH010-202604-0313,2026-04-30,460.00,429.91,30.09,,,SKIPPED,PERIOD_NOT_OPENED
SH025,REC-SH025-202604-0199,2026-04-30,80.00,74.77,5.23,,,SKIPPED,PERIOD_NOT_OPENED
SH006,REC-SH006-202604-0349,2026-04-30,120.00,112.15,7.85,,,SKIPPED,PERIOD_NOT_OPENED
SH012,REC-SH012-202604-0231,2026-04-30,460.00,429.91,30.09,,,SKIPPED,PERIOD_NOT_OPENED
SH001,REC-SH001-202604-0289,2026-04-30,1960.00,1831.78,128.22,,,SKIPPED,PERIOD_NOT_OPENED
SH006,REC-SH006-202604-0350,2026-04-30,580.00,542.06,37.94,,,SKIPPED,PERIOD_NOT_OPENED
SH001,REC-SH001-202604-0290,2026-04-30,1750.00,1635.51,114.49,,,SKIPPED,PERIOD_NOT_OPENED
SH006,REC-SH006-202604-0351,2026-04-30,2400.00,2242.99,157.01,,,SKIPPED,PERIOD_NOT_OPENED
SH006,REC-SH006-202604-0352,2026-04-30,330.00,308.41,21.59,,,SKIPPED,PERIOD_NOT_OPENED
SH030,REC-SH030-202604-0028,2026-04-30,2460.00,2299.07,160.93,,,SKIPPED,PERIOD_NOT_OPENED
SH006,REC-SH006-202604-0353,2026-04-30,450.00,420.56,29.44,,,SKIPPED,PERIOD_NOT_OPENED
SH025,REC-SH025-202604-0200,2026-04-30,160.00,149.53,10.47,,,SKIPPED,PERIOD_NOT_OPENED
SH010,REC-SH010-202604-0314,2026-04-30,330.00,308.41,21.59,,,SKIPPED,PERIOD_NOT_OPENED
SH006,REC-SH006-202604-0354,2026-04-30,80.00,74.77,5.23,,,SKIPPED,PERIOD_NOT_OPENED
SH010,REC-SH010-202604-0315,2026-04-30,1280.00,1196.26,83.74,,,SKIPPED,PERIOD_NOT_OPENED
SH001,REC-SH001-202604-0291,2026-04-30,1380.00,1289.72,90.28,,,SKIPPED,PERIOD_NOT_OPENED
SH028,REC-SH028-202604-0079,2026-04-30,650.00,607.48,42.52,,,SKIPPED,PERIOD_NOT_OPENED
SH006,REC-SH006-202604-0355,2026-04-30,700.00,654.21,45.79,,,SKIPPED,PERIOD_NOT_OPENED
SH012,REC-SH012-202604-0232,2026-04-30,120.00,112.15,7.85,,,SKIPPED,PERIOD_NOT_OPENED
SH010,REC-SH010-202604-0316,2026-04-30,200.00,186.92,13.08,,,SKIPPED,PERIOD_NOT_OPENED
SH025,REC-SH025-202604-0201,2026-04-30,160.00,149.53,10.47,,,SKIPPED,PERIOD_NOT_OPENED
SH006,REC-SH006-202604-0356,2026-04-30,80.00,74.77,5.23,,,SKIPPED,PERIOD_NOT_OPENED
SH006,REC-SH006-202604-0357,2026-04-30,580.00,542.06,37.94,,,SKIPPED,PERIOD_NOT_OPENED
SH006,REC-SH006-202604-0358,2026-04-30,450.00,420.56,29.44,,,SKIPPED,PERIOD_NOT_OPENED
SH025,REC-SH025-202604-0202,2026-04-30,80.00,74.77,5.23,,,SKIPPED,PERIOD_NOT_OPENED
SH006,REC-SH006-202604-0359,2026-04-30,480.00,448.60,31.40,,,SKIPPED,PERIOD_NOT_OPENED
SH006,REC-SH006-202604-0360,2026-04-30,160.00,149.53,10.47,,,SKIPPED,PERIOD_NOT_OPENED
SH006,REC-SH006-202604-0361,2026-04-30,160.00,149.53,10.47,,,SKIPPED,PERIOD_NOT_OPENED
SH025,REC-SH025-202604-0203,2026-04-30,160.00,149.53,10.47,,,SKIPPED,PERIOD_NOT_OPENED
SH026,REC-SH026-202604-0245,2026-04-30,80.00,74.77,5.23,,,SKIPPED,PERIOD_NOT_OPENED
SH010,REC-SH010-202604-0317,2026-04-30,330.00,308.41,21.59,,,SKIPPED,PERIOD_NOT_OPENED
SH006,REC-SH006-202604-0362,2026-04-30,80.00,74.77,5.23,,,SKIPPED,PERIOD_NOT_OPENED
SH006,REC-SH006-202604-0363,2026-04-30,120.00,112.15,7.85,,,SKIPPED,PERIOD_NOT_OPENED
SH024,REC-SH024-202604-0166,2026-04-30,120.00,112.15,7.85,,,SKIPPED,PERIOD_NOT_OPENED
SH025,REC-SH025-202604-0204,2026-04-30,240.00,224.30,15.70,,,SKIPPED,PERIOD_NOT_OPENED
