Branch,ReceiptNo,SaleDate,Gross,CalculatedNet,CalculatedVAT,COGS,Tender,Status,SkipReason
SH010,REC-SH010-202602-0001,2026-02-01,2040.00,1906.54,133.46,,,SKIPPED,PERIOD_NOT_OPENED
SH028,REC-SH028-202602-0001,2026-02-01,160.00,149.53,10.47,,,SKIPPED,PERIOD_NOT_OPENED
SH012,REC-SH012-202602-0001,2026-02-01,380.00,355.14,24.86,,,SKIPPED,PERIOD_NOT_OPENED
SH012,REC-SH012-202602-0002,2026-02-01,80.00,74.77,5.23,,,SKIPPED,PERIOD_NOT_OPENED
SH024,REC-SH024-202602-0001,2026-02-01,370.00,345.79,24.21,,,SKIPPED,PERIOD_NOT_OPENED
SH006,REC-SH006-202602-0001,2026-02-01,580.00,542.06,37.94,,,SKIPPED,PERIOD_NOT_OPENED
SH010,REC-SH010-202602-0002,2026-02-01,1380.00,1289.72,90.28,,,SKIPPED,PERIOD_NOT_OPENED
SH006,REC-SH006-202602-0002,2026-02-01,470.00,439.25,30.75,,,SKIPPED,PERIOD_NOT_OPENED
SH006,REC-SH006-202602-0003,2026-02-01,60.00,56.07,3.93,,,SKIPPED,PERIOD_NOT_OPENED
SH006,REC-SH006-202602-0004,2026-02-01,160.00,149.53,10.47,,,SKIPPED,PERIOD_NOT_OPENED
SH001,REC-SH001-202602-0001,2026-02-01,1560.00,1457.94,102.06,,,SKIPPED,PERIOD_NOT_OPENED
SH010,REC-SH010-202602-0003,2026-02-01,2760.00,2579.44,180.56,,,SKIPPED,PERIOD_NOT_OPENED
SH026,REC-SH026-202602-0001,2026-02-01,280.00,261.68,18.32,,,SKIPPED,PERIOD_NOT_OPENED
SH028,REC-SH028-202602-0002,2026-02-01,2830.00,2644.86,185.14,,,SKIPPED,PERIOD_NOT_OPENED
SH001,REC-SH001-202602-0002,2026-02-01,330.00,308.41,21.59,,,SKIPPED,PERIOD_NOT_OPENED
SH012,REC-SH012-202602-0003,2026-02-01,240.00,224.30,15.70,,,SKIPPED,PERIOD_NOT_OPENED
SH012,REC-SH012-202602-0004,2026-02-01,160.00,149.53,10.47,,,SKIPPED,PERIOD_NOT_OPENED
SH012,REC-SH012-202602-0005,2026-02-01,100.00,93.46,6.54,,,SKIPPED,PERIOD_NOT_OPENED
SH012,REC-SH012-202602-0006,2026-02-01,3950.00,3691.59,258.41,,,SKIPPED,PERIOD_NOT_OPENED
SH026,REC-SH026-202602-0002,2026-02-01,120.00,112.15,7.85,,,SKIPPED,PERIOD_NOT_OPENED
SH006,REC-SH006-202602-0005,2026-02-01,360.00,336.45,23.55,,,SKIPPED,PERIOD_NOT_OPENED
SH026,REC-SH026-202602-0003,2026-02-01,330.00,308.41,21.59,,,SKIPPED,PERIOD_NOT_OPENED
SH006,REC-SH006-202602-0006,2026-02-01,60.00,56.07,3.93,,,SKIPPED,PERIOD_NOT_OPENED
SH025,REC-SH025-202602-0001,2026-02-01,240.00,224.30,15.70,,,SKIPPED,PERIOD_NOT_OPENED
SH001,REC-SH001-202602-0003,2026-02-01,460.00,429.91,30.09,,,SKIPPED,PERIOD_NOT_OPENED
SH024,REC-SH024-202602-0002,2026-02-01,80.00,74.77,5.23,,,SKIPPED,PERIOD_NOT_OPENED
SH024,REC-SH024-202602-0003,2026-02-01,240.00,224.30,15.70,,,SKIPPED,PERIOD_NOT_OPENED
SH025,REC-SH025-202602-0002,2026-02-01,480.00,448.60,31.40,,,SKIPPED,PERIOD_NOT_OPENED
SH006,REC-SH006-202602-0007,2026-02-01,80.00,74.77,5.23,,,SKIPPED,PERIOD_NOT_OPENED
SH001,REC-SH001-202602-0004,2026-02-01,460.00,429.91,30.09,,,SKIPPED,PERIOD_NOT_OPENED
SH006,REC-SH006-202602-0008,2026-02-01,80.00,74.77,5.23,,,SKIPPED,PERIOD_NOT_OPENED
SH006,REC-SH006-202602-0009,2026-02-01,330.00,308.41,21.59,,,SKIPPED,PERIOD_NOT_OPENED
SH006,REC-SH006-202602-0010,2026-02-01,325.00,303.74,21.26,,,SKIPPED,PERIOD_NOT_OPENED
SH026,REC-SH026-202602-0004,2026-02-01,3070.00,2869.16,200.84,,,SKIPPED,PERIOD_NOT_OPENED
SH001,REC-SH001-202602-0005,2026-02-01,1580.00,1476.64,103.36,,,SKIPPED,PERIOD_NOT_OPENED
SH026,REC-SH026-202602-0005,2026-02-01,60.00,56.07,3.93,,,SKIPPED,PERIOD_NOT_OPENED
SH028,REC-SH028-202602-0003,2026-02-01,1580.00,1476.64,103.36,,,SKIPPED,PERIOD_NOT_OPENED
SH012,REC-SH012-202602-0007,2026-02-01,440.00,411.21,28.79,,,SKIPPED,PERIOD_NOT_OPENED
SH006,REC-SH006-202602-0011,2026-02-01,80.00,74.77,5.23,,,SKIPPED,PERIOD_NOT_OPENED
SH012,REC-SH012-202602-0008,2026-02-01,320.00,299.07,20.93,,,SKIPPED,PERIOD_NOT_OPENED
SH006,REC-SH006-202602-0012,2026-02-01,80.00,74.77,5.23,,,SKIPPED,PERIOD_NOT_OPENED
SH001,REC-SH001-202602-0006,2026-02-01,330.00,308.41,21.59,,,SKIPPED,PERIOD_NOT_OPENED
SH026,REC-SH026-202602-0006,2026-02-01,460.00,429.91,30.09,,,SKIPPED,PERIOD_NOT_OPENED
SH001,REC-SH001-202602-0007,2026-02-01,1560.00,1457.94,102.06,,,SKIPPED,PERIOD_NOT_OPENED
SH006,REC-SH006-202602-0013,2026-02-01,600.00,560.75,39.25,,,SKIPPED,PERIOD_NOT_OPENED
SH012,REC-SH012-202602-0009,2026-02-01,410.00,383.18,26.82,,,SKIPPED,PERIOD_NOT_OPENED
SH012,REC-SH012-202602-0010,2026-02-01,120.00,112.15,7.85,,,SKIPPED,PERIOD_NOT_OPENED
SH025,REC-SH025-202602-0003,2026-02-01,380.00,355.14,24.86,,,SKIPPED,PERIOD_NOT_OPENED
SH001,REC-SH001-202602-0008,2026-02-01,1230.00,1149.53,80.47,,,SKIPPED,PERIOD_NOT_OPENED
SH026,REC-SH026-202602-0007,2026-02-01,120.00,112.15,7.85,,,SKIPPED,PERIOD_NOT_OPENED
SH001,REC-SH001-202602-0009,2026-02-01,1250.00,1168.22,81.78,,,SKIPPED,PERIOD_NOT_OPENED
SH012,REC-SH012-202602-0011,2026-02-01,1360.00,1271.03,88.97,,,SKIPPED,PERIOD_NOT_OPENED
SH012,REC-SH012-202602-0012,2026-02-01,80.00,74.77,5.23,,,SKIPPED,PERIOD_NOT_OPENED
SH006,REC-SH006-202602-0014,2026-02-01,120.00,112.15,7.85,,,SKIPPED,PERIOD_NOT_OPENED
SH025,REC-SH025-202602-0004,2026-02-01,80.00,74.77,5.23,,,SKIPPED,PERIOD_NOT_OPENED
SH025,REC-SH025-202602-0005,2026-02-01,100.00,93.46,6.54,,,SKIPPED,PERIOD_NOT_OPENED
SH012,REC-SH012-202602-0013,2026-02-01,80.00,74.77,5.23,,,SKIPPED,PERIOD_NOT_OPENED
SH026,REC-SH026-202602-0008,2026-02-01,120.00,112.15,7.85,,,SKIPPED,PERIOD_NOT_OPENED
SH025,REC-SH025-202602-0006,2026-02-01,1320.00,1233.64,86.36,,,SKIPPED,PERIOD_NOT_OPENED
SH028,REC-SH028-202602-0004,2026-02-01,2940.00,2747.66,192.34,,,SKIPPED,PERIOD_NOT_OPENED
SH006,REC-SH006-202602-0015,2026-02-01,310.00,289.72,20.28,,,SKIPPED,PERIOD_NOT_OPENED
SH012,REC-SH012-202602-0014,2026-02-01,180.00,168.22,11.78,,,SKIPPED,PERIOD_NOT_OPENED
SH024,REC-SH024-202602-0004,2026-02-01,120.00,112.15,7.85,,,SKIPPED,PERIOD_NOT_OPENED
SH026,REC-SH026-202602-0009,2026-02-01,330.00,308.41,21.59,,,SKIPPED,PERIOD_NOT_OPENED
SH006,REC-SH006-202602-0016,2026-02-01,120.00,112.15,7.85,,,SKIPPED,PERIOD_NOT_OPENED
SH025,REC-SH025-202602-0007,2026-02-01,160.00,149.53,10.47,,,SKIPPED,PERIOD_NOT_OPENED
SH025,REC-SH025-202602-0008,2026-02-01,325.00,303.74,21.26,,,SKIPPED,PERIOD_NOT_OPENED
SH026,REC-SH026-202602-0010,2026-02-01,80.00,74.77,5.23,,,SKIPPED,PERIOD_NOT_OPENED
SH010,REC-SH010-202602-0004,2026-02-01,1230.00,1149.53,80.47,,,SKIPPED,PERIOD_NOT_OPENED
SH010,REC-SH010-202602-0005,2026-02-01,280.00,261.68,18.32,,,SKIPPED,PERIOD_NOT_OPENED
SH010,REC-SH010-202602-0006,2026-02-01,80.00,74.77,5.23,,,SKIPPED,PERIOD_NOT_OPENED
SH006,REC-SH006-202602-0017,2026-02-01,320.00,299.07,20.93,,,SKIPPED,PERIOD_NOT_OPENED
SH006,REC-SH006-202602-0018,2026-02-01,160.00,149.53,10.47,,,SKIPPED,PERIOD_NOT_OPENED
SH012,REC-SH012-202602-0015,2026-02-01,80.00,74.77,5.23,,,SKIPPED,PERIOD_NOT_OPENED
SH012,REC-SH012-202602-0016,2026-02-01,680.00,635.51,44.49,,,SKIPPED,PERIOD_NOT_OPENED
SH006,REC-SH006-202602-0019,2026-02-01,160.00,149.53,10.47,,,SKIPPED,PERIOD_NOT_OPENED
SH010,REC-SH010-202602-0007,2026-02-01,2460.00,2299.07,160.93,,,SKIPPED,PERIOD_NOT_OPENED
SH012,REC-SH012-202602-0017,2026-02-01,1320.00,1233.64,86.36,,,SKIPPED,PERIOD_NOT_OPENED
SH012,REC-SH012-202602-0018,2026-02-01,80.00,74.77,5.23,,,SKIPPED,PERIOD_NOT_OPENED
SH025,REC-SH025-202602-0009,2026-02-01,240.00,224.30,15.70,,,SKIPPED,PERIOD_NOT_OPENED
SH006,REC-SH006-202602-0020,2026-02-01,440.00,411.21,28.79,,,SKIPPED,PERIOD_NOT_OPENED
SH006,REC-SH006-202602-0021,2026-02-01,700.00,654.21,45.79,,,SKIPPED,PERIOD_NOT_OPENED
SH010,REC-SH010-202602-0008,2026-02-01,160.00,149.53,10.47,,,SKIPPED,PERIOD_NOT_OPENED
SH010,REC-SH010-202602-0009,2026-02-01,160.00,149.53,10.47,,,SKIPPED,PERIOD_NOT_OPENED
SH012,REC-SH012-202602-0019,2026-02-01,280.00,261.68,18.32,,,SKIPPED,PERIOD_NOT_OPENED
SH028,REC-SH028-202602-0005,2026-02-01,80.00,74.77,5.23,,,SKIPPED,PERIOD_NOT_OPENED
SH006,REC-SH006-202602-0022,2026-02-01,240.00,224.30,15.70,,,SKIPPED,PERIOD_NOT_OPENED
SH025,REC-SH025-202602-0010,2026-02-01,380.00,355.14,24.86,,,SKIPPED,PERIOD_NOT_OPENED
SH024,REC-SH024-202602-0005,2026-02-01,450.00,420.56,29.44,,,SKIPPED,PERIOD_NOT_OPENED
SH024,REC-SH024-202602-0006,2026-02-01,80.00,74.77,5.23,,,SKIPPED,PERIOD_NOT_OPENED
SH024,REC-SH024-202602-0007,2026-02-01,240.00,224.30,15.70,,,SKIPPED,PERIOD_NOT_OPENED
SH006,REC-SH006-202602-0023,2026-02-02,240.00,224.30,15.70,,,SKIPPED,PERIOD_NOT_OPENED
SH028,REC-SH028-202602-0006,2026-02-02,330.00,308.41,21.59,,,SKIPPED,PERIOD_NOT_OPENED
SH010,REC-SH010-202602-0010,2026-02-02,80.00,74.77,5.23,,,SKIPPED,PERIOD_NOT_OPENED
SH010,REC-SH010-202602-0011,2026-02-02,460.00,429.91,30.09,,,SKIPPED,PERIOD_NOT_OPENED
SH028,REC-SH028-202602-0007,2026-02-02,1580.00,1476.64,103.36,,,SKIPPED,PERIOD_NOT_OPENED
SH006,REC-SH006-202602-0024,2026-02-02,160.00,149.53,10.47,,,SKIPPED,PERIOD_NOT_OPENED
SH006,REC-SH006-202602-0025,2026-02-02,580.00,542.06,37.94,,,SKIPPED,PERIOD_NOT_OPENED
SH026,REC-SH026-202602-0011,2026-02-02,240.00,224.30,15.70,,,SKIPPED,PERIOD_NOT_OPENED
SH010,REC-SH010-202602-0012,2026-02-02,1560.00,1457.94,102.06,,,SKIPPED,PERIOD_NOT_OPENED
SH001,REC-SH001-202602-0010,2026-02-02,2500.00,2336.45,163.55,,,SKIPPED,PERIOD_NOT_OPENED
SH010,REC-SH010-202602-0013,2026-02-02,180.00,168.22,11.78,,,SKIPPED,PERIOD_NOT_OPENED
SH026,REC-SH026-202602-0012,2026-02-02,120.00,112.15,7.85,,,SKIPPED,PERIOD_NOT_OPENED
SH024,REC-SH024-202602-0008,2026-02-02,1970.00,1841.12,128.88,,,SKIPPED,PERIOD_NOT_OPENED
SH024,REC-SH024-202602-0009,2026-02-02,320.00,299.07,20.93,,,SKIPPED,PERIOD_NOT_OPENED
SH025,REC-SH025-202602-0011,2026-02-02,120.00,112.15,7.85,,,SKIPPED,PERIOD_NOT_OPENED
SH001,REC-SH001-202602-0011,2026-02-02,240.00,224.30,15.70,,,SKIPPED,PERIOD_NOT_OPENED
SH026,REC-SH026-202602-0013,2026-02-02,120.00,112.15,7.85,,,SKIPPED,PERIOD_NOT_OPENED
SH025,REC-SH025-202602-0012,2026-02-02,80.00,74.77,5.23,,,SKIPPED,PERIOD_NOT_OPENED
SH025,REC-SH025-202602-0013,2026-02-02,60.00,56.07,3.93,,,SKIPPED,PERIOD_NOT_OPENED
SH006,REC-SH006-202602-0026,2026-02-02,1780.00,1663.55,116.45,,,SKIPPED,PERIOD_NOT_OPENED
SH006,REC-SH006-202602-0027,2026-02-02,130.00,121.50,8.50,,,SKIPPED,PERIOD_NOT_OPENED
SH006,REC-SH006-202602-0028,2026-02-02,60.00,56.07,3.93,,,SKIPPED,PERIOD_NOT_OPENED
SH001,REC-SH001-202602-0012,2026-02-02,220.00,205.61,14.39,,,SKIPPED,PERIOD_NOT_OPENED
SH006,REC-SH006-202602-0029,2026-02-02,160.00,149.53,10.47,,,SKIPPED,PERIOD_NOT_OPENED
SH006,REC-SH006-202602-0030,2026-02-02,240.00,224.30,15.70,,,SKIPPED,PERIOD_NOT_OPENED
SH006,REC-SH006-202602-0031,2026-02-02,580.00,542.06,37.94,,,SKIPPED,PERIOD_NOT_OPENED
SH010,REC-SH010-202602-0014,2026-02-02,120.00,112.15,7.85,,,SKIPPED,PERIOD_NOT_OPENED
SH012,REC-SH012-202602-0020,2026-02-02,240.00,224.30,15.70,,,SKIPPED,PERIOD_NOT_OPENED
SH001,REC-SH001-202602-0013,2026-02-02,1880.00,1757.01,122.99,,,SKIPPED,PERIOD_NOT_OPENED
SH010,REC-SH010-202602-0015,2026-02-02,80.00,74.77,5.23,,,SKIPPED,PERIOD_NOT_OPENED
SH012,REC-SH012-202602-0021,2026-02-02,1920.00,1794.39,125.61,,,SKIPPED,PERIOD_NOT_OPENED
SH026,REC-SH026-202602-0014,2026-02-02,660.00,616.82,43.18,,,SKIPPED,PERIOD_NOT_OPENED
SH026,REC-SH026-202602-0015,2026-02-02,80.00,74.77,5.23,,,SKIPPED,PERIOD_NOT_OPENED
SH006,REC-SH006-202602-0032,2026-02-02,240.00,224.30,15.70,,,SKIPPED,PERIOD_NOT_OPENED
SH012,REC-SH012-202602-0022,2026-02-02,7500.00,7009.35,490.65,,,SKIPPED,PERIOD_NOT_OPENED
SH010,REC-SH010-202602-0016,2026-02-02,330.00,308.41,21.59,,,SKIPPED,PERIOD_NOT_OPENED
SH010,REC-SH010-202602-0017,2026-02-02,120.00,112.15,7.85,,,SKIPPED,PERIOD_NOT_OPENED
SH026,REC-SH026-202602-0016,2026-02-02,330.00,308.41,21.59,,,SKIPPED,PERIOD_NOT_OPENED
SH001,REC-SH001-202602-0014,2026-02-02,320.00,299.07,20.93,,,SKIPPED,PERIOD_NOT_OPENED
SH025,REC-SH025-202602-0014,2026-02-02,1320.00,1233.64,86.36,,,SKIPPED,PERIOD_NOT_OPENED
SH012,REC-SH012-202602-0023,2026-02-02,180.00,168.22,11.78,,,SKIPPED,PERIOD_NOT_OPENED
SH025,REC-SH025-202602-0015,2026-02-02,80.00,74.77,5.23,,,SKIPPED,PERIOD_NOT_OPENED
SH026,REC-SH026-202602-0017,2026-02-02,120.00,112.15,7.85,,,SKIPPED,PERIOD_NOT_OPENED
SH028,REC-SH028-202602-0008,2026-02-02,330.00,308.41,21.59,,,SKIPPED,PERIOD_NOT_OPENED
SH001,REC-SH001-202602-0015,2026-02-02,1380.00,1289.72,90.28,,,SKIPPED,PERIOD_NOT_OPENED
SH026,REC-SH026-202602-0018,2026-02-02,240.00,224.30,15.70,,,SKIPPED,PERIOD_NOT_OPENED
SH025,REC-SH025-202602-0016,2026-02-02,280.00,261.68,18.32,,,SKIPPED,PERIOD_NOT_OPENED
SH010,REC-SH010-202602-0018,2026-02-02,160.00,149.53,10.47,,,SKIPPED,PERIOD_NOT_OPENED
SH010,REC-SH010-202602-0019,2026-02-02,160.00,149.53,10.47,,,SKIPPED,PERIOD_NOT_OPENED
SH006,REC-SH006-202602-0033,2026-02-02,650.00,607.48,42.52,,,SKIPPED,PERIOD_NOT_OPENED
SH025,REC-SH025-202602-0017,2026-02-02,380.00,355.14,24.86,,,SKIPPED,PERIOD_NOT_OPENED
SH024,REC-SH024-202602-0010,2026-02-02,1510.00,1411.21,98.79,,,SKIPPED,PERIOD_NOT_OPENED
SH010,REC-SH010-202602-0020,2026-02-02,120.00,112.15,7.85,,,SKIPPED,PERIOD_NOT_OPENED
SH010,REC-SH010-202602-0021,2026-02-02,200.00,186.92,13.08,,,SKIPPED,PERIOD_NOT_OPENED
SH001,REC-SH001-202602-0016,2026-02-02,140.00,130.84,9.16,,,SKIPPED,PERIOD_NOT_OPENED
SH001,REC-SH001-202602-0017,2026-02-02,440.00,411.21,28.79,,,SKIPPED,PERIOD_NOT_OPENED
SH010,REC-SH010-202602-0022,2026-02-02,1380.00,1289.72,90.28,,,SKIPPED,PERIOD_NOT_OPENED
SH010,REC-SH010-202602-0023,2026-02-02,2460.00,2299.07,160.93,,,SKIPPED,PERIOD_NOT_OPENED
SH010,REC-SH010-202602-0024,2026-02-02,160.00,149.53,10.47,,,SKIPPED,PERIOD_NOT_OPENED
SH001,REC-SH001-202602-0018,2026-02-03,320.00,299.07,20.93,,,SKIPPED,PERIOD_NOT_OPENED
SH012,REC-SH012-202602-0024,2026-02-03,200.00,186.92,13.08,,,SKIPPED,PERIOD_NOT_OPENED
SH012,REC-SH012-202602-0025,2026-02-03,920.00,859.81,60.19,,,SKIPPED,PERIOD_NOT_OPENED
SH026,REC-SH026-202602-0019,2026-02-03,160.00,149.53,10.47,,,SKIPPED,PERIOD_NOT_OPENED
SH012,REC-SH012-202602-0026,2026-02-03,120.00,112.15,7.85,,,SKIPPED,PERIOD_NOT_OPENED
SH026,REC-SH026-202602-0020,2026-02-03,1230.00,1149.53,80.47,,,SKIPPED,PERIOD_NOT_OPENED
SH012,REC-SH012-202602-0027,2026-02-03,580.00,542.06,37.94,,,SKIPPED,PERIOD_NOT_OPENED
SH028,REC-SH028-202602-0009,2026-02-03,330.00,308.41,21.59,,,SKIPPED,PERIOD_NOT_OPENED
SH025,REC-SH025-202602-0018,2026-02-03,1560.00,1457.94,102.06,,,SKIPPED,PERIOD_NOT_OPENED
SH010,REC-SH010-202602-0025,2026-02-03,80.00,74.77,5.23,,,SKIPPED,PERIOD_NOT_OPENED
SH010,REC-SH010-202602-0026,2026-02-03,330.00,308.41,21.59,,,SKIPPED,PERIOD_NOT_OPENED
SH012,REC-SH012-202602-0028,2026-02-03,190.00,177.57,12.43,,,SKIPPED,PERIOD_NOT_OPENED
SH026,REC-SH026-202602-0021,2026-02-03,80.00,74.77,5.23,,,SKIPPED,PERIOD_NOT_OPENED
SH006,REC-SH006-202602-0034,2026-02-03,60.00,56.07,3.93,,,SKIPPED,PERIOD_NOT_OPENED
SH025,REC-SH025-202602-0019,2026-02-03,160.00,149.53,10.47,,,SKIPPED,PERIOD_NOT_OPENED
SH024,REC-SH024-202602-0011,2026-02-03,80.00,74.77,5.23,,,SKIPPED,PERIOD_NOT_OPENED
SH024,REC-SH024-202602-0012,2026-02-03,120.00,112.15,7.85,,,SKIPPED,PERIOD_NOT_OPENED
SH024,REC-SH024-202602-0013,2026-02-03,280.00,261.68,18.32,,,SKIPPED,PERIOD_NOT_OPENED
SH012,REC-SH012-202602-0029,2026-02-03,820.00,766.36,53.64,,,SKIPPED,PERIOD_NOT_OPENED
SH028,REC-SH028-202602-0010,2026-02-03,80.00,74.77,5.23,,,SKIPPED,PERIOD_NOT_OPENED
SH025,REC-SH025-202602-0020,2026-02-03,240.00,224.30,15.70,,,SKIPPED,PERIOD_NOT_OPENED
SH026,REC-SH026-202602-0022,2026-02-03,2460.00,2299.07,160.93,,,SKIPPED,PERIOD_NOT_OPENED
SH001,REC-SH001-202602-0019,2026-02-03,1580.00,1476.64,103.36,,,SKIPPED,PERIOD_NOT_OPENED
SH010,REC-SH010-202602-0027,2026-02-03,1560.00,1457.94,102.06,,,SKIPPED,PERIOD_NOT_OPENED
SH026,REC-SH026-202602-0023,2026-02-03,330.00,308.41,21.59,,,SKIPPED,PERIOD_NOT_OPENED
SH006,REC-SH006-202602-0035,2026-02-03,580.00,542.06,37.94,,,SKIPPED,PERIOD_NOT_OPENED
SH010,REC-SH010-202602-0028,2026-02-03,160.00,149.53,10.47,,,SKIPPED,PERIOD_NOT_OPENED
SH025,REC-SH025-202602-0021,2026-02-03,720.00,672.90,47.10,,,SKIPPED,PERIOD_NOT_OPENED
SH026,REC-SH026-202602-0024,2026-02-03,120.00,112.15,7.85,,,SKIPPED,PERIOD_NOT_OPENED
SH001,REC-SH001-202602-0020,2026-02-03,240.00,224.30,15.70,,,SKIPPED,PERIOD_NOT_OPENED
SH010,REC-SH010-202602-0029,2026-02-03,330.00,308.41,21.59,,,SKIPPED,PERIOD_NOT_OPENED
SH026,REC-SH026-202602-0025,2026-02-03,80.00,74.77,5.23,,,SKIPPED,PERIOD_NOT_OPENED
SH026,REC-SH026-202602-0026,2026-02-03,200.00,186.92,13.08,,,SKIPPED,PERIOD_NOT_OPENED
SH006,REC-SH006-202602-0036,2026-02-03,580.00,542.06,37.94,,,SKIPPED,PERIOD_NOT_OPENED
SH025,REC-SH025-202602-0022,2026-02-03,80.00,74.77,5.23,,,SKIPPED,PERIOD_NOT_OPENED
SH006,REC-SH006-202602-0037,2026-02-03,120.00,112.15,7.85,,,SKIPPED,PERIOD_NOT_OPENED
SH025,REC-SH025-202602-0023,2026-02-03,160.00,149.53,10.47,,,SKIPPED,PERIOD_NOT_OPENED
SH025,REC-SH025-202602-0024,2026-02-03,120.00,112.15,7.85,,,SKIPPED,PERIOD_NOT_OPENED
SH010,REC-SH010-202602-0030,2026-02-03,325.00,303.74,21.26,,,SKIPPED,PERIOD_NOT_OPENED
SH012,REC-SH012-202602-0030,2026-02-03,460.00,429.91,30.09,,,SKIPPED,PERIOD_NOT_OPENED
SH010,REC-SH010-202602-0031,2026-02-03,660.00,616.82,43.18,,,SKIPPED,PERIOD_NOT_OPENED
SH026,REC-SH026-202602-0027,2026-02-03,120.00,112.15,7.85,,,SKIPPED,PERIOD_NOT_OPENED
SH030,REC-SH030-202602-0001,2026-02-03,80.00,74.77,5.23,,,SKIPPED,PERIOD_NOT_OPENED
SH025,REC-SH025-202602-0025,2026-02-03,80.00,74.77,5.23,,,SKIPPED,PERIOD_NOT_OPENED
SH006,REC-SH006-202602-0038,2026-02-03,540.00,504.67,35.33,,,SKIPPED,PERIOD_NOT_OPENED
SH001,REC-SH001-202602-0021,2026-02-03,1230.00,1149.53,80.47,,,SKIPPED,PERIOD_NOT_OPENED
SH024,REC-SH024-202602-0014,2026-02-03,400.00,373.83,26.17,,,SKIPPED,PERIOD_NOT_OPENED
SH001,REC-SH001-202602-0022,2026-02-03,1560.00,1457.94,102.06,,,SKIPPED,PERIOD_NOT_OPENED
SH010,REC-SH010-202602-0032,2026-02-03,80.00,74.77,5.23,,,SKIPPED,PERIOD_NOT_OPENED
SH006,REC-SH006-202602-0039,2026-02-03,160.00,149.53,10.47,,,SKIPPED,PERIOD_NOT_OPENED
SH012,REC-SH012-202602-0031,2026-02-03,640.00,598.13,41.87,,,SKIPPED,PERIOD_NOT_OPENED
SH026,REC-SH026-202602-0028,2026-02-03,160.00,149.53,10.47,,,SKIPPED,PERIOD_NOT_OPENED
SH012,REC-SH012-202602-0032,2026-02-03,2460.00,2299.07,160.93,,,SKIPPED,PERIOD_NOT_OPENED
SH012,REC-SH012-202602-0033,2026-02-03,330.00,308.41,21.59,,,SKIPPED,PERIOD_NOT_OPENED
SH010,REC-SH010-202602-0033,2026-02-03,330.00,308.41,21.59,,,SKIPPED,PERIOD_NOT_OPENED
SH025,REC-SH025-202602-0026,2026-02-03,660.00,616.82,43.18,,,SKIPPED,PERIOD_NOT_OPENED
SH025,REC-SH025-202602-0027,2026-02-03,80.00,74.77,5.23,,,SKIPPED,PERIOD_NOT_OPENED
SH006,REC-SH006-202602-0040,2026-02-03,240.00,224.30,15.70,,,SKIPPED,PERIOD_NOT_OPENED
SH006,REC-SH006-202602-0041,2026-02-03,330.00,308.41,21.59,,,SKIPPED,PERIOD_NOT_OPENED
SH012,REC-SH012-202602-0034,2026-02-03,80.00,74.77,5.23,,,SKIPPED,PERIOD_NOT_OPENED
SH026,REC-SH026-202602-0029,2026-02-03,1360.00,1271.03,88.97,,,SKIPPED,PERIOD_NOT_OPENED
SH012,REC-SH012-202602-0035,2026-02-03,240.00,224.30,15.70,,,SKIPPED,PERIOD_NOT_OPENED
SH006,REC-SH006-202602-0042,2026-02-03,600.00,560.75,39.25,,,SKIPPED,PERIOD_NOT_OPENED
SH024,REC-SH024-202602-0015,2026-02-03,680.00,635.51,44.49,,,SKIPPED,PERIOD_NOT_OPENED
SH001,REC-SH001-202602-0023,2026-02-03,80.00,74.77,5.23,,,SKIPPED,PERIOD_NOT_OPENED
SH001,REC-SH001-202602-0024,2026-02-03,120.00,112.15,7.85,,,SKIPPED,PERIOD_NOT_OPENED
SH001,REC-SH001-202602-0025,2026-02-04,1380.00,1289.72,90.28,,,SKIPPED,PERIOD_NOT_OPENED
SH028,REC-SH028-202602-0011,2026-02-04,80.00,74.77,5.23,,,SKIPPED,PERIOD_NOT_OPENED
SH026,REC-SH026-202602-0030,2026-02-04,330.00,308.41,21.59,,,SKIPPED,PERIOD_NOT_OPENED
SH012,REC-SH012-202602-0036,2026-02-04,330.00,308.41,21.59,,,SKIPPED,PERIOD_NOT_OPENED
SH001,REC-SH001-202602-0026,2026-02-04,330.00,308.41,21.59,,,SKIPPED,PERIOD_NOT_OPENED
SH025,REC-SH025-202602-0028,2026-02-04,160.00,149.53,10.47,,,SKIPPED,PERIOD_NOT_OPENED
SH006,REC-SH006-202602-0043,2026-02-04,310.00,289.72,20.28,,,SKIPPED,PERIOD_NOT_OPENED
SH024,REC-SH024-202602-0016,2026-02-04,80.00,74.77,5.23,,,SKIPPED,PERIOD_NOT_OPENED
SH006,REC-SH006-202602-0044,2026-02-04,350.00,327.10,22.90,,,SKIPPED,PERIOD_NOT_OPENED
SH024,REC-SH024-202602-0017,2026-02-04,60.00,56.07,3.93,,,SKIPPED,PERIOD_NOT_OPENED
SH006,REC-SH006-202602-0045,2026-02-04,330.00,308.41,21.59,,,SKIPPED,PERIOD_NOT_OPENED
SH024,REC-SH024-202602-0018,2026-02-04,120.00,112.15,7.85,,,SKIPPED,PERIOD_NOT_OPENED
SH012,REC-SH012-202602-0037,2026-02-04,400.00,373.83,26.17,,,SKIPPED,PERIOD_NOT_OPENED
SH026,REC-SH026-202602-0031,2026-02-04,120.00,112.15,7.85,,,SKIPPED,PERIOD_NOT_OPENED
SH026,REC-SH026-202602-0032,2026-02-04,240.00,224.30,15.70,,,SKIPPED,PERIOD_NOT_OPENED
SH010,REC-SH010-202602-0034,2026-02-04,410.00,383.18,26.82,,,SKIPPED,PERIOD_NOT_OPENED
SH025,REC-SH025-202602-0029,2026-02-04,380.00,355.14,24.86,,,SKIPPED,PERIOD_NOT_OPENED
SH010,REC-SH010-202602-0035,2026-02-04,80.00,74.77,5.23,,,SKIPPED,PERIOD_NOT_OPENED
SH010,REC-SH010-202602-0036,2026-02-04,120.00,112.15,7.85,,,SKIPPED,PERIOD_NOT_OPENED
SH006,REC-SH006-202602-0046,2026-02-04,80.00,74.77,5.23,,,SKIPPED,PERIOD_NOT_OPENED
SH025,REC-SH025-202602-0030,2026-02-04,240.00,224.30,15.70,,,SKIPPED,PERIOD_NOT_OPENED
SH025,REC-SH025-202602-0031,2026-02-04,160.00,149.53,10.47,,,SKIPPED,PERIOD_NOT_OPENED
SH026,REC-SH026-202602-0033,2026-02-04,640.00,598.13,41.87,,,SKIPPED,PERIOD_NOT_OPENED
SH006,REC-SH006-202602-0047,2026-02-04,120.00,112.15,7.85,,,SKIPPED,PERIOD_NOT_OPENED
SH012,REC-SH012-202602-0038,2026-02-04,330.00,308.41,21.59,,,SKIPPED,PERIOD_NOT_OPENED
SH012,REC-SH012-202602-0039,2026-02-04,580.00,542.06,37.94,,,SKIPPED,PERIOD_NOT_OPENED
SH006,REC-SH006-202602-0048,2026-02-04,480.00,448.60,31.40,,,SKIPPED,PERIOD_NOT_OPENED
SH026,REC-SH026-202602-0034,2026-02-04,780.00,728.97,51.03,,,SKIPPED,PERIOD_NOT_OPENED
SH026,REC-SH026-202602-0035,2026-02-04,1320.00,1233.64,86.36,,,SKIPPED,PERIOD_NOT_OPENED
SH012,REC-SH012-202602-0040,2026-02-04,80.00,74.77,5.23,,,SKIPPED,PERIOD_NOT_OPENED
SH006,REC-SH006-202602-0049,2026-02-04,80.00,74.77,5.23,,,SKIPPED,PERIOD_NOT_OPENED
SH006,REC-SH006-202602-0050,2026-02-04,1380.00,1289.72,90.28,,,SKIPPED,PERIOD_NOT_OPENED
SH012,REC-SH012-202602-0041,2026-02-04,160.00,149.53,10.47,,,SKIPPED,PERIOD_NOT_OPENED
SH006,REC-SH006-202602-0051,2026-02-04,580.00,542.06,37.94,,,SKIPPED,PERIOD_NOT_OPENED
SH001,REC-SH001-202602-0027,2026-02-04,60.00,56.07,3.93,,,SKIPPED,PERIOD_NOT_OPENED
SH001,REC-SH001-202602-0028,2026-02-04,130.00,121.50,8.50,,,SKIPPED,PERIOD_NOT_OPENED
SH006,REC-SH006-202602-0052,2026-02-04,80.00,74.77,5.23,,,SKIPPED,PERIOD_NOT_OPENED
SH025,REC-SH025-202602-0032,2026-02-04,160.00,149.53,10.47,,,SKIPPED,PERIOD_NOT_OPENED
SH010,REC-SH010-202602-0037,2026-02-04,80.00,74.77,5.23,,,SKIPPED,PERIOD_NOT_OPENED
SH025,REC-SH025-202602-0033,2026-02-04,80.00,74.77,5.23,,,SKIPPED,PERIOD_NOT_OPENED
SH010,REC-SH010-202602-0038,2026-02-04,80.00,74.77,5.23,,,SKIPPED,PERIOD_NOT_OPENED
SH030,REC-SH030-202602-0002,2026-02-04,240.00,224.30,15.70,,,SKIPPED,PERIOD_NOT_OPENED
SH028,REC-SH028-202602-0012,2026-02-04,220.00,205.61,14.39,,,SKIPPED,PERIOD_NOT_OPENED
SH025,REC-SH025-202602-0034,2026-02-04,1930.00,1803.74,126.26,,,SKIPPED,PERIOD_NOT_OPENED
SH025,REC-SH025-202602-0035,2026-02-04,460.00,429.91,30.09,,,SKIPPED,PERIOD_NOT_OPENED
SH006,REC-SH006-202602-0053,2026-02-04,700.00,654.21,45.79,,,SKIPPED,PERIOD_NOT_OPENED
SH001,REC-SH001-202602-0029,2026-02-04,1710.00,1598.13,111.87,,,SKIPPED,PERIOD_NOT_OPENED
SH024,REC-SH024-202602-0019,2026-02-04,920.00,859.81,60.19,,,SKIPPED,PERIOD_NOT_OPENED
SH001,REC-SH001-202602-0030,2026-02-04,650.00,607.48,42.52,,,SKIPPED,PERIOD_NOT_OPENED
SH026,REC-SH026-202602-0036,2026-02-04,120.00,112.15,7.85,,,SKIPPED,PERIOD_NOT_OPENED
SH006,REC-SH006-202602-0054,2026-02-04,80.00,74.77,5.23,,,SKIPPED,PERIOD_NOT_OPENED
SH025,REC-SH025-202602-0036,2026-02-04,500.00,467.29,32.71,,,SKIPPED,PERIOD_NOT_OPENED
SH024,REC-SH024-202602-0020,2026-02-04,240.00,224.30,15.70,,,SKIPPED,PERIOD_NOT_OPENED
SH001,REC-SH001-202602-0031,2026-02-04,1648.00,1540.19,107.81,,,SKIPPED,PERIOD_NOT_OPENED
SH001,REC-SH001-202602-0032,2026-02-04,220.00,205.61,14.39,,,SKIPPED,PERIOD_NOT_OPENED
SH006,REC-SH006-202602-0055,2026-02-04,240.00,224.30,15.70,,,SKIPPED,PERIOD_NOT_OPENED
SH006,REC-SH006-202602-0056,2026-02-04,160.00,149.53,10.47,,,SKIPPED,PERIOD_NOT_OPENED
SH024,REC-SH024-202602-0021,2026-02-04,370.00,345.79,24.21,,,SKIPPED,PERIOD_NOT_OPENED
SH028,REC-SH028-202602-0013,2026-02-04,610.00,570.09,39.91,,,SKIPPED,PERIOD_NOT_OPENED
SH006,REC-SH006-202602-0057,2026-02-04,325.00,303.74,21.26,,,SKIPPED,PERIOD_NOT_OPENED
SH012,REC-SH012-202602-0042,2026-02-04,100.00,93.46,6.54,,,SKIPPED,PERIOD_NOT_OPENED
SH012,REC-SH012-202602-0043,2026-02-04,330.00,308.41,21.59,,,SKIPPED,PERIOD_NOT_OPENED
SH010,REC-SH010-202602-0039,2026-02-04,80.00,74.77,5.23,,,SKIPPED,PERIOD_NOT_OPENED
SH024,REC-SH024-202602-0022,2026-02-04,960.00,897.20,62.80,,,SKIPPED,PERIOD_NOT_OPENED
SH024,REC-SH024-202602-0023,2026-02-04,80.00,74.77,5.23,,,SKIPPED,PERIOD_NOT_OPENED
SH026,REC-SH026-202602-0037,2026-02-04,80.00,74.77,5.23,,,SKIPPED,PERIOD_NOT_OPENED
SH006,REC-SH006-202602-0058,2026-02-04,360.00,336.45,23.55,,,SKIPPED,PERIOD_NOT_OPENED
SH024,REC-SH024-202602-0024,2026-02-04,650.00,607.48,42.52,,,SKIPPED,PERIOD_NOT_OPENED
SH026,REC-SH026-202602-0038,2026-02-04,120.00,112.15,7.85,,,SKIPPED,PERIOD_NOT_OPENED
SH006,REC-SH006-202602-0059,2026-02-04,310.00,289.72,20.28,,,SKIPPED,PERIOD_NOT_OPENED
SH006,REC-SH006-202602-0060,2026-02-04,660.00,616.82,43.18,,,SKIPPED,PERIOD_NOT_OPENED
SH025,REC-SH025-202602-0037,2026-02-04,80.00,74.77,5.23,,,SKIPPED,PERIOD_NOT_OPENED
SH025,REC-SH025-202602-0038,2026-02-04,240.00,224.30,15.70,,,SKIPPED,PERIOD_NOT_OPENED
SH010,REC-SH010-202602-0040,2026-02-04,120.00,112.15,7.85,,,SKIPPED,PERIOD_NOT_OPENED
SH010,REC-SH010-202602-0041,2026-02-04,160.00,149.53,10.47,,,SKIPPED,PERIOD_NOT_OPENED
SH006,REC-SH006-202602-0061,2026-02-04,120.00,112.15,7.85,,,SKIPPED,PERIOD_NOT_OPENED
SH010,REC-SH010-202602-0042,2026-02-04,80.00,74.77,5.23,,,SKIPPED,PERIOD_NOT_OPENED
SH030,REC-SH030-202602-0003,2026-02-05,200.00,186.92,13.08,,,SKIPPED,PERIOD_NOT_OPENED
SH012,REC-SH012-202602-0044,2026-02-05,80.00,74.77,5.23,,,SKIPPED,PERIOD_NOT_OPENED
SH012,REC-SH012-202602-0045,2026-02-05,160.00,149.53,10.47,,,SKIPPED,PERIOD_NOT_OPENED
SH030,REC-SH030-202602-0004,2026-02-05,160.00,149.53,10.47,,,SKIPPED,PERIOD_NOT_OPENED
SH028,REC-SH028-202602-0014,2026-02-05,610.00,570.09,39.91,,,SKIPPED,PERIOD_NOT_OPENED
SH006,REC-SH006-202602-0062,2026-02-05,1970.00,1841.12,128.88,,,SKIPPED,PERIOD_NOT_OPENED
SH001,REC-SH001-202602-0033,2026-02-05,550.00,514.02,35.98,,,SKIPPED,PERIOD_NOT_OPENED
SH001,REC-SH001-202602-0034,2026-02-05,460.00,429.91,30.09,,,SKIPPED,PERIOD_NOT_OPENED
SH012,REC-SH012-202602-0046,2026-02-05,120.00,112.15,7.85,,,SKIPPED,PERIOD_NOT_OPENED
SH010,REC-SH010-202602-0043,2026-02-05,80.00,74.77,5.23,,,SKIPPED,PERIOD_NOT_OPENED
SH025,REC-SH025-202602-0039,2026-02-05,60.00,56.07,3.93,,,SKIPPED,PERIOD_NOT_OPENED
SH025,REC-SH025-202602-0040,2026-02-05,240.00,224.30,15.70,,,SKIPPED,PERIOD_NOT_OPENED
SH006,REC-SH006-202602-0063,2026-02-05,80.00,74.77,5.23,,,SKIPPED,PERIOD_NOT_OPENED
SH006,REC-SH006-202602-0064,2026-02-05,240.00,224.30,15.70,,,SKIPPED,PERIOD_NOT_OPENED
SH025,REC-SH025-202602-0041,2026-02-05,240.00,224.30,15.70,,,SKIPPED,PERIOD_NOT_OPENED
SH024,REC-SH024-202602-0025,2026-02-05,1760.00,1644.86,115.14,,,SKIPPED,PERIOD_NOT_OPENED
SH028,REC-SH028-202602-0015,2026-02-05,220.00,205.61,14.39,,,SKIPPED,PERIOD_NOT_OPENED
SH010,REC-SH010-202602-0044,2026-02-05,330.00,308.41,21.59,,,SKIPPED,PERIOD_NOT_OPENED
SH006,REC-SH006-202602-0065,2026-02-05,310.00,289.72,20.28,,,SKIPPED,PERIOD_NOT_OPENED
SH024,REC-SH024-202602-0026,2026-02-05,2660.00,2485.98,174.02,,,SKIPPED,PERIOD_NOT_OPENED
SH025,REC-SH025-202602-0042,2026-02-05,360.00,336.45,23.55,,,SKIPPED,PERIOD_NOT_OPENED
SH024,REC-SH024-202602-0027,2026-02-05,200.00,186.92,13.08,,,SKIPPED,PERIOD_NOT_OPENED
SH025,REC-SH025-202602-0043,2026-02-05,1318.00,1231.78,86.22,,,SKIPPED,PERIOD_NOT_OPENED
SH012,REC-SH012-202602-0047,2026-02-05,60.00,56.07,3.93,,,SKIPPED,PERIOD_NOT_OPENED
SH026,REC-SH026-202602-0039,2026-02-05,160.00,149.53,10.47,,,SKIPPED,PERIOD_NOT_OPENED
SH010,REC-SH010-202602-0045,2026-02-05,1380.00,1289.72,90.28,,,SKIPPED,PERIOD_NOT_OPENED
SH006,REC-SH006-202602-0066,2026-02-05,330.00,308.41,21.59,,,SKIPPED,PERIOD_NOT_OPENED
SH006,REC-SH006-202602-0067,2026-02-05,1830.00,1710.28,119.72,,,SKIPPED,PERIOD_NOT_OPENED
SH025,REC-SH025-202602-0044,2026-02-05,240.00,224.30,15.70,,,SKIPPED,PERIOD_NOT_OPENED
SH010,REC-SH010-202602-0046,2026-02-05,200.00,186.92,13.08,,,SKIPPED,PERIOD_NOT_OPENED
SH010,REC-SH010-202602-0047,2026-02-05,3090.00,2887.85,202.15,,,SKIPPED,PERIOD_NOT_OPENED
SH024,REC-SH024-202602-0028,2026-02-05,80.00,74.77,5.23,,,SKIPPED,PERIOD_NOT_OPENED
SH010,REC-SH010-202602-0048,2026-02-05,80.00,74.77,5.23,,,SKIPPED,PERIOD_NOT_OPENED
SH012,REC-SH012-202602-0048,2026-02-05,60.00,56.07,3.93,,,SKIPPED,PERIOD_NOT_OPENED
SH024,REC-SH024-202602-0029,2026-02-05,120.00,112.15,7.85,,,SKIPPED,PERIOD_NOT_OPENED
SH024,REC-SH024-202602-0030,2026-02-05,240.00,224.30,15.70,,,SKIPPED,PERIOD_NOT_OPENED
SH006,REC-SH006-202602-0068,2026-02-05,80.00,74.77,5.23,,,SKIPPED,PERIOD_NOT_OPENED
SH001,REC-SH001-202602-0035,2026-02-05,1380.00,1289.72,90.28,,,SKIPPED,PERIOD_NOT_OPENED
SH025,REC-SH025-202602-0045,2026-02-05,330.00,308.41,21.59,,,SKIPPED,PERIOD_NOT_OPENED
SH024,REC-SH024-202602-0031,2026-02-05,60.00,56.07,3.93,,,SKIPPED,PERIOD_NOT_OPENED
SH006,REC-SH006-202602-0069,2026-02-05,300.00,280.37,19.63,,,SKIPPED,PERIOD_NOT_OPENED
SH025,REC-SH025-202602-0046,2026-02-05,80.00,74.77,5.23,,,SKIPPED,PERIOD_NOT_OPENED
SH026,REC-SH026-202602-0040,2026-02-05,120.00,112.15,7.85,,,SKIPPED,PERIOD_NOT_OPENED
SH026,REC-SH026-202602-0041,2026-02-05,80.00,74.77,5.23,,,SKIPPED,PERIOD_NOT_OPENED
SH006,REC-SH006-202602-0070,2026-02-05,790.00,738.32,51.68,,,SKIPPED,PERIOD_NOT_OPENED
SH025,REC-SH025-202602-0047,2026-02-05,80.00,74.77,5.23,,,SKIPPED,PERIOD_NOT_OPENED
SH001,REC-SH001-202602-0036,2026-02-05,1320.00,1233.64,86.36,,,SKIPPED,PERIOD_NOT_OPENED
SH006,REC-SH006-202602-0071,2026-02-05,220.00,205.61,14.39,,,SKIPPED,PERIOD_NOT_OPENED
SH030,REC-SH030-202602-0005,2026-02-05,300.00,280.37,19.63,,,SKIPPED,PERIOD_NOT_OPENED
SH024,REC-SH024-202602-0032,2026-02-05,1760.00,1644.86,115.14,,,SKIPPED,PERIOD_NOT_OPENED
SH012,REC-SH012-202602-0049,2026-02-05,80.00,74.77,5.23,,,SKIPPED,PERIOD_NOT_OPENED
SH028,REC-SH028-202602-0016,2026-02-05,660.00,616.82,43.18,,,SKIPPED,PERIOD_NOT_OPENED
SH026,REC-SH026-202602-0042,2026-02-05,330.00,308.41,21.59,,,SKIPPED,PERIOD_NOT_OPENED
SH006,REC-SH006-202602-0072,2026-02-05,160.00,149.53,10.47,,,SKIPPED,PERIOD_NOT_OPENED
SH010,REC-SH010-202602-0049,2026-02-05,2750.00,2570.09,179.91,,,SKIPPED,PERIOD_NOT_OPENED
SH010,REC-SH010-202602-0050,2026-02-05,160.00,149.53,10.47,,,SKIPPED,PERIOD_NOT_OPENED
SH001,REC-SH001-202602-0037,2026-02-06,120.00,112.15,7.85,,,SKIPPED,PERIOD_NOT_OPENED
SH001,REC-SH001-202602-0038,2026-02-06,330.00,308.41,21.59,,,SKIPPED,PERIOD_NOT_OPENED
SH028,REC-SH028-202602-0017,2026-02-06,330.00,308.41,21.59,,,SKIPPED,PERIOD_NOT_OPENED
SH006,REC-SH006-202602-0073,2026-02-06,650.00,607.48,42.52,,,SKIPPED,PERIOD_NOT_OPENED
SH006,REC-SH006-202602-0074,2026-02-06,325.00,303.74,21.26,,,SKIPPED,PERIOD_NOT_OPENED
SH026,REC-SH026-202602-0043,2026-02-06,120.00,112.15,7.85,,,SKIPPED,PERIOD_NOT_OPENED
SH028,REC-SH028-202602-0018,2026-02-06,1560.00,1457.94,102.06,,,SKIPPED,PERIOD_NOT_OPENED
SH006,REC-SH006-202602-0075,2026-02-06,580.00,542.06,37.94,,,SKIPPED,PERIOD_NOT_OPENED
SH001,REC-SH001-202602-0039,2026-02-06,580.00,542.06,37.94,,,SKIPPED,PERIOD_NOT_OPENED
SH010,REC-SH010-202602-0051,2026-02-06,80.00,74.77,5.23,,,SKIPPED,PERIOD_NOT_OPENED
SH010,REC-SH010-202602-0052,2026-02-06,1320.00,1233.64,86.36,,,SKIPPED,PERIOD_NOT_OPENED
SH026,REC-SH026-202602-0044,2026-02-06,3520.00,3289.72,230.28,,,SKIPPED,PERIOD_NOT_OPENED
SH006,REC-SH006-202602-0076,2026-02-06,120.00,112.15,7.85,,,SKIPPED,PERIOD_NOT_OPENED
SH001,REC-SH001-202602-0040,2026-02-06,1710.00,1598.13,111.87,,,SKIPPED,PERIOD_NOT_OPENED
SH001,REC-SH001-202602-0041,2026-02-06,140.00,130.84,9.16,,,SKIPPED,PERIOD_NOT_OPENED
SH001,REC-SH001-202602-0042,2026-02-06,1380.00,1289.72,90.28,,,SKIPPED,PERIOD_NOT_OPENED
SH026,REC-SH026-202602-0045,2026-02-06,330.00,308.41,21.59,,,SKIPPED,PERIOD_NOT_OPENED
SH025,REC-SH025-202602-0048,2026-02-06,400.00,373.83,26.17,,,SKIPPED,PERIOD_NOT_OPENED
SH010,REC-SH010-202602-0053,2026-02-06,190.00,177.57,12.43,,,SKIPPED,PERIOD_NOT_OPENED
SH001,REC-SH001-202602-0043,2026-02-06,330.00,308.41,21.59,,,SKIPPED,PERIOD_NOT_OPENED
SH025,REC-SH025-202602-0049,2026-02-06,160.00,149.53,10.47,,,SKIPPED,PERIOD_NOT_OPENED
SH010,REC-SH010-202602-0054,2026-02-06,330.00,308.41,21.59,,,SKIPPED,PERIOD_NOT_OPENED
SH026,REC-SH026-202602-0046,2026-02-06,200.00,186.92,13.08,,,SKIPPED,PERIOD_NOT_OPENED
SH006,REC-SH006-202602-0077,2026-02-06,120.00,112.15,7.85,,,SKIPPED,PERIOD_NOT_OPENED
SH006,REC-SH006-202602-0078,2026-02-06,160.00,149.53,10.47,,,SKIPPED,PERIOD_NOT_OPENED
SH024,REC-SH024-202602-0033,2026-02-06,330.00,308.41,21.59,,,SKIPPED,PERIOD_NOT_OPENED
SH012,REC-SH012-202602-0050,2026-02-06,160.00,149.53,10.47,,,SKIPPED,PERIOD_NOT_OPENED
SH010,REC-SH010-202602-0055,2026-02-06,330.00,308.41,21.59,,,SKIPPED,PERIOD_NOT_OPENED
SH010,REC-SH010-202602-0056,2026-02-06,330.00,308.41,21.59,,,SKIPPED,PERIOD_NOT_OPENED
SH012,REC-SH012-202602-0051,2026-02-06,80.00,74.77,5.23,,,SKIPPED,PERIOD_NOT_OPENED
SH024,REC-SH024-202602-0034,2026-02-06,60.00,56.07,3.93,,,SKIPPED,PERIOD_NOT_OPENED
SH010,REC-SH010-202602-0057,2026-02-06,650.00,607.48,42.52,,,SKIPPED,PERIOD_NOT_OPENED
SH012,REC-SH012-202602-0052,2026-02-06,4640.00,4336.45,303.55,,,SKIPPED,PERIOD_NOT_OPENED
SH025,REC-SH025-202602-0050,2026-02-06,400.00,373.83,26.17,,,SKIPPED,PERIOD_NOT_OPENED
SH026,REC-SH026-202602-0047,2026-02-06,330.00,308.41,21.59,,,SKIPPED,PERIOD_NOT_OPENED
SH006,REC-SH006-202602-0079,2026-02-06,420.00,392.52,27.48,,,SKIPPED,PERIOD_NOT_OPENED
SH001,REC-SH001-202602-0044,2026-02-06,1580.00,1476.64,103.36,,,SKIPPED,PERIOD_NOT_OPENED
SH012,REC-SH012-202602-0053,2026-02-06,240.00,224.30,15.70,,,SKIPPED,PERIOD_NOT_OPENED
SH006,REC-SH006-202602-0080,2026-02-06,580.00,542.06,37.94,,,SKIPPED,PERIOD_NOT_OPENED
SH012,REC-SH012-202602-0054,2026-02-06,600.00,560.75,39.25,,,SKIPPED,PERIOD_NOT_OPENED
SH006,REC-SH006-202602-0081,2026-02-06,1600.00,1495.33,104.67,,,SKIPPED,PERIOD_NOT_OPENED
SH024,REC-SH024-202602-0035,2026-02-06,80.00,74.77,5.23,,,SKIPPED,PERIOD_NOT_OPENED
SH026,REC-SH026-202602-0048,2026-02-06,160.00,149.53,10.47,,,SKIPPED,PERIOD_NOT_OPENED
SH010,REC-SH010-202602-0058,2026-02-06,660.00,616.82,43.18,,,SKIPPED,PERIOD_NOT_OPENED
SH001,REC-SH001-202602-0045,2026-02-06,1580.00,1476.64,103.36,,,SKIPPED,PERIOD_NOT_OPENED
SH001,REC-SH001-202602-0046,2026-02-06,240.00,224.30,15.70,,,SKIPPED,PERIOD_NOT_OPENED
SH010,REC-SH010-202602-0059,2026-02-06,80.00,74.77,5.23,,,SKIPPED,PERIOD_NOT_OPENED
SH001,REC-SH001-202602-0047,2026-02-06,600.00,560.75,39.25,,,SKIPPED,PERIOD_NOT_OPENED
SH026,REC-SH026-202602-0049,2026-02-06,80.00,74.77,5.23,,,SKIPPED,PERIOD_NOT_OPENED
SH026,REC-SH026-202602-0050,2026-02-06,120.00,112.15,7.85,,,SKIPPED,PERIOD_NOT_OPENED
SH006,REC-SH006-202602-0082,2026-02-06,60.00,56.07,3.93,,,SKIPPED,PERIOD_NOT_OPENED
SH006,REC-SH006-202602-0083,2026-02-06,160.00,149.53,10.47,,,SKIPPED,PERIOD_NOT_OPENED
SH006,REC-SH006-202602-0084,2026-02-06,1830.00,1710.28,119.72,,,SKIPPED,PERIOD_NOT_OPENED
SH026,REC-SH026-202602-0051,2026-02-06,280.00,261.68,18.32,,,SKIPPED,PERIOD_NOT_OPENED
SH010,REC-SH010-202602-0060,2026-02-06,600.00,560.75,39.25,,,SKIPPED,PERIOD_NOT_OPENED
SH010,REC-SH010-202602-0061,2026-02-06,120.00,112.15,7.85,,,SKIPPED,PERIOD_NOT_OPENED
SH010,REC-SH010-202602-0062,2026-02-06,325.00,303.74,21.26,,,SKIPPED,PERIOD_NOT_OPENED
SH012,REC-SH012-202602-0055,2026-02-06,500.00,467.29,32.71,,,SKIPPED,PERIOD_NOT_OPENED
SH010,REC-SH010-202602-0063,2026-02-06,330.00,308.41,21.59,,,SKIPPED,PERIOD_NOT_OPENED
SH006,REC-SH006-202602-0085,2026-02-06,1380.00,1289.72,90.28,,,SKIPPED,PERIOD_NOT_OPENED
SH006,REC-SH006-202602-0086,2026-02-06,80.00,74.77,5.23,,,SKIPPED,PERIOD_NOT_OPENED
SH012,REC-SH012-202602-0056,2026-02-06,1280.00,1196.26,83.74,,,SKIPPED,PERIOD_NOT_OPENED
SH025,REC-SH025-202602-0051,2026-02-06,550.00,514.02,35.98,,,SKIPPED,PERIOD_NOT_OPENED
SH001,REC-SH001-202602-0048,2026-02-06,580.00,542.06,37.94,,,SKIPPED,PERIOD_NOT_OPENED
SH006,REC-SH006-202602-0087,2026-02-06,120.00,112.15,7.85,,,SKIPPED,PERIOD_NOT_OPENED
SH026,REC-SH026-202602-0052,2026-02-06,480.00,448.60,31.40,,,SKIPPED,PERIOD_NOT_OPENED
SH025,REC-SH025-202602-0052,2026-02-06,320.00,299.07,20.93,,,SKIPPED,PERIOD_NOT_OPENED
SH001,REC-SH001-202602-0049,2026-02-06,160.00,149.53,10.47,,,SKIPPED,PERIOD_NOT_OPENED
SH024,REC-SH024-202602-0036,2026-02-06,600.00,560.75,39.25,,,SKIPPED,PERIOD_NOT_OPENED
SH025,REC-SH025-202602-0054,2026-02-07,280.00,261.68,18.32,,,SKIPPED,PERIOD_NOT_OPENED
SH025,REC-SH025-202602-0055,2026-02-07,120.00,112.15,7.85,,,SKIPPED,PERIOD_NOT_OPENED
SH025,REC-SH025-202602-0053,2026-02-07,300.00,280.37,19.63,,,SKIPPED,PERIOD_NOT_OPENED
SH010,REC-SH010-202602-0064,2026-02-07,160.00,149.53,10.47,,,SKIPPED,PERIOD_NOT_OPENED
SH006,REC-SH006-202602-0088,2026-02-07,2240.00,2093.46,146.54,,,SKIPPED,PERIOD_NOT_OPENED
SH001,REC-SH001-202602-0050,2026-02-07,580.00,542.06,37.94,,,SKIPPED,PERIOD_NOT_OPENED
SH026,REC-SH026-202602-0053,2026-02-07,80.00,74.77,5.23,,,SKIPPED,PERIOD_NOT_OPENED
SH026,REC-SH026-202602-0054,2026-02-07,160.00,149.53,10.47,,,SKIPPED,PERIOD_NOT_OPENED
SH006,REC-SH006-202602-0089,2026-02-07,460.00,429.91,30.09,,,SKIPPED,PERIOD_NOT_OPENED
SH006,REC-SH006-202602-0090,2026-02-07,130.00,121.50,8.50,,,SKIPPED,PERIOD_NOT_OPENED
SH010,REC-SH010-202602-0065,2026-02-07,80.00,74.77,5.23,,,SKIPPED,PERIOD_NOT_OPENED
SH001,REC-SH001-202602-0051,2026-02-07,160.00,149.53,10.47,,,SKIPPED,PERIOD_NOT_OPENED
SH012,REC-SH012-202602-0057,2026-02-07,2500.00,2336.45,163.55,,,SKIPPED,PERIOD_NOT_OPENED
SH026,REC-SH026-202602-0055,2026-02-07,160.00,149.53,10.47,,,SKIPPED,PERIOD_NOT_OPENED
SH012,REC-SH012-202602-0058,2026-02-07,120.00,112.15,7.85,,,SKIPPED,PERIOD_NOT_OPENED
SH012,REC-SH012-202602-0059,2026-02-07,240.00,224.30,15.70,,,SKIPPED,PERIOD_NOT_OPENED
SH006,REC-SH006-202602-0091,2026-02-07,2700.00,2523.36,176.64,,,SKIPPED,PERIOD_NOT_OPENED
SH012,REC-SH012-202602-0060,2026-02-07,60.00,56.07,3.93,,,SKIPPED,PERIOD_NOT_OPENED
SH012,REC-SH012-202602-0061,2026-02-07,1010.00,943.93,66.07,,,SKIPPED,PERIOD_NOT_OPENED
SH006,REC-SH006-202602-0092,2026-02-07,300.00,280.37,19.63,,,SKIPPED,PERIOD_NOT_OPENED
SH012,REC-SH012-202602-0062,2026-02-07,240.00,224.30,15.70,,,SKIPPED,PERIOD_NOT_OPENED
SH012,REC-SH012-202602-0063,2026-02-07,2200.00,2056.07,143.93,,,SKIPPED,PERIOD_NOT_OPENED
SH010,REC-SH010-202602-0066,2026-02-07,330.00,308.41,21.59,,,SKIPPED,PERIOD_NOT_OPENED
SH012,REC-SH012-202602-0064,2026-02-07,160.00,149.53,10.47,,,SKIPPED,PERIOD_NOT_OPENED
SH012,REC-SH012-202602-0065,2026-02-07,240.00,224.30,15.70,,,SKIPPED,PERIOD_NOT_OPENED
SH028,REC-SH028-202602-0019,2026-02-07,160.00,149.53,10.47,,,SKIPPED,PERIOD_NOT_OPENED
SH030,REC-SH030-202602-0006,2026-02-07,1010.00,943.93,66.07,,,SKIPPED,PERIOD_NOT_OPENED
SH024,REC-SH024-202602-0037,2026-02-07,120.00,112.15,7.85,,,SKIPPED,PERIOD_NOT_OPENED
SH006,REC-SH006-202602-0093,2026-02-07,1360.00,1271.03,88.97,,,SKIPPED,PERIOD_NOT_OPENED
SH001,REC-SH001-202602-0052,2026-02-07,2050.00,1915.89,134.11,,,SKIPPED,PERIOD_NOT_OPENED
SH012,REC-SH012-202602-0066,2026-02-07,80.00,74.77,5.23,,,SKIPPED,PERIOD_NOT_OPENED
SH010,REC-SH010-202602-0067,2026-02-07,820.00,766.36,53.64,,,SKIPPED,PERIOD_NOT_OPENED
SH026,REC-SH026-202602-0056,2026-02-07,460.00,429.91,30.09,,,SKIPPED,PERIOD_NOT_OPENED
SH001,REC-SH001-202602-0053,2026-02-07,120.00,112.15,7.85,,,SKIPPED,PERIOD_NOT_OPENED
SH010,REC-SH010-202602-0068,2026-02-07,460.00,429.91,30.09,,,SKIPPED,PERIOD_NOT_OPENED
SH026,REC-SH026-202602-0057,2026-02-07,460.00,429.91,30.09,,,SKIPPED,PERIOD_NOT_OPENED
SH012,REC-SH012-202602-0067,2026-02-07,580.00,542.06,37.94,,,SKIPPED,PERIOD_NOT_OPENED
SH010,REC-SH010-202602-0069,2026-02-07,2760.00,2579.44,180.56,,,SKIPPED,PERIOD_NOT_OPENED
SH010,REC-SH010-202602-0070,2026-02-07,200.00,186.92,13.08,,,SKIPPED,PERIOD_NOT_OPENED
SH026,REC-SH026-202602-0058,2026-02-07,1320.00,1233.64,86.36,,,SKIPPED,PERIOD_NOT_OPENED
SH025,REC-SH025-202602-0056,2026-02-07,330.00,308.41,21.59,,,SKIPPED,PERIOD_NOT_OPENED
SH006,REC-SH006-202602-0094,2026-02-07,1560.00,1457.94,102.06,,,SKIPPED,PERIOD_NOT_OPENED
SH010,REC-SH010-202602-0071,2026-02-07,480.00,448.60,31.40,,,SKIPPED,PERIOD_NOT_OPENED
SH024,REC-SH024-202602-0038,2026-02-07,240.00,224.30,15.70,,,SKIPPED,PERIOD_NOT_OPENED
SH012,REC-SH012-202602-0068,2026-02-07,240.00,224.30,15.70,,,SKIPPED,PERIOD_NOT_OPENED
SH006,REC-SH006-202602-0095,2026-02-07,160.00,149.53,10.47,,,SKIPPED,PERIOD_NOT_OPENED
SH006,REC-SH006-202602-0096,2026-02-07,80.00,74.77,5.23,,,SKIPPED,PERIOD_NOT_OPENED
SH024,REC-SH024-202602-0039,2026-02-07,120.00,112.15,7.85,,,SKIPPED,PERIOD_NOT_OPENED
SH006,REC-SH006-202602-0097,2026-02-07,400.00,373.83,26.17,,,SKIPPED,PERIOD_NOT_OPENED
SH026,REC-SH026-202602-0059,2026-02-07,240.00,224.30,15.70,,,SKIPPED,PERIOD_NOT_OPENED
SH006,REC-SH006-202602-0098,2026-02-07,330.00,308.41,21.59,,,SKIPPED,PERIOD_NOT_OPENED
SH001,REC-SH001-202602-0054,2026-02-07,1380.00,1289.72,90.28,,,SKIPPED,PERIOD_NOT_OPENED
SH026,REC-SH026-202602-0060,2026-02-07,120.00,112.15,7.85,,,SKIPPED,PERIOD_NOT_OPENED
SH010,REC-SH010-202602-0072,2026-02-07,330.00,308.41,21.59,,,SKIPPED,PERIOD_NOT_OPENED
SH010,REC-SH010-202602-0073,2026-02-07,310.00,289.72,20.28,,,SKIPPED,PERIOD_NOT_OPENED
SH028,REC-SH028-202602-0020,2026-02-07,120.00,112.15,7.85,,,SKIPPED,PERIOD_NOT_OPENED
SH006,REC-SH006-202602-0099,2026-02-07,80.00,74.77,5.23,,,SKIPPED,PERIOD_NOT_OPENED
SH006,REC-SH006-202602-0100,2026-02-07,60.00,56.07,3.93,,,SKIPPED,PERIOD_NOT_OPENED
SH006,REC-SH006-202602-0101,2026-02-07,240.00,224.30,15.70,,,SKIPPED,PERIOD_NOT_OPENED
SH012,REC-SH012-202602-0069,2026-02-07,240.00,224.30,15.70,,,SKIPPED,PERIOD_NOT_OPENED
SH012,REC-SH012-202602-0070,2026-02-07,600.00,560.75,39.25,,,SKIPPED,PERIOD_NOT_OPENED
SH006,REC-SH006-202602-0102,2026-02-07,430.00,401.87,28.13,,,SKIPPED,PERIOD_NOT_OPENED
SH006,REC-SH006-202602-0103,2026-02-07,640.00,598.13,41.87,,,SKIPPED,PERIOD_NOT_OPENED
SH006,REC-SH006-202602-0104,2026-02-07,6740.00,6299.07,440.93,,,SKIPPED,PERIOD_NOT_OPENED
SH006,REC-SH006-202602-0105,2026-02-07,330.00,308.41,21.59,,,SKIPPED,PERIOD_NOT_OPENED
SH026,REC-SH026-202602-0061,2026-02-07,80.00,74.77,5.23,,,SKIPPED,PERIOD_NOT_OPENED
SH006,REC-SH006-202602-0106,2026-02-07,120.00,112.15,7.85,,,SKIPPED,PERIOD_NOT_OPENED
SH026,REC-SH026-202602-0062,2026-02-07,80.00,74.77,5.23,,,SKIPPED,PERIOD_NOT_OPENED
SH006,REC-SH006-202602-0107,2026-02-07,200.00,186.92,13.08,,,SKIPPED,PERIOD_NOT_OPENED
SH025,REC-SH025-202602-0057,2026-02-07,240.00,224.30,15.70,,,SKIPPED,PERIOD_NOT_OPENED
SH024,REC-SH024-202602-0040,2026-02-07,160.00,149.53,10.47,,,SKIPPED,PERIOD_NOT_OPENED
SH025,REC-SH025-202602-0058,2026-02-07,360.00,336.45,23.55,,,SKIPPED,PERIOD_NOT_OPENED
SH026,REC-SH026-202602-0063,2026-02-07,120.00,112.15,7.85,,,SKIPPED,PERIOD_NOT_OPENED
SH026,REC-SH026-202602-0064,2026-02-07,120.00,112.15,7.85,,,SKIPPED,PERIOD_NOT_OPENED
SH024,REC-SH024-202602-0041,2026-02-07,410.00,383.18,26.82,,,SKIPPED,PERIOD_NOT_OPENED
SH001,REC-SH001-202602-0055,2026-02-07,9070.00,8476.64,593.36,,,SKIPPED,PERIOD_NOT_OPENED
SH012,REC-SH012-202602-0071,2026-02-08,120.00,112.15,7.85,,,SKIPPED,PERIOD_NOT_OPENED
SH006,REC-SH006-202602-0108,2026-02-08,160.00,149.53,10.47,,,SKIPPED,PERIOD_NOT_OPENED
SH006,REC-SH006-202602-0109,2026-02-08,2690.00,2514.02,175.98,,,SKIPPED,PERIOD_NOT_OPENED
SH001,REC-SH001-202602-0056,2026-02-08,580.00,542.06,37.94,,,SKIPPED,PERIOD_NOT_OPENED
SH024,REC-SH024-202602-0042,2026-02-08,120.00,112.15,7.85,,,SKIPPED,PERIOD_NOT_OPENED
SH006,REC-SH006-202602-0110,2026-02-08,580.00,542.06,37.94,,,SKIPPED,PERIOD_NOT_OPENED
SH006,REC-SH006-202602-0111,2026-02-08,180.00,168.22,11.78,,,SKIPPED,PERIOD_NOT_OPENED
SH010,REC-SH010-202602-0074,2026-02-08,200.00,186.92,13.08,,,SKIPPED,PERIOD_NOT_OPENED
SH030,REC-SH030-202602-0007,2026-02-08,160.00,149.53,10.47,,,SKIPPED,PERIOD_NOT_OPENED
SH010,REC-SH010-202602-0075,2026-02-08,160.00,149.53,10.47,,,SKIPPED,PERIOD_NOT_OPENED
SH012,REC-SH012-202602-0072,2026-02-08,60.00,56.07,3.93,,,SKIPPED,PERIOD_NOT_OPENED
SH026,REC-SH026-202602-0065,2026-02-08,460.00,429.91,30.09,,,SKIPPED,PERIOD_NOT_OPENED
SH026,REC-SH026-202602-0066,2026-02-08,240.00,224.30,15.70,,,SKIPPED,PERIOD_NOT_OPENED
SH006,REC-SH006-202602-0112,2026-02-08,2460.00,2299.07,160.93,,,SKIPPED,PERIOD_NOT_OPENED
SH026,REC-SH026-202602-0067,2026-02-08,120.00,112.15,7.85,,,SKIPPED,PERIOD_NOT_OPENED
SH025,REC-SH025-202602-0059,2026-02-08,250.00,233.64,16.36,,,SKIPPED,PERIOD_NOT_OPENED
SH012,REC-SH012-202602-0073,2026-02-08,580.00,542.06,37.94,,,SKIPPED,PERIOD_NOT_OPENED
SH026,REC-SH026-202602-0068,2026-02-08,790.00,738.32,51.68,,,SKIPPED,PERIOD_NOT_OPENED
SH010,REC-SH010-202602-0076,2026-02-08,460.00,429.91,30.09,,,SKIPPED,PERIOD_NOT_OPENED
SH010,REC-SH010-202602-0077,2026-02-08,80.00,74.77,5.23,,,SKIPPED,PERIOD_NOT_OPENED
SH024,REC-SH024-202602-0043,2026-02-08,60.00,56.07,3.93,,,SKIPPED,PERIOD_NOT_OPENED
SH024,REC-SH024-202602-0044,2026-02-08,1510.00,1411.21,98.79,,,SKIPPED,PERIOD_NOT_OPENED
SH026,REC-SH026-202602-0069,2026-02-08,120.00,112.15,7.85,,,SKIPPED,PERIOD_NOT_OPENED
SH001,REC-SH001-202602-0057,2026-02-08,120.00,112.15,7.85,,,SKIPPED,PERIOD_NOT_OPENED
SH026,REC-SH026-202602-0070,2026-02-08,120.00,112.15,7.85,,,SKIPPED,PERIOD_NOT_OPENED
SH026,REC-SH026-202602-0071,2026-02-08,120.00,112.15,7.85,,,SKIPPED,PERIOD_NOT_OPENED
SH006,REC-SH006-202602-0113,2026-02-08,130.00,121.50,8.50,,,SKIPPED,PERIOD_NOT_OPENED
SH006,REC-SH006-202602-0114,2026-02-08,325.00,303.74,21.26,,,SKIPPED,PERIOD_NOT_OPENED
SH012,REC-SH012-202602-0074,2026-02-08,660.00,616.82,43.18,,,SKIPPED,PERIOD_NOT_OPENED
SH001,REC-SH001-202602-0058,2026-02-08,1230.00,1149.53,80.47,,,SKIPPED,PERIOD_NOT_OPENED
SH024,REC-SH024-202602-0045,2026-02-08,2290.00,2140.19,149.81,,,SKIPPED,PERIOD_NOT_OPENED
SH012,REC-SH012-202602-0075,2026-02-08,1320.00,1233.64,86.36,,,SKIPPED,PERIOD_NOT_OPENED
SH001,REC-SH001-202602-0059,2026-02-08,3160.00,2953.27,206.73,,,SKIPPED,PERIOD_NOT_OPENED
SH012,REC-SH012-202602-0076,2026-02-08,920.00,859.81,60.19,,,SKIPPED,PERIOD_NOT_OPENED
SH006,REC-SH006-202602-0115,2026-02-08,160.00,149.53,10.47,,,SKIPPED,PERIOD_NOT_OPENED
SH026,REC-SH026-202602-0072,2026-02-08,280.00,261.68,18.32,,,SKIPPED,PERIOD_NOT_OPENED
SH024,REC-SH024-202602-0046,2026-02-08,360.00,336.45,23.55,,,SKIPPED,PERIOD_NOT_OPENED
SH006,REC-SH006-202602-0116,2026-02-08,60.00,56.07,3.93,,,SKIPPED,PERIOD_NOT_OPENED
SH006,REC-SH006-202602-0117,2026-02-08,240.00,224.30,15.70,,,SKIPPED,PERIOD_NOT_OPENED
SH025,REC-SH025-202602-0060,2026-02-08,80.00,74.77,5.23,,,SKIPPED,PERIOD_NOT_OPENED
SH010,REC-SH010-202602-0078,2026-02-08,80.00,74.77,5.23,,,SKIPPED,PERIOD_NOT_OPENED
SH025,REC-SH025-202602-0061,2026-02-08,160.00,149.53,10.47,,,SKIPPED,PERIOD_NOT_OPENED
SH025,REC-SH025-202602-0062,2026-02-08,410.00,383.18,26.82,,,SKIPPED,PERIOD_NOT_OPENED
SH024,REC-SH024-202602-0047,2026-02-08,240.00,224.30,15.70,,,SKIPPED,PERIOD_NOT_OPENED
SH006,REC-SH006-202602-0118,2026-02-08,240.00,224.30,15.70,,,SKIPPED,PERIOD_NOT_OPENED
SH001,REC-SH001-202602-0060,2026-02-08,680.00,635.51,44.49,,,SKIPPED,PERIOD_NOT_OPENED
SH006,REC-SH006-202602-0119,2026-02-08,80.00,74.77,5.23,,,SKIPPED,PERIOD_NOT_OPENED
SH024,REC-SH024-202602-0048,2026-02-08,240.00,224.30,15.70,,,SKIPPED,PERIOD_NOT_OPENED
SH006,REC-SH006-202602-0120,2026-02-08,580.00,542.06,37.94,,,SKIPPED,PERIOD_NOT_OPENED
SH010,REC-SH010-202602-0079,2026-02-08,1760.00,1644.86,115.14,,,SKIPPED,PERIOD_NOT_OPENED
SH030,REC-SH030-202602-0008,2026-02-08,160.00,149.53,10.47,,,SKIPPED,PERIOD_NOT_OPENED
SH010,REC-SH010-202602-0080,2026-02-08,80.00,74.77,5.23,,,SKIPPED,PERIOD_NOT_OPENED
SH026,REC-SH026-202602-0073,2026-02-08,600.00,560.75,39.25,,,SKIPPED,PERIOD_NOT_OPENED
SH025,REC-SH025-202602-0063,2026-02-08,80.00,74.77,5.23,,,SKIPPED,PERIOD_NOT_OPENED
SH025,REC-SH025-202602-0064,2026-02-08,240.00,224.30,15.70,,,SKIPPED,PERIOD_NOT_OPENED
SH025,REC-SH025-202602-0065,2026-02-08,240.00,224.30,15.70,,,SKIPPED,PERIOD_NOT_OPENED
SH010,REC-SH010-202602-0081,2026-02-08,80.00,74.77,5.23,,,SKIPPED,PERIOD_NOT_OPENED
SH010,REC-SH010-202602-0082,2026-02-08,80.00,74.77,5.23,,,SKIPPED,PERIOD_NOT_OPENED
SH010,REC-SH010-202602-0083,2026-02-08,120.00,112.15,7.85,,,SKIPPED,PERIOD_NOT_OPENED
SH026,REC-SH026-202602-0074,2026-02-08,120.00,112.15,7.85,,,SKIPPED,PERIOD_NOT_OPENED
SH006,REC-SH006-202602-0121,2026-02-08,1560.00,1457.94,102.06,,,SKIPPED,PERIOD_NOT_OPENED
SH026,REC-SH026-202602-0075,2026-02-08,60.00,56.07,3.93,,,SKIPPED,PERIOD_NOT_OPENED
SH025,REC-SH025-202602-0066,2026-02-08,120.00,112.15,7.85,,,SKIPPED,PERIOD_NOT_OPENED
SH006,REC-SH006-202602-0122,2026-02-08,780.00,728.97,51.03,,,SKIPPED,PERIOD_NOT_OPENED
SH028,REC-SH028-202602-0021,2026-02-08,330.00,308.41,21.59,,,SKIPPED,PERIOD_NOT_OPENED
SH024,REC-SH024-202602-0049,2026-02-08,280.00,261.68,18.32,,,SKIPPED,PERIOD_NOT_OPENED
SH025,REC-SH025-202602-0067,2026-02-08,240.00,224.30,15.70,,,SKIPPED,PERIOD_NOT_OPENED
SH025,REC-SH025-202602-0068,2026-02-08,200.00,186.92,13.08,,,SKIPPED,PERIOD_NOT_OPENED
SH026,REC-SH026-202602-0076,2026-02-09,120.00,112.15,7.85,,,SKIPPED,PERIOD_NOT_OPENED
SH012,REC-SH012-202602-0077,2026-02-09,120.00,112.15,7.85,,,SKIPPED,PERIOD_NOT_OPENED
SH001,REC-SH001-202602-0061,2026-02-09,2580.00,2411.21,168.79,,,SKIPPED,PERIOD_NOT_OPENED
SH026,REC-SH026-202602-0077,2026-02-09,1320.00,1233.64,86.36,,,SKIPPED,PERIOD_NOT_OPENED
SH026,REC-SH026-202602-0078,2026-02-09,1690.00,1579.44,110.56,,,SKIPPED,PERIOD_NOT_OPENED
SH024,REC-SH024-202602-0050,2026-02-09,4050.00,3785.05,264.95,,,SKIPPED,PERIOD_NOT_OPENED
SH028,REC-SH028-202602-0022,2026-02-09,1580.00,1476.64,103.36,,,SKIPPED,PERIOD_NOT_OPENED
SH026,REC-SH026-202602-0079,2026-02-09,120.00,112.15,7.85,,,SKIPPED,PERIOD_NOT_OPENED
SH001,REC-SH001-202602-0062,2026-02-09,160.00,149.53,10.47,,,SKIPPED,PERIOD_NOT_OPENED
SH001,REC-SH001-202602-0063,2026-02-09,60.00,56.07,3.93,,,SKIPPED,PERIOD_NOT_OPENED
SH012,REC-SH012-202602-0078,2026-02-09,1320.00,1233.64,86.36,,,SKIPPED,PERIOD_NOT_OPENED
SH025,REC-SH025-202602-0069,2026-02-09,80.00,74.77,5.23,,,SKIPPED,PERIOD_NOT_OPENED
SH025,REC-SH025-202602-0070,2026-02-09,80.00,74.77,5.23,,,SKIPPED,PERIOD_NOT_OPENED
SH012,REC-SH012-202602-0079,2026-02-09,460.00,429.91,30.09,,,SKIPPED,PERIOD_NOT_OPENED
SH026,REC-SH026-202602-0080,2026-02-09,2550.00,2383.18,166.82,,,SKIPPED,PERIOD_NOT_OPENED
SH025,REC-SH025-202602-0071,2026-02-09,240.00,224.30,15.70,,,SKIPPED,PERIOD_NOT_OPENED
SH006,REC-SH006-202602-0123,2026-02-09,200.00,186.92,13.08,,,SKIPPED,PERIOD_NOT_OPENED
SH001,REC-SH001-202602-0064,2026-02-09,3690.00,3448.60,241.40,,,SKIPPED,PERIOD_NOT_OPENED
SH006,REC-SH006-202602-0124,2026-02-09,120.00,112.15,7.85,,,SKIPPED,PERIOD_NOT_OPENED
SH026,REC-SH026-202602-0081,2026-02-09,160.00,149.53,10.47,,,SKIPPED,PERIOD_NOT_OPENED
SH010,REC-SH010-202602-0084,2026-02-09,330.00,308.41,21.59,,,SKIPPED,PERIOD_NOT_OPENED
SH006,REC-SH006-202602-0125,2026-02-09,320.00,299.07,20.93,,,SKIPPED,PERIOD_NOT_OPENED
SH001,REC-SH001-202602-0065,2026-02-09,60.00,56.07,3.93,,,SKIPPED,PERIOD_NOT_OPENED
SH012,REC-SH012-202602-0080,2026-02-09,120.00,112.15,7.85,,,SKIPPED,PERIOD_NOT_OPENED
SH026,REC-SH026-202602-0082,2026-02-09,320.00,299.07,20.93,,,SKIPPED,PERIOD_NOT_OPENED
SH010,REC-SH010-202602-0085,2026-02-09,240.00,224.30,15.70,,,SKIPPED,PERIOD_NOT_OPENED
SH010,REC-SH010-202602-0086,2026-02-09,120.00,112.15,7.85,,,SKIPPED,PERIOD_NOT_OPENED
SH026,REC-SH026-202602-0083,2026-02-09,80.00,74.77,5.23,,,SKIPPED,PERIOD_NOT_OPENED
SH012,REC-SH012-202602-0081,2026-02-09,500.00,467.29,32.71,,,SKIPPED,PERIOD_NOT_OPENED
SH025,REC-SH025-202602-0072,2026-02-09,1360.00,1271.03,88.97,,,SKIPPED,PERIOD_NOT_OPENED
SH025,REC-SH025-202602-0073,2026-02-09,80.00,74.77,5.23,,,SKIPPED,PERIOD_NOT_OPENED
SH012,REC-SH012-202602-0082,2026-02-09,1640.00,1532.71,107.29,,,SKIPPED,PERIOD_NOT_OPENED
SH010,REC-SH010-202602-0087,2026-02-09,120.00,112.15,7.85,,,SKIPPED,PERIOD_NOT_OPENED
SH026,REC-SH026-202602-0084,2026-02-09,460.00,429.91,30.09,,,SKIPPED,PERIOD_NOT_OPENED
SH028,REC-SH028-202602-0023,2026-02-09,220.00,205.61,14.39,,,SKIPPED,PERIOD_NOT_OPENED
SH012,REC-SH012-202602-0083,2026-02-09,80.00,74.77,5.23,,,SKIPPED,PERIOD_NOT_OPENED
SH025,REC-SH025-202602-0074,2026-02-09,80.00,74.77,5.23,,,SKIPPED,PERIOD_NOT_OPENED
SH010,REC-SH010-202602-0088,2026-02-09,430.00,401.87,28.13,,,SKIPPED,PERIOD_NOT_OPENED
SH006,REC-SH006-202602-0126,2026-02-09,360.00,336.45,23.55,,,SKIPPED,PERIOD_NOT_OPENED
SH010,REC-SH010-202602-0089,2026-02-09,120.00,112.15,7.85,,,SKIPPED,PERIOD_NOT_OPENED
SH010,REC-SH010-202602-0090,2026-02-09,80.00,74.77,5.23,,,SKIPPED,PERIOD_NOT_OPENED
SH025,REC-SH025-202602-0075,2026-02-09,60.00,56.07,3.93,,,SKIPPED,PERIOD_NOT_OPENED
SH010,REC-SH010-202602-0091,2026-02-09,160.00,149.53,10.47,,,SKIPPED,PERIOD_NOT_OPENED
SH025,REC-SH025-202602-0076,2026-02-09,1430.00,1336.45,93.55,,,SKIPPED,PERIOD_NOT_OPENED
SH012,REC-SH012-202602-0084,2026-02-09,1320.00,1233.64,86.36,,,SKIPPED,PERIOD_NOT_OPENED
SH012,REC-SH012-202602-0085,2026-02-09,120.00,112.15,7.85,,,SKIPPED,PERIOD_NOT_OPENED
SH012,REC-SH012-202602-0086,2026-02-09,330.00,308.41,21.59,,,SKIPPED,PERIOD_NOT_OPENED
SH010,REC-SH010-202602-0092,2026-02-09,80.00,74.77,5.23,,,SKIPPED,PERIOD_NOT_OPENED
SH028,REC-SH028-202602-0024,2026-02-09,610.00,570.09,39.91,,,SKIPPED,PERIOD_NOT_OPENED
SH026,REC-SH026-202602-0085,2026-02-09,240.00,224.30,15.70,,,SKIPPED,PERIOD_NOT_OPENED
SH026,REC-SH026-202602-0086,2026-02-09,280.00,261.68,18.32,,,SKIPPED,PERIOD_NOT_OPENED
SH001,REC-SH001-202602-0066,2026-02-09,220.00,205.61,14.39,,,SKIPPED,PERIOD_NOT_OPENED
SH026,REC-SH026-202602-0087,2026-02-09,120.00,112.15,7.85,,,SKIPPED,PERIOD_NOT_OPENED
SH010,REC-SH010-202602-0093,2026-02-09,120.00,112.15,7.85,,,SKIPPED,PERIOD_NOT_OPENED
SH006,REC-SH006-202602-0127,2026-02-09,160.00,149.53,10.47,,,SKIPPED,PERIOD_NOT_OPENED
SH012,REC-SH012-202602-0087,2026-02-09,200.00,186.92,13.08,,,SKIPPED,PERIOD_NOT_OPENED
SH025,REC-SH025-202602-0077,2026-02-09,80.00,74.77,5.23,,,SKIPPED,PERIOD_NOT_OPENED
SH010,REC-SH010-202602-0094,2026-02-09,3120.00,2915.89,204.11,,,SKIPPED,PERIOD_NOT_OPENED
SH010,REC-SH010-202602-0095,2026-02-09,160.00,149.53,10.47,,,SKIPPED,PERIOD_NOT_OPENED
SH026,REC-SH026-202602-0088,2026-02-09,120.00,112.15,7.85,,,SKIPPED,PERIOD_NOT_OPENED
SH010,REC-SH010-202602-0096,2026-02-09,80.00,74.77,5.23,,,SKIPPED,PERIOD_NOT_OPENED
SH010,REC-SH010-202602-0097,2026-02-09,240.00,224.30,15.70,,,SKIPPED,PERIOD_NOT_OPENED
SH012,REC-SH012-202602-0088,2026-02-09,120.00,112.15,7.85,,,SKIPPED,PERIOD_NOT_OPENED
SH001,REC-SH001-202602-0067,2026-02-09,60.00,56.07,3.93,,,SKIPPED,PERIOD_NOT_OPENED
SH025,REC-SH025-202602-0078,2026-02-09,240.00,224.30,15.70,,,SKIPPED,PERIOD_NOT_OPENED
SH010,REC-SH010-202602-0098,2026-02-09,2760.00,2579.44,180.56,,,SKIPPED,PERIOD_NOT_OPENED
SH012,REC-SH012-202602-0089,2026-02-09,80.00,74.77,5.23,,,SKIPPED,PERIOD_NOT_OPENED
SH006,REC-SH006-202602-0128,2026-02-09,80.00,74.77,5.23,,,SKIPPED,PERIOD_NOT_OPENED
SH024,REC-SH024-202602-0051,2026-02-09,100.00,93.46,6.54,,,SKIPPED,PERIOD_NOT_OPENED
SH028,REC-SH028-202602-0025,2026-02-09,660.00,616.82,43.18,,,SKIPPED,PERIOD_NOT_OPENED
SH024,REC-SH024-202602-0052,2026-02-09,330.00,308.41,21.59,,,SKIPPED,PERIOD_NOT_OPENED
SH010,REC-SH010-202602-0099,2026-02-10,3840.00,3588.79,251.21,,,SKIPPED,PERIOD_NOT_OPENED
SH026,REC-SH026-202602-0089,2026-02-10,460.00,429.91,30.09,,,SKIPPED,PERIOD_NOT_OPENED
SH010,REC-SH010-202602-0100,2026-02-10,160.00,149.53,10.47,,,SKIPPED,PERIOD_NOT_OPENED
SH006,REC-SH006-202602-0129,2026-02-10,240.00,224.30,15.70,,,SKIPPED,PERIOD_NOT_OPENED
SH025,REC-SH025-202602-0079,2026-02-10,120.00,112.15,7.85,,,SKIPPED,PERIOD_NOT_OPENED
SH025,REC-SH025-202602-0080,2026-02-10,240.00,224.30,15.70,,,SKIPPED,PERIOD_NOT_OPENED
SH024,REC-SH024-202602-0053,2026-02-10,280.00,261.68,18.32,,,SKIPPED,PERIOD_NOT_OPENED
SH025,REC-SH025-202602-0081,2026-02-10,460.00,429.91,30.09,,,SKIPPED,PERIOD_NOT_OPENED
SH006,REC-SH006-202602-0130,2026-02-10,1760.00,1644.86,115.14,,,SKIPPED,PERIOD_NOT_OPENED
SH006,REC-SH006-202602-0131,2026-02-10,80.00,74.77,5.23,,,SKIPPED,PERIOD_NOT_OPENED
SH026,REC-SH026-202602-0090,2026-02-10,330.00,308.41,21.59,,,SKIPPED,PERIOD_NOT_OPENED
SH012,REC-SH012-202602-0090,2026-02-10,460.00,429.91,30.09,,,SKIPPED,PERIOD_NOT_OPENED
SH025,REC-SH025-202602-0082,2026-02-10,80.00,74.77,5.23,,,SKIPPED,PERIOD_NOT_OPENED
SH012,REC-SH012-202602-0091,2026-02-10,380.00,355.14,24.86,,,SKIPPED,PERIOD_NOT_OPENED
SH001,REC-SH001-202602-0068,2026-02-10,120.00,112.15,7.85,,,SKIPPED,PERIOD_NOT_OPENED
SH006,REC-SH006-202602-0132,2026-02-10,1560.00,1457.94,102.06,,,SKIPPED,PERIOD_NOT_OPENED
SH026,REC-SH026-202602-0091,2026-02-10,240.00,224.30,15.70,,,SKIPPED,PERIOD_NOT_OPENED
SH006,REC-SH006-202602-0133,2026-02-10,325.00,303.74,21.26,,,SKIPPED,PERIOD_NOT_OPENED
SH024,REC-SH024-202602-0054,2026-02-10,120.00,112.15,7.85,,,SKIPPED,PERIOD_NOT_OPENED
SH006,REC-SH006-202602-0134,2026-02-10,120.00,112.15,7.85,,,SKIPPED,PERIOD_NOT_OPENED
SH001,REC-SH001-202602-0069,2026-02-10,1580.00,1476.64,103.36,,,SKIPPED,PERIOD_NOT_OPENED
SH012,REC-SH012-202602-0092,2026-02-10,580.00,542.06,37.94,,,SKIPPED,PERIOD_NOT_OPENED
SH010,REC-SH010-202602-0101,2026-02-10,80.00,74.77,5.23,,,SKIPPED,PERIOD_NOT_OPENED
SH010,REC-SH010-202602-0102,2026-02-10,190.00,177.57,12.43,,,SKIPPED,PERIOD_NOT_OPENED
SH001,REC-SH001-202602-0070,2026-02-10,220.00,205.61,14.39,,,SKIPPED,PERIOD_NOT_OPENED
SH010,REC-SH010-202602-0103,2026-02-10,1320.00,1233.64,86.36,,,SKIPPED,PERIOD_NOT_OPENED
SH001,REC-SH001-202602-0071,2026-02-10,5140.00,4803.74,336.26,,,SKIPPED,PERIOD_NOT_OPENED
SH026,REC-SH026-202602-0092,2026-02-10,120.00,112.15,7.85,,,SKIPPED,PERIOD_NOT_OPENED
SH006,REC-SH006-202602-0135,2026-02-10,160.00,149.53,10.47,,,SKIPPED,PERIOD_NOT_OPENED
SH006,REC-SH006-202602-0136,2026-02-10,1970.00,1841.12,128.88,,,SKIPPED,PERIOD_NOT_OPENED
SH026,REC-SH026-202602-0093,2026-02-10,120.00,112.15,7.85,,,SKIPPED,PERIOD_NOT_OPENED
SH026,REC-SH026-202602-0094,2026-02-10,200.00,186.92,13.08,,,SKIPPED,PERIOD_NOT_OPENED
SH010,REC-SH010-202602-0104,2026-02-10,410.00,383.18,26.82,,,SKIPPED,PERIOD_NOT_OPENED
SH024,REC-SH024-202602-0055,2026-02-10,410.00,383.18,26.82,,,SKIPPED,PERIOD_NOT_OPENED
SH025,REC-SH025-202602-0083,2026-02-10,60.00,56.07,3.93,,,SKIPPED,PERIOD_NOT_OPENED
SH025,REC-SH025-202602-0084,2026-02-10,280.00,261.68,18.32,,,SKIPPED,PERIOD_NOT_OPENED
SH025,REC-SH025-202602-0085,2026-02-10,120.00,112.15,7.85,,,SKIPPED,PERIOD_NOT_OPENED
SH006,REC-SH006-202602-0137,2026-02-10,100.00,93.46,6.54,,,SKIPPED,PERIOD_NOT_OPENED
SH012,REC-SH012-202602-0093,2026-02-10,240.00,224.30,15.70,,,SKIPPED,PERIOD_NOT_OPENED
SH024,REC-SH024-202602-0056,2026-02-10,280.00,261.68,18.32,,,SKIPPED,PERIOD_NOT_OPENED
SH025,REC-SH025-202602-0086,2026-02-10,160.00,149.53,10.47,,,SKIPPED,PERIOD_NOT_OPENED
SH001,REC-SH001-202602-0072,2026-02-10,610.00,570.09,39.91,,,SKIPPED,PERIOD_NOT_OPENED
SH012,REC-SH012-202602-0094,2026-02-10,1000.00,934.58,65.42,,,SKIPPED,PERIOD_NOT_OPENED
SH006,REC-SH006-202602-0138,2026-02-10,2460.00,2299.07,160.93,,,SKIPPED,PERIOD_NOT_OPENED
SH010,REC-SH010-202602-0105,2026-02-10,160.00,149.53,10.47,,,SKIPPED,PERIOD_NOT_OPENED
SH010,REC-SH010-202602-0106,2026-02-10,160.00,149.53,10.47,,,SKIPPED,PERIOD_NOT_OPENED
SH025,REC-SH025-202602-0087,2026-02-10,80.00,74.77,5.23,,,SKIPPED,PERIOD_NOT_OPENED
SH025,REC-SH025-202602-0088,2026-02-10,160.00,149.53,10.47,,,SKIPPED,PERIOD_NOT_OPENED
SH025,REC-SH025-202602-0089,2026-02-10,660.00,616.82,43.18,,,SKIPPED,PERIOD_NOT_OPENED
SH006,REC-SH006-202602-0139,2026-02-10,60.00,56.07,3.93,,,SKIPPED,PERIOD_NOT_OPENED
SH028,REC-SH028-202602-0026,2026-02-10,330.00,308.41,21.59,,,SKIPPED,PERIOD_NOT_OPENED
SH025,REC-SH025-202602-0090,2026-02-10,120.00,112.15,7.85,,,SKIPPED,PERIOD_NOT_OPENED
SH006,REC-SH006-202602-0140,2026-02-10,350.00,327.10,22.90,,,SKIPPED,PERIOD_NOT_OPENED
SH006,REC-SH006-202602-0141,2026-02-10,1320.00,1233.64,86.36,,,SKIPPED,PERIOD_NOT_OPENED
SH026,REC-SH026-202602-0095,2026-02-10,2500.00,2336.45,163.55,,,SKIPPED,PERIOD_NOT_OPENED
SH001,REC-SH001-202602-0073,2026-02-10,1250.00,1168.22,81.78,,,SKIPPED,PERIOD_NOT_OPENED
SH010,REC-SH010-202602-0107,2026-02-10,480.00,448.60,31.40,,,SKIPPED,PERIOD_NOT_OPENED
SH012,REC-SH012-202602-0095,2026-02-10,240.00,224.30,15.70,,,SKIPPED,PERIOD_NOT_OPENED
SH025,REC-SH025-202602-0091,2026-02-10,1140.00,1065.42,74.58,,,SKIPPED,PERIOD_NOT_OPENED
SH006,REC-SH006-202602-0142,2026-02-10,60.00,56.07,3.93,,,SKIPPED,PERIOD_NOT_OPENED
SH010,REC-SH010-202602-0108,2026-02-10,2750.00,2570.09,179.91,,,SKIPPED,PERIOD_NOT_OPENED
SH001,REC-SH001-202602-0074,2026-02-10,80.00,74.77,5.23,,,SKIPPED,PERIOD_NOT_OPENED
SH026,REC-SH026-202602-0096,2026-02-10,80.00,74.77,5.23,,,SKIPPED,PERIOD_NOT_OPENED
SH024,REC-SH024-202602-0057,2026-02-10,120.00,112.15,7.85,,,SKIPPED,PERIOD_NOT_OPENED
SH010,REC-SH010-202602-0109,2026-02-11,160.00,149.53,10.47,,,SKIPPED,PERIOD_NOT_OPENED
SH001,REC-SH001-202602-0075,2026-02-11,2640.00,2467.29,172.71,,,SKIPPED,PERIOD_NOT_OPENED
SH001,REC-SH001-202602-0076,2026-02-11,220.00,205.61,14.39,,,SKIPPED,PERIOD_NOT_OPENED
SH024,REC-SH024-202602-0058,2026-02-11,80.00,74.77,5.23,,,SKIPPED,PERIOD_NOT_OPENED
SH024,REC-SH024-202602-0059,2026-02-11,120.00,112.15,7.85,,,SKIPPED,PERIOD_NOT_OPENED
SH010,REC-SH010-202602-0110,2026-02-11,80.00,74.77,5.23,,,SKIPPED,PERIOD_NOT_OPENED
SH006,REC-SH006-202602-0143,2026-02-11,240.00,224.30,15.70,,,SKIPPED,PERIOD_NOT_OPENED
SH026,REC-SH026-202602-0097,2026-02-11,120.00,112.15,7.85,,,SKIPPED,PERIOD_NOT_OPENED
SH006,REC-SH006-202602-0144,2026-02-11,120.00,112.15,7.85,,,SKIPPED,PERIOD_NOT_OPENED
SH012,REC-SH012-202602-0096,2026-02-11,120.00,112.15,7.85,,,SKIPPED,PERIOD_NOT_OPENED
SH026,REC-SH026-202602-0098,2026-02-11,1840.00,1719.63,120.37,,,SKIPPED,PERIOD_NOT_OPENED
SH026,REC-SH026-202602-0099,2026-02-11,120.00,112.15,7.85,,,SKIPPED,PERIOD_NOT_OPENED
SH001,REC-SH001-202602-0077,2026-02-11,240.00,224.30,15.70,,,SKIPPED,PERIOD_NOT_OPENED
SH010,REC-SH010-202602-0111,2026-02-11,160.00,149.53,10.47,,,SKIPPED,PERIOD_NOT_OPENED
SH025,REC-SH025-202602-0092,2026-02-11,60.00,56.07,3.93,,,SKIPPED,PERIOD_NOT_OPENED
SH001,REC-SH001-202602-0078,2026-02-11,580.00,542.06,37.94,,,SKIPPED,PERIOD_NOT_OPENED
SH024,REC-SH024-202602-0060,2026-02-11,80.00,74.77,5.23,,,SKIPPED,PERIOD_NOT_OPENED
SH024,REC-SH024-202602-0061,2026-02-11,160.00,149.53,10.47,,,SKIPPED,PERIOD_NOT_OPENED
SH001,REC-SH001-202602-0079,2026-02-11,160.00,149.53,10.47,,,SKIPPED,PERIOD_NOT_OPENED
SH024,REC-SH024-202602-0062,2026-02-11,80.00,74.77,5.23,,,SKIPPED,PERIOD_NOT_OPENED
SH001,REC-SH001-202602-0080,2026-02-11,3120.00,2915.89,204.11,,,SKIPPED,PERIOD_NOT_OPENED
SH024,REC-SH024-202602-0063,2026-02-11,1320.00,1233.64,86.36,,,SKIPPED,PERIOD_NOT_OPENED
SH026,REC-SH026-202602-0100,2026-02-11,120.00,112.15,7.85,,,SKIPPED,PERIOD_NOT_OPENED
SH006,REC-SH006-202602-0145,2026-02-11,2010.00,1878.50,131.50,,,SKIPPED,PERIOD_NOT_OPENED
SH012,REC-SH012-202602-0097,2026-02-11,160.00,149.53,10.47,,,SKIPPED,PERIOD_NOT_OPENED
SH001,REC-SH001-202602-0081,2026-02-11,1580.00,1476.64,103.36,,,SKIPPED,PERIOD_NOT_OPENED
SH006,REC-SH006-202602-0146,2026-02-11,580.00,542.06,37.94,,,SKIPPED,PERIOD_NOT_OPENED
SH010,REC-SH010-202602-0112,2026-02-11,500.00,467.29,32.71,,,SKIPPED,PERIOD_NOT_OPENED
SH006,REC-SH006-202602-0147,2026-02-11,440.00,411.21,28.79,,,SKIPPED,PERIOD_NOT_OPENED
SH026,REC-SH026-202602-0101,2026-02-11,1230.00,1149.53,80.47,,,SKIPPED,PERIOD_NOT_OPENED
SH001,REC-SH001-202602-0082,2026-02-11,330.00,308.41,21.59,,,SKIPPED,PERIOD_NOT_OPENED
SH026,REC-SH026-202602-0102,2026-02-11,400.00,373.83,26.17,,,SKIPPED,PERIOD_NOT_OPENED
SH006,REC-SH006-202602-0148,2026-02-11,930.00,869.16,60.84,,,SKIPPED,PERIOD_NOT_OPENED
SH025,REC-SH025-202602-0093,2026-02-11,380.00,355.14,24.86,,,SKIPPED,PERIOD_NOT_OPENED
SH010,REC-SH010-202602-0113,2026-02-11,600.00,560.75,39.25,,,SKIPPED,PERIOD_NOT_OPENED
SH012,REC-SH012-202602-0098,2026-02-11,120.00,112.15,7.85,,,SKIPPED,PERIOD_NOT_OPENED
SH025,REC-SH025-202602-0094,2026-02-11,220.00,205.61,14.39,,,SKIPPED,PERIOD_NOT_OPENED
SH025,REC-SH025-202602-0095,2026-02-11,120.00,112.15,7.85,,,SKIPPED,PERIOD_NOT_OPENED
SH012,REC-SH012-202602-0099,2026-02-11,580.00,542.06,37.94,,,SKIPPED,PERIOD_NOT_OPENED
SH001,REC-SH001-202602-0083,2026-02-11,120.00,112.15,7.85,,,SKIPPED,PERIOD_NOT_OPENED
SH026,REC-SH026-202602-0103,2026-02-11,120.00,112.15,7.85,,,SKIPPED,PERIOD_NOT_OPENED
SH025,REC-SH025-202602-0096,2026-02-11,80.00,74.77,5.23,,,SKIPPED,PERIOD_NOT_OPENED
SH025,REC-SH025-202602-0097,2026-02-11,325.00,303.74,21.26,,,SKIPPED,PERIOD_NOT_OPENED
SH001,REC-SH001-202602-0084,2026-02-11,1100.00,1028.04,71.96,,,SKIPPED,PERIOD_NOT_OPENED
SH006,REC-SH006-202602-0149,2026-02-11,80.00,74.77,5.23,,,SKIPPED,PERIOD_NOT_OPENED
SH001,REC-SH001-202602-0085,2026-02-11,1230.00,1149.53,80.47,,,SKIPPED,PERIOD_NOT_OPENED
SH028,REC-SH028-202602-0027,2026-02-11,160.00,149.53,10.47,,,SKIPPED,PERIOD_NOT_OPENED
SH024,REC-SH024-202602-0064,2026-02-11,280.00,261.68,18.32,,,SKIPPED,PERIOD_NOT_OPENED
SH006,REC-SH006-202602-0150,2026-02-12,1580.00,1476.64,103.36,,,SKIPPED,PERIOD_NOT_OPENED
SH028,REC-SH028-202602-0028,2026-02-12,330.00,308.41,21.59,,,SKIPPED,PERIOD_NOT_OPENED
SH012,REC-SH012-202602-0100,2026-02-12,1440.00,1345.79,94.21,,,SKIPPED,PERIOD_NOT_OPENED
SH010,REC-SH010-202602-0114,2026-02-12,320.00,299.07,20.93,,,SKIPPED,PERIOD_NOT_OPENED
SH025,REC-SH025-202602-0098,2026-02-12,820.00,766.36,53.64,,,SKIPPED,PERIOD_NOT_OPENED
SH028,REC-SH028-202602-0029,2026-02-12,220.00,205.61,14.39,,,SKIPPED,PERIOD_NOT_OPENED
SH010,REC-SH010-202602-0115,2026-02-12,325.00,303.74,21.26,,,SKIPPED,PERIOD_NOT_OPENED
SH012,REC-SH012-202602-0101,2026-02-12,80.00,74.77,5.23,,,SKIPPED,PERIOD_NOT_OPENED
SH026,REC-SH026-202602-0104,2026-02-12,120.00,112.15,7.85,,,SKIPPED,PERIOD_NOT_OPENED
SH010,REC-SH010-202602-0116,2026-02-12,400.00,373.83,26.17,,,SKIPPED,PERIOD_NOT_OPENED
SH025,REC-SH025-202602-0099,2026-02-12,80.00,74.77,5.23,,,SKIPPED,PERIOD_NOT_OPENED
SH006,REC-SH006-202602-0151,2026-02-12,60.00,56.07,3.93,,,SKIPPED,PERIOD_NOT_OPENED
SH025,REC-SH025-202602-0100,2026-02-12,240.00,224.30,15.70,,,SKIPPED,PERIOD_NOT_OPENED
SH026,REC-SH026-202602-0105,2026-02-12,840.00,785.05,54.95,,,SKIPPED,PERIOD_NOT_OPENED
SH010,REC-SH010-202602-0117,2026-02-12,820.00,766.36,53.64,,,SKIPPED,PERIOD_NOT_OPENED
SH001,REC-SH001-202602-0086,2026-02-12,160.00,149.53,10.47,,,SKIPPED,PERIOD_NOT_OPENED
SH030,REC-SH030-202602-0009,2026-02-12,340.00,317.76,22.24,,,SKIPPED,PERIOD_NOT_OPENED
SH012,REC-SH012-202602-0102,2026-02-12,240.00,224.30,15.70,,,SKIPPED,PERIOD_NOT_OPENED
SH026,REC-SH026-202602-0106,2026-02-12,100.00,93.46,6.54,,,SKIPPED,PERIOD_NOT_OPENED
SH026,REC-SH026-202602-0107,2026-02-12,180.00,168.22,11.78,,,SKIPPED,PERIOD_NOT_OPENED
SH001,REC-SH001-202602-0087,2026-02-12,1580.00,1476.64,103.36,,,SKIPPED,PERIOD_NOT_OPENED
SH012,REC-SH012-202602-0103,2026-02-12,120.00,112.15,7.85,,,SKIPPED,PERIOD_NOT_OPENED
SH024,REC-SH024-202602-0065,2026-02-12,1620.00,1514.02,105.98,,,SKIPPED,PERIOD_NOT_OPENED
SH028,REC-SH028-202602-0030,2026-02-12,160.00,149.53,10.47,,,SKIPPED,PERIOD_NOT_OPENED
SH025,REC-SH025-202602-0101,2026-02-12,80.00,74.77,5.23,,,SKIPPED,PERIOD_NOT_OPENED
SH026,REC-SH026-202602-0108,2026-02-12,1230.00,1149.53,80.47,,,SKIPPED,PERIOD_NOT_OPENED
SH006,REC-SH006-202602-0152,2026-02-12,80.00,74.77,5.23,,,SKIPPED,PERIOD_NOT_OPENED
SH006,REC-SH006-202602-0153,2026-02-12,160.00,149.53,10.47,,,SKIPPED,PERIOD_NOT_OPENED
SH024,REC-SH024-202602-0066,2026-02-12,680.00,635.51,44.49,,,SKIPPED,PERIOD_NOT_OPENED
SH006,REC-SH006-202602-0154,2026-02-12,80.00,74.77,5.23,,,SKIPPED,PERIOD_NOT_OPENED
SH025,REC-SH025-202602-0102,2026-02-12,160.00,149.53,10.47,,,SKIPPED,PERIOD_NOT_OPENED
SH025,REC-SH025-202602-0103,2026-02-12,80.00,74.77,5.23,,,SKIPPED,PERIOD_NOT_OPENED
SH010,REC-SH010-202602-0118,2026-02-12,460.00,429.91,30.09,,,SKIPPED,PERIOD_NOT_OPENED
SH025,REC-SH025-202602-0104,2026-02-12,240.00,224.30,15.70,,,SKIPPED,PERIOD_NOT_OPENED
SH025,REC-SH025-202602-0105,2026-02-12,160.00,149.53,10.47,,,SKIPPED,PERIOD_NOT_OPENED
SH001,REC-SH001-202602-0088,2026-02-12,1560.00,1457.94,102.06,,,SKIPPED,PERIOD_NOT_OPENED
SH012,REC-SH012-202602-0104,2026-02-12,460.00,429.91,30.09,,,SKIPPED,PERIOD_NOT_OPENED
SH026,REC-SH026-202602-0109,2026-02-12,80.00,74.77,5.23,,,SKIPPED,PERIOD_NOT_OPENED
SH001,REC-SH001-202602-0089,2026-02-12,3090.00,2887.85,202.15,,,SKIPPED,PERIOD_NOT_OPENED
SH028,REC-SH028-202602-0031,2026-02-12,1250.00,1168.22,81.78,,,SKIPPED,PERIOD_NOT_OPENED
SH012,REC-SH012-202602-0105,2026-02-12,120.00,112.15,7.85,,,SKIPPED,PERIOD_NOT_OPENED
SH012,REC-SH012-202602-0106,2026-02-12,380.00,355.14,24.86,,,SKIPPED,PERIOD_NOT_OPENED
SH012,REC-SH012-202602-0107,2026-02-12,3080.00,2878.50,201.50,,,SKIPPED,PERIOD_NOT_OPENED
SH001,REC-SH001-202602-0090,2026-02-12,1890.00,1766.36,123.64,,,SKIPPED,PERIOD_NOT_OPENED
SH030,REC-SH030-202602-0010,2026-02-12,1580.00,1476.64,103.36,,,SKIPPED,PERIOD_NOT_OPENED
SH025,REC-SH025-202602-0106,2026-02-12,60.00,56.07,3.93,,,SKIPPED,PERIOD_NOT_OPENED
SH006,REC-SH006-202602-0155,2026-02-12,160.00,149.53,10.47,,,SKIPPED,PERIOD_NOT_OPENED
SH006,REC-SH006-202602-0156,2026-02-12,440.00,411.21,28.79,,,SKIPPED,PERIOD_NOT_OPENED
SH006,REC-SH006-202602-0157,2026-02-12,280.00,261.68,18.32,,,SKIPPED,PERIOD_NOT_OPENED
SH024,REC-SH024-202602-0067,2026-02-12,280.00,261.68,18.32,,,SKIPPED,PERIOD_NOT_OPENED
SH006,REC-SH006-202602-0158,2026-02-12,330.00,308.41,21.59,,,SKIPPED,PERIOD_NOT_OPENED
SH006,REC-SH006-202602-0159,2026-02-12,200.00,186.92,13.08,,,SKIPPED,PERIOD_NOT_OPENED
SH001,REC-SH001-202602-0091,2026-02-12,220.00,205.61,14.39,,,SKIPPED,PERIOD_NOT_OPENED
SH025,REC-SH025-202602-0107,2026-02-12,80.00,74.77,5.23,,,SKIPPED,PERIOD_NOT_OPENED
SH026,REC-SH026-202602-0110,2026-02-12,1230.00,1149.53,80.47,,,SKIPPED,PERIOD_NOT_OPENED
SH006,REC-SH006-202602-0160,2026-02-12,80.00,74.77,5.23,,,SKIPPED,PERIOD_NOT_OPENED
SH010,REC-SH010-202602-0119,2026-02-12,60.00,56.07,3.93,,,SKIPPED,PERIOD_NOT_OPENED
SH001,REC-SH001-202602-0092,2026-02-12,200.00,186.92,13.08,,,SKIPPED,PERIOD_NOT_OPENED
SH001,REC-SH001-202602-0093,2026-02-12,60.00,56.07,3.93,,,SKIPPED,PERIOD_NOT_OPENED
SH025,REC-SH025-202602-0108,2026-02-12,380.00,355.14,24.86,,,SKIPPED,PERIOD_NOT_OPENED
SH024,REC-SH024-202602-0068,2026-02-12,160.00,149.53,10.47,,,SKIPPED,PERIOD_NOT_OPENED
SH025,REC-SH025-202602-0109,2026-02-12,120.00,112.15,7.85,,,SKIPPED,PERIOD_NOT_OPENED
SH006,REC-SH006-202602-0161,2026-02-13,780.00,728.97,51.03,,,SKIPPED,PERIOD_NOT_OPENED
SH024,REC-SH024-202602-0069,2026-02-13,160.00,149.53,10.47,,,SKIPPED,PERIOD_NOT_OPENED
SH025,REC-SH025-202602-0110,2026-02-13,220.00,205.61,14.39,,,SKIPPED,PERIOD_NOT_OPENED
SH006,REC-SH006-202602-0162,2026-02-13,2850.00,2663.55,186.45,,,SKIPPED,PERIOD_NOT_OPENED
SH012,REC-SH012-202602-0108,2026-02-13,540.00,504.67,35.33,,,SKIPPED,PERIOD_NOT_OPENED
SH012,REC-SH012-202602-0109,2026-02-13,80.00,74.77,5.23,,,SKIPPED,PERIOD_NOT_OPENED
SH010,REC-SH010-202602-0120,2026-02-13,5700.00,5327.10,372.90,,,SKIPPED,PERIOD_NOT_OPENED
SH025,REC-SH025-202602-0111,2026-02-13,240.00,224.30,15.70,,,SKIPPED,PERIOD_NOT_OPENED
SH001,REC-SH001-202602-0094,2026-02-13,330.00,308.41,21.59,,,SKIPPED,PERIOD_NOT_OPENED
SH026,REC-SH026-202602-0111,2026-02-13,360.00,336.45,23.55,,,SKIPPED,PERIOD_NOT_OPENED
SH010,REC-SH010-202602-0121,2026-02-13,80.00,74.77,5.23,,,SKIPPED,PERIOD_NOT_OPENED
SH001,REC-SH001-202602-0095,2026-02-13,1230.00,1149.53,80.47,,,SKIPPED,PERIOD_NOT_OPENED
SH001,REC-SH001-202602-0096,2026-02-13,2790.00,2607.48,182.52,,,SKIPPED,PERIOD_NOT_OPENED
SH006,REC-SH006-202602-0163,2026-02-13,700.00,654.21,45.79,,,SKIPPED,PERIOD_NOT_OPENED
SH006,REC-SH006-202602-0164,2026-02-13,240.00,224.30,15.70,,,SKIPPED,PERIOD_NOT_OPENED
SH006,REC-SH006-202602-0165,2026-02-13,160.00,149.53,10.47,,,SKIPPED,PERIOD_NOT_OPENED
SH006,REC-SH006-202602-0166,2026-02-13,80.00,74.77,5.23,,,SKIPPED,PERIOD_NOT_OPENED
SH006,REC-SH006-202602-0167,2026-02-13,580.00,542.06,37.94,,,SKIPPED,PERIOD_NOT_OPENED
SH001,REC-SH001-202602-0097,2026-02-13,1580.00,1476.64,103.36,,,SKIPPED,PERIOD_NOT_OPENED
SH028,REC-SH028-202602-0032,2026-02-13,1320.00,1233.64,86.36,,,SKIPPED,PERIOD_NOT_OPENED
SH026,REC-SH026-202602-0112,2026-02-13,1560.00,1457.94,102.06,,,SKIPPED,PERIOD_NOT_OPENED
SH001,REC-SH001-202602-0098,2026-02-13,1560.00,1457.94,102.06,,,SKIPPED,PERIOD_NOT_OPENED
SH024,REC-SH024-202602-0070,2026-02-13,80.00,74.77,5.23,,,SKIPPED,PERIOD_NOT_OPENED
SH024,REC-SH024-202602-0071,2026-02-13,610.00,570.09,39.91,,,SKIPPED,PERIOD_NOT_OPENED
SH010,REC-SH010-202602-0122,2026-02-13,3690.00,3448.60,241.40,,,SKIPPED,PERIOD_NOT_OPENED
SH010,REC-SH010-202602-0123,2026-02-13,80.00,74.77,5.23,,,SKIPPED,PERIOD_NOT_OPENED
SH010,REC-SH010-202602-0124,2026-02-13,1380.00,1289.72,90.28,,,SKIPPED,PERIOD_NOT_OPENED
SH010,REC-SH010-202602-0125,2026-02-13,240.00,224.30,15.70,,,SKIPPED,PERIOD_NOT_OPENED
SH012,REC-SH012-202602-0110,2026-02-13,580.00,542.06,37.94,,,SKIPPED,PERIOD_NOT_OPENED
SH012,REC-SH012-202602-0111,2026-02-13,160.00,149.53,10.47,,,SKIPPED,PERIOD_NOT_OPENED
SH012,REC-SH012-202602-0112,2026-02-13,60.00,56.07,3.93,,,SKIPPED,PERIOD_NOT_OPENED
SH006,REC-SH006-202602-0168,2026-02-13,3940.00,3682.24,257.76,,,SKIPPED,PERIOD_NOT_OPENED
SH001,REC-SH001-202602-0099,2026-02-13,580.00,542.06,37.94,,,SKIPPED,PERIOD_NOT_OPENED
SH001,REC-SH001-202602-0100,2026-02-13,1650.00,1542.06,107.94,,,SKIPPED,PERIOD_NOT_OPENED
SH006,REC-SH006-202602-0169,2026-02-13,1970.00,1841.12,128.88,,,SKIPPED,PERIOD_NOT_OPENED
SH012,REC-SH012-202602-0113,2026-02-13,1320.00,1233.64,86.36,,,SKIPPED,PERIOD_NOT_OPENED
SH028,REC-SH028-202602-0033,2026-02-13,330.00,308.41,21.59,,,SKIPPED,PERIOD_NOT_OPENED
SH006,REC-SH006-202602-0170,2026-02-13,240.00,224.30,15.70,,,SKIPPED,PERIOD_NOT_OPENED
SH010,REC-SH010-202602-0126,2026-02-13,80.00,74.77,5.23,,,SKIPPED,PERIOD_NOT_OPENED
SH001,REC-SH001-202602-0101,2026-02-13,1890.00,1766.36,123.64,,,SKIPPED,PERIOD_NOT_OPENED
SH001,REC-SH001-202602-0102,2026-02-13,1560.00,1457.94,102.06,,,SKIPPED,PERIOD_NOT_OPENED
SH026,REC-SH026-202602-0113,2026-02-13,120.00,112.15,7.85,,,SKIPPED,PERIOD_NOT_OPENED
SH006,REC-SH006-202602-0171,2026-02-13,130.00,121.50,8.50,,,SKIPPED,PERIOD_NOT_OPENED
SH012,REC-SH012-202602-0114,2026-02-13,1760.00,1644.86,115.14,,,SKIPPED,PERIOD_NOT_OPENED
SH010,REC-SH010-202602-0127,2026-02-13,120.00,112.15,7.85,,,SKIPPED,PERIOD_NOT_OPENED
SH028,REC-SH028-202602-0034,2026-02-13,160.00,149.53,10.47,,,SKIPPED,PERIOD_NOT_OPENED
SH025,REC-SH025-202602-0112,2026-02-13,120.00,112.15,7.85,,,SKIPPED,PERIOD_NOT_OPENED
SH006,REC-SH006-202602-0172,2026-02-13,160.00,149.53,10.47,,,SKIPPED,PERIOD_NOT_OPENED
SH006,REC-SH006-202602-0173,2026-02-13,1320.00,1233.64,86.36,,,SKIPPED,PERIOD_NOT_OPENED
SH025,REC-SH025-202602-0113,2026-02-13,240.00,224.30,15.70,,,SKIPPED,PERIOD_NOT_OPENED
SH025,REC-SH025-202602-0114,2026-02-13,120.00,112.15,7.85,,,SKIPPED,PERIOD_NOT_OPENED
SH025,REC-SH025-202602-0115,2026-02-13,80.00,74.77,5.23,,,SKIPPED,PERIOD_NOT_OPENED
SH001,REC-SH001-202602-0103,2026-02-13,320.00,299.07,20.93,,,SKIPPED,PERIOD_NOT_OPENED
SH026,REC-SH026-202602-0114,2026-02-13,2460.00,2299.07,160.93,,,SKIPPED,PERIOD_NOT_OPENED
SH006,REC-SH006-202602-0174,2026-02-13,3290.00,3074.77,215.23,,,SKIPPED,PERIOD_NOT_OPENED
SH024,REC-SH024-202602-0072,2026-02-13,80.00,74.77,5.23,,,SKIPPED,PERIOD_NOT_OPENED
SH024,REC-SH024-202602-0073,2026-02-13,80.00,74.77,5.23,,,SKIPPED,PERIOD_NOT_OPENED
SH025,REC-SH025-202602-0116,2026-02-13,330.00,308.41,21.59,,,SKIPPED,PERIOD_NOT_OPENED
SH010,REC-SH010-202602-0128,2026-02-13,330.00,308.41,21.59,,,SKIPPED,PERIOD_NOT_OPENED
SH006,REC-SH006-202602-0175,2026-02-13,240.00,224.30,15.70,,,SKIPPED,PERIOD_NOT_OPENED
SH025,REC-SH025-202602-0117,2026-02-13,325.00,303.74,21.26,,,SKIPPED,PERIOD_NOT_OPENED
SH025,REC-SH025-202602-0118,2026-02-13,380.00,355.14,24.86,,,SKIPPED,PERIOD_NOT_OPENED
SH012,REC-SH012-202602-0115,2026-02-14,160.00,149.53,10.47,,,SKIPPED,PERIOD_NOT_OPENED
SH010,REC-SH010-202602-0129,2026-02-14,1320.00,1233.64,86.36,,,SKIPPED,PERIOD_NOT_OPENED
SH010,REC-SH010-202602-0130,2026-02-14,460.00,429.91,30.09,,,SKIPPED,PERIOD_NOT_OPENED
SH030,REC-SH030-202602-0011,2026-02-14,80.00,74.77,5.23,,,SKIPPED,PERIOD_NOT_OPENED
SH010,REC-SH010-202602-0131,2026-02-14,1560.00,1457.94,102.06,,,SKIPPED,PERIOD_NOT_OPENED
SH010,REC-SH010-202602-0132,2026-02-14,2500.00,2336.45,163.55,,,SKIPPED,PERIOD_NOT_OPENED
SH006,REC-SH006-202602-0176,2026-02-14,260.00,242.99,17.01,,,SKIPPED,PERIOD_NOT_OPENED
SH001,REC-SH001-202602-0104,2026-02-14,2460.00,2299.07,160.93,,,SKIPPED,PERIOD_NOT_OPENED
SH030,REC-SH030-202602-0012,2026-02-14,160.00,149.53,10.47,,,SKIPPED,PERIOD_NOT_OPENED
SH025,REC-SH025-202602-0119,2026-02-14,530.00,495.33,34.67,,,SKIPPED,PERIOD_NOT_OPENED
SH006,REC-SH006-202602-0177,2026-02-14,650.00,607.48,42.52,,,SKIPPED,PERIOD_NOT_OPENED
SH026,REC-SH026-202602-0115,2026-02-14,280.00,261.68,18.32,,,SKIPPED,PERIOD_NOT_OPENED
SH012,REC-SH012-202602-0116,2026-02-14,580.00,542.06,37.94,,,SKIPPED,PERIOD_NOT_OPENED
SH001,REC-SH001-202602-0105,2026-02-14,260.00,242.99,17.01,,,SKIPPED,PERIOD_NOT_OPENED
SH026,REC-SH026-202602-0116,2026-02-14,1650.00,1542.06,107.94,,,SKIPPED,PERIOD_NOT_OPENED
SH026,REC-SH026-202602-0117,2026-02-14,680.00,635.51,44.49,,,SKIPPED,PERIOD_NOT_OPENED
SH026,REC-SH026-202602-0118,2026-02-14,2460.00,2299.07,160.93,,,SKIPPED,PERIOD_NOT_OPENED
SH025,REC-SH025-202602-0120,2026-02-14,80.00,74.77,5.23,,,SKIPPED,PERIOD_NOT_OPENED
SH026,REC-SH026-202602-0119,2026-02-14,160.00,149.53,10.47,,,SKIPPED,PERIOD_NOT_OPENED
SH028,REC-SH028-202602-0035,2026-02-14,120.00,112.15,7.85,,,SKIPPED,PERIOD_NOT_OPENED
SH030,REC-SH030-202602-0013,2026-02-14,240.00,224.30,15.70,,,SKIPPED,PERIOD_NOT_OPENED
SH001,REC-SH001-202602-0106,2026-02-14,2020.00,1887.85,132.15,,,SKIPPED,PERIOD_NOT_OPENED
SH024,REC-SH024-202602-0074,2026-02-14,120.00,112.15,7.85,,,SKIPPED,PERIOD_NOT_OPENED
SH026,REC-SH026-202602-0120,2026-02-14,1230.00,1149.53,80.47,,,SKIPPED,PERIOD_NOT_OPENED
SH028,REC-SH028-202602-0036,2026-02-14,120.00,112.15,7.85,,,SKIPPED,PERIOD_NOT_OPENED
SH025,REC-SH025-202602-0121,2026-02-14,80.00,74.77,5.23,,,SKIPPED,PERIOD_NOT_OPENED
SH001,REC-SH001-202602-0107,2026-02-14,1230.00,1149.53,80.47,,,SKIPPED,PERIOD_NOT_OPENED
SH006,REC-SH006-202602-0178,2026-02-14,850.00,794.39,55.61,,,SKIPPED,PERIOD_NOT_OPENED
SH030,REC-SH030-202602-0014,2026-02-14,1250.00,1168.22,81.78,,,SKIPPED,PERIOD_NOT_OPENED
SH026,REC-SH026-202602-0121,2026-02-14,160.00,149.53,10.47,,,SKIPPED,PERIOD_NOT_OPENED
SH006,REC-SH006-202602-0179,2026-02-14,240.00,224.30,15.70,,,SKIPPED,PERIOD_NOT_OPENED
SH025,REC-SH025-202602-0122,2026-02-14,240.00,224.30,15.70,,,SKIPPED,PERIOD_NOT_OPENED
SH026,REC-SH026-202602-0122,2026-02-14,100.00,93.46,6.54,,,SKIPPED,PERIOD_NOT_OPENED
SH006,REC-SH006-202602-0180,2026-02-14,120.00,112.15,7.85,,,SKIPPED,PERIOD_NOT_OPENED
SH001,REC-SH001-202602-0108,2026-02-14,1560.00,1457.94,102.06,,,SKIPPED,PERIOD_NOT_OPENED
SH012,REC-SH012-202602-0117,2026-02-14,80.00,74.77,5.23,,,SKIPPED,PERIOD_NOT_OPENED
SH006,REC-SH006-202602-0181,2026-02-14,580.00,542.06,37.94,,,SKIPPED,PERIOD_NOT_OPENED
SH006,REC-SH006-202602-0182,2026-02-14,325.00,303.74,21.26,,,SKIPPED,PERIOD_NOT_OPENED
SH024,REC-SH024-202602-0075,2026-02-14,240.00,224.30,15.70,,,SKIPPED,PERIOD_NOT_OPENED
SH012,REC-SH012-202602-0118,2026-02-14,980.00,915.89,64.11,,,SKIPPED,PERIOD_NOT_OPENED
SH006,REC-SH006-202602-0183,2026-02-14,370.00,345.79,24.21,,,SKIPPED,PERIOD_NOT_OPENED
SH025,REC-SH025-202602-0123,2026-02-14,190.00,177.57,12.43,,,SKIPPED,PERIOD_NOT_OPENED
SH012,REC-SH012-202602-0119,2026-02-14,580.00,542.06,37.94,,,SKIPPED,PERIOD_NOT_OPENED
SH026,REC-SH026-202602-0123,2026-02-14,120.00,112.15,7.85,,,SKIPPED,PERIOD_NOT_OPENED
SH025,REC-SH025-202602-0124,2026-02-14,80.00,74.77,5.23,,,SKIPPED,PERIOD_NOT_OPENED
SH025,REC-SH025-202602-0125,2026-02-14,1230.00,1149.53,80.47,,,SKIPPED,PERIOD_NOT_OPENED
SH001,REC-SH001-202602-0109,2026-02-14,4680.00,4373.83,306.17,,,SKIPPED,PERIOD_NOT_OPENED
SH024,REC-SH024-202602-0076,2026-02-14,240.00,224.30,15.70,,,SKIPPED,PERIOD_NOT_OPENED
SH026,REC-SH026-202602-0124,2026-02-14,200.00,186.92,13.08,,,SKIPPED,PERIOD_NOT_OPENED
SH010,REC-SH010-202602-0133,2026-02-14,160.00,149.53,10.47,,,SKIPPED,PERIOD_NOT_OPENED
SH001,REC-SH001-202602-0110,2026-02-14,2960.00,2766.36,193.64,,,SKIPPED,PERIOD_NOT_OPENED
SH026,REC-SH026-202602-0125,2026-02-14,280.00,261.68,18.32,,,SKIPPED,PERIOD_NOT_OPENED
SH006,REC-SH006-202602-0184,2026-02-14,80.00,74.77,5.23,,,SKIPPED,PERIOD_NOT_OPENED
SH012,REC-SH012-202602-0120,2026-02-14,1320.00,1233.64,86.36,,,SKIPPED,PERIOD_NOT_OPENED
SH006,REC-SH006-202602-0185,2026-02-14,80.00,74.77,5.23,,,SKIPPED,PERIOD_NOT_OPENED
SH026,REC-SH026-202602-0126,2026-02-14,120.00,112.15,7.85,,,SKIPPED,PERIOD_NOT_OPENED
SH001,REC-SH001-202602-0111,2026-02-14,660.00,616.82,43.18,,,SKIPPED,PERIOD_NOT_OPENED
SH028,REC-SH028-202602-0037,2026-02-14,120.00,112.15,7.85,,,SKIPPED,PERIOD_NOT_OPENED
SH026,REC-SH026-202602-0127,2026-02-14,460.00,429.91,30.09,,,SKIPPED,PERIOD_NOT_OPENED
SH025,REC-SH025-202602-0126,2026-02-14,160.00,149.53,10.47,,,SKIPPED,PERIOD_NOT_OPENED
SH001,REC-SH001-202602-0112,2026-02-14,220.00,205.61,14.39,,,SKIPPED,PERIOD_NOT_OPENED
SH024,REC-SH024-202602-0077,2026-02-14,680.00,635.51,44.49,,,SKIPPED,PERIOD_NOT_OPENED
SH024,REC-SH024-202602-0078,2026-02-14,120.00,112.15,7.85,,,SKIPPED,PERIOD_NOT_OPENED
SH025,REC-SH025-202602-0127,2026-02-14,410.00,383.18,26.82,,,SKIPPED,PERIOD_NOT_OPENED
SH028,REC-SH028-202602-0038,2026-02-15,770.00,719.63,50.37,,,SKIPPED,PERIOD_NOT_OPENED
SH012,REC-SH012-202602-0121,2026-02-15,1320.00,1233.64,86.36,,,SKIPPED,PERIOD_NOT_OPENED
SH010,REC-SH010-202602-0134,2026-02-15,80.00,74.77,5.23,,,SKIPPED,PERIOD_NOT_OPENED
SH024,REC-SH024-202602-0079,2026-02-15,320.00,299.07,20.93,,,SKIPPED,PERIOD_NOT_OPENED
SH006,REC-SH006-202602-0186,2026-02-15,80.00,74.77,5.23,,,SKIPPED,PERIOD_NOT_OPENED
SH010,REC-SH010-202602-0135,2026-02-15,80.00,74.77,5.23,,,SKIPPED,PERIOD_NOT_OPENED
SH006,REC-SH006-202602-0187,2026-02-15,240.00,224.30,15.70,,,SKIPPED,PERIOD_NOT_OPENED
SH012,REC-SH012-202602-0122,2026-02-15,80.00,74.77,5.23,,,SKIPPED,PERIOD_NOT_OPENED
SH012,REC-SH012-202602-0123,2026-02-15,80.00,74.77,5.23,,,SKIPPED,PERIOD_NOT_OPENED
SH001,REC-SH001-202602-0113,2026-02-15,580.00,542.06,37.94,,,SKIPPED,PERIOD_NOT_OPENED
SH012,REC-SH012-202602-0124,2026-02-15,580.00,542.06,37.94,,,SKIPPED,PERIOD_NOT_OPENED
SH012,REC-SH012-202602-0125,2026-02-15,120.00,112.15,7.85,,,SKIPPED,PERIOD_NOT_OPENED
SH006,REC-SH006-202602-0188,2026-02-15,2060.00,1925.23,134.77,,,SKIPPED,PERIOD_NOT_OPENED
SH001,REC-SH001-202602-0114,2026-02-15,600.00,560.75,39.25,,,SKIPPED,PERIOD_NOT_OPENED
SH006,REC-SH006-202602-0189,2026-02-15,1830.00,1710.28,119.72,,,SKIPPED,PERIOD_NOT_OPENED
SH010,REC-SH010-202602-0136,2026-02-15,1380.00,1289.72,90.28,,,SKIPPED,PERIOD_NOT_OPENED
SH001,REC-SH001-202602-0115,2026-02-15,80.00,74.77,5.23,,,SKIPPED,PERIOD_NOT_OPENED
SH006,REC-SH006-202602-0190,2026-02-15,325.00,303.74,21.26,,,SKIPPED,PERIOD_NOT_OPENED
SH006,REC-SH006-202602-0191,2026-02-15,330.00,308.41,21.59,,,SKIPPED,PERIOD_NOT_OPENED
SH012,REC-SH012-202602-0126,2026-02-15,1320.00,1233.64,86.36,,,SKIPPED,PERIOD_NOT_OPENED
SH006,REC-SH006-202602-0192,2026-02-15,240.00,224.30,15.70,,,SKIPPED,PERIOD_NOT_OPENED
SH001,REC-SH001-202602-0116,2026-02-15,1560.00,1457.94,102.06,,,SKIPPED,PERIOD_NOT_OPENED
SH012,REC-SH012-202602-0127,2026-02-15,1430.00,1336.45,93.55,,,SKIPPED,PERIOD_NOT_OPENED
SH006,REC-SH006-202602-0193,2026-02-15,120.00,112.15,7.85,,,SKIPPED,PERIOD_NOT_OPENED
SH006,REC-SH006-202602-0194,2026-02-15,240.00,224.30,15.70,,,SKIPPED,PERIOD_NOT_OPENED
SH010,REC-SH010-202602-0137,2026-02-15,460.00,429.91,30.09,,,SKIPPED,PERIOD_NOT_OPENED
SH012,REC-SH012-202602-0128,2026-02-15,320.00,299.07,20.93,,,SKIPPED,PERIOD_NOT_OPENED
SH026,REC-SH026-202602-0128,2026-02-15,280.00,261.68,18.32,,,SKIPPED,PERIOD_NOT_OPENED
SH006,REC-SH006-202602-0195,2026-02-15,1380.00,1289.72,90.28,,,SKIPPED,PERIOD_NOT_OPENED
SH006,REC-SH006-202602-0196,2026-02-15,1970.00,1841.12,128.88,,,SKIPPED,PERIOD_NOT_OPENED
SH025,REC-SH025-202602-0128,2026-02-15,200.00,186.92,13.08,,,SKIPPED,PERIOD_NOT_OPENED
SH012,REC-SH012-202602-0129,2026-02-15,370.00,345.79,24.21,,,SKIPPED,PERIOD_NOT_OPENED
SH010,REC-SH010-202602-0138,2026-02-15,160.00,149.53,10.47,,,SKIPPED,PERIOD_NOT_OPENED
SH001,REC-SH001-202602-0117,2026-02-15,160.00,149.53,10.47,,,SKIPPED,PERIOD_NOT_OPENED
SH024,REC-SH024-202602-0080,2026-02-15,2500.00,2336.45,163.55,,,SKIPPED,PERIOD_NOT_OPENED
SH024,REC-SH024-202602-0081,2026-02-15,400.00,373.83,26.17,,,SKIPPED,PERIOD_NOT_OPENED
SH024,REC-SH024-202602-0082,2026-02-15,80.00,74.77,5.23,,,SKIPPED,PERIOD_NOT_OPENED
SH006,REC-SH006-202602-0197,2026-02-15,80.00,74.77,5.23,,,SKIPPED,PERIOD_NOT_OPENED
SH001,REC-SH001-202602-0118,2026-02-15,1230.00,1149.53,80.47,,,SKIPPED,PERIOD_NOT_OPENED
SH026,REC-SH026-202602-0129,2026-02-15,610.00,570.09,39.91,,,SKIPPED,PERIOD_NOT_OPENED
SH001,REC-SH001-202602-0119,2026-02-15,330.00,308.41,21.59,,,SKIPPED,PERIOD_NOT_OPENED
SH006,REC-SH006-202602-0198,2026-02-15,240.00,224.30,15.70,,,SKIPPED,PERIOD_NOT_OPENED
SH001,REC-SH001-202602-0120,2026-02-15,580.00,542.06,37.94,,,SKIPPED,PERIOD_NOT_OPENED
SH001,REC-SH001-202602-0121,2026-02-15,580.00,542.06,37.94,,,SKIPPED,PERIOD_NOT_OPENED
SH006,REC-SH006-202602-0199,2026-02-15,80.00,74.77,5.23,,,SKIPPED,PERIOD_NOT_OPENED
SH006,REC-SH006-202602-0200,2026-02-15,160.00,149.53,10.47,,,SKIPPED,PERIOD_NOT_OPENED
SH026,REC-SH026-202602-0130,2026-02-15,160.00,149.53,10.47,,,SKIPPED,PERIOD_NOT_OPENED
SH006,REC-SH006-202602-0201,2026-02-15,120.00,112.15,7.85,,,SKIPPED,PERIOD_NOT_OPENED
SH012,REC-SH012-202602-0130,2026-02-15,80.00,74.77,5.23,,,SKIPPED,PERIOD_NOT_OPENED
SH006,REC-SH006-202602-0202,2026-02-15,820.00,766.36,53.64,,,SKIPPED,PERIOD_NOT_OPENED
SH010,REC-SH010-202602-0139,2026-02-15,330.00,308.41,21.59,,,SKIPPED,PERIOD_NOT_OPENED
SH012,REC-SH012-202602-0131,2026-02-15,120.00,112.15,7.85,,,SKIPPED,PERIOD_NOT_OPENED
SH001,REC-SH001-202602-0122,2026-02-15,1380.00,1289.72,90.28,,,SKIPPED,PERIOD_NOT_OPENED
SH025,REC-SH025-202602-0129,2026-02-15,80.00,74.77,5.23,,,SKIPPED,PERIOD_NOT_OPENED
SH025,REC-SH025-202602-0130,2026-02-15,120.00,112.15,7.85,,,SKIPPED,PERIOD_NOT_OPENED
SH028,REC-SH028-202602-0039,2026-02-15,220.00,205.61,14.39,,,SKIPPED,PERIOD_NOT_OPENED
SH012,REC-SH012-202602-0132,2026-02-15,160.00,149.53,10.47,,,SKIPPED,PERIOD_NOT_OPENED
SH006,REC-SH006-202602-0203,2026-02-15,340.00,317.76,22.24,,,SKIPPED,PERIOD_NOT_OPENED
SH010,REC-SH010-202602-0140,2026-02-15,330.00,308.41,21.59,,,SKIPPED,PERIOD_NOT_OPENED
SH012,REC-SH012-202602-0133,2026-02-15,350.00,327.10,22.90,,,SKIPPED,PERIOD_NOT_OPENED
SH001,REC-SH001-202602-0123,2026-02-15,1320.00,1233.64,86.36,,,SKIPPED,PERIOD_NOT_OPENED
SH024,REC-SH024-202602-0083,2026-02-15,270.00,252.34,17.66,,,SKIPPED,PERIOD_NOT_OPENED
SH012,REC-SH012-202602-0134,2026-02-15,160.00,149.53,10.47,,,SKIPPED,PERIOD_NOT_OPENED
SH006,REC-SH006-202602-0204,2026-02-15,120.00,112.15,7.85,,,SKIPPED,PERIOD_NOT_OPENED
SH001,REC-SH001-202602-0124,2026-02-15,220.00,205.61,14.39,,,SKIPPED,PERIOD_NOT_OPENED
SH024,REC-SH024-202602-0084,2026-02-15,1230.00,1149.53,80.47,,,SKIPPED,PERIOD_NOT_OPENED
SH026,REC-SH026-202602-0131,2026-02-15,120.00,112.15,7.85,,,SKIPPED,PERIOD_NOT_OPENED
SH026,REC-SH026-202602-0132,2026-02-15,460.00,429.91,30.09,,,SKIPPED,PERIOD_NOT_OPENED
SH026,REC-SH026-202602-0133,2026-02-15,330.00,308.41,21.59,,,SKIPPED,PERIOD_NOT_OPENED
SH001,REC-SH001-202602-0125,2026-02-15,3120.00,2915.89,204.11,,,SKIPPED,PERIOD_NOT_OPENED
SH012,REC-SH012-202602-0135,2026-02-15,160.00,149.53,10.47,,,SKIPPED,PERIOD_NOT_OPENED
SH025,REC-SH025-202602-0131,2026-02-15,80.00,74.77,5.23,,,SKIPPED,PERIOD_NOT_OPENED
SH006,REC-SH006-202602-0205,2026-02-15,80.00,74.77,5.23,,,SKIPPED,PERIOD_NOT_OPENED
SH001,REC-SH001-202602-0126,2026-02-15,1450.00,1355.14,94.86,,,SKIPPED,PERIOD_NOT_OPENED
SH010,REC-SH010-202602-0141,2026-02-15,330.00,308.41,21.59,,,SKIPPED,PERIOD_NOT_OPENED
SH024,REC-SH024-202602-0085,2026-02-15,680.00,635.51,44.49,,,SKIPPED,PERIOD_NOT_OPENED
SH025,REC-SH025-202602-0132,2026-02-15,240.00,224.30,15.70,,,SKIPPED,PERIOD_NOT_OPENED
SH025,REC-SH025-202602-0133,2026-02-15,325.00,303.74,21.26,,,SKIPPED,PERIOD_NOT_OPENED
SH006,REC-SH006-202602-0206,2026-02-16,160.00,149.53,10.47,,,SKIPPED,PERIOD_NOT_OPENED
SH001,REC-SH001-202602-0127,2026-02-16,160.00,149.53,10.47,,,SKIPPED,PERIOD_NOT_OPENED
SH026,REC-SH026-202602-0134,2026-02-16,160.00,149.53,10.47,,,SKIPPED,PERIOD_NOT_OPENED
SH026,REC-SH026-202602-0135,2026-02-16,460.00,429.91,30.09,,,SKIPPED,PERIOD_NOT_OPENED
SH012,REC-SH012-202602-0136,2026-02-16,120.00,112.15,7.85,,,SKIPPED,PERIOD_NOT_OPENED
SH001,REC-SH001-202602-0128,2026-02-16,240.00,224.30,15.70,,,SKIPPED,PERIOD_NOT_OPENED
SH025,REC-SH025-202602-0134,2026-02-16,80.00,74.77,5.23,,,SKIPPED,PERIOD_NOT_OPENED
SH026,REC-SH026-202602-0136,2026-02-16,2460.00,2299.07,160.93,,,SKIPPED,PERIOD_NOT_OPENED
SH010,REC-SH010-202602-0142,2026-02-16,80.00,74.77,5.23,,,SKIPPED,PERIOD_NOT_OPENED
SH001,REC-SH001-202602-0129,2026-02-16,2790.00,2607.48,182.52,,,SKIPPED,PERIOD_NOT_OPENED
SH010,REC-SH010-202602-0143,2026-02-16,80.00,74.77,5.23,,,SKIPPED,PERIOD_NOT_OPENED
SH006,REC-SH006-202602-0207,2026-02-16,80.00,74.77,5.23,,,SKIPPED,PERIOD_NOT_OPENED
SH001,REC-SH001-202602-0130,2026-02-16,660.00,616.82,43.18,,,SKIPPED,PERIOD_NOT_OPENED
SH025,REC-SH025-202602-0135,2026-02-16,160.00,149.53,10.47,,,SKIPPED,PERIOD_NOT_OPENED
SH026,REC-SH026-202602-0137,2026-02-16,280.00,261.68,18.32,,,SKIPPED,PERIOD_NOT_OPENED
SH006,REC-SH006-202602-0208,2026-02-16,160.00,149.53,10.47,,,SKIPPED,PERIOD_NOT_OPENED
SH012,REC-SH012-202602-0137,2026-02-16,460.00,429.91,30.09,,,SKIPPED,PERIOD_NOT_OPENED
SH001,REC-SH001-202602-0131,2026-02-16,3120.00,2915.89,204.11,,,SKIPPED,PERIOD_NOT_OPENED
SH012,REC-SH012-202602-0138,2026-02-16,240.00,224.30,15.70,,,SKIPPED,PERIOD_NOT_OPENED
SH006,REC-SH006-202602-0209,2026-02-16,3910.00,3654.21,255.79,,,SKIPPED,PERIOD_NOT_OPENED
SH006,REC-SH006-202602-0210,2026-02-16,240.00,224.30,15.70,,,SKIPPED,PERIOD_NOT_OPENED
SH012,REC-SH012-202602-0139,2026-02-16,460.00,429.91,30.09,,,SKIPPED,PERIOD_NOT_OPENED
SH025,REC-SH025-202602-0136,2026-02-16,460.00,429.91,30.09,,,SKIPPED,PERIOD_NOT_OPENED
SH001,REC-SH001-202602-0132,2026-02-16,760.00,710.28,49.72,,,SKIPPED,PERIOD_NOT_OPENED
SH012,REC-SH012-202602-0140,2026-02-16,240.00,224.30,15.70,,,SKIPPED,PERIOD_NOT_OPENED
SH026,REC-SH026-202602-0138,2026-02-16,1510.00,1411.21,98.79,,,SKIPPED,PERIOD_NOT_OPENED
SH006,REC-SH006-202602-0211,2026-02-16,80.00,74.77,5.23,,,SKIPPED,PERIOD_NOT_OPENED
SH028,REC-SH028-202602-0040,2026-02-16,1580.00,1476.64,103.36,,,SKIPPED,PERIOD_NOT_OPENED
SH006,REC-SH006-202602-0212,2026-02-16,160.00,149.53,10.47,,,SKIPPED,PERIOD_NOT_OPENED
SH010,REC-SH010-202602-0144,2026-02-16,6940.00,6485.98,454.02,,,SKIPPED,PERIOD_NOT_OPENED
SH026,REC-SH026-202602-0139,2026-02-16,120.00,112.15,7.85,,,SKIPPED,PERIOD_NOT_OPENED
SH026,REC-SH026-202602-0140,2026-02-16,80.00,74.77,5.23,,,SKIPPED,PERIOD_NOT_OPENED
SH006,REC-SH006-202602-0213,2026-02-16,2460.00,2299.07,160.93,,,SKIPPED,PERIOD_NOT_OPENED
SH012,REC-SH012-202602-0141,2026-02-16,580.00,542.06,37.94,,,SKIPPED,PERIOD_NOT_OPENED
SH010,REC-SH010-202602-0145,2026-02-16,240.00,224.30,15.70,,,SKIPPED,PERIOD_NOT_OPENED
SH025,REC-SH025-202602-0137,2026-02-16,899.00,840.19,58.81,,,SKIPPED,PERIOD_NOT_OPENED
SH006,REC-SH006-202602-0214,2026-02-16,60.00,56.07,3.93,,,SKIPPED,PERIOD_NOT_OPENED
SH010,REC-SH010-202602-0146,2026-02-16,460.00,429.91,30.09,,,SKIPPED,PERIOD_NOT_OPENED
SH010,REC-SH010-202602-0147,2026-02-16,80.00,74.77,5.23,,,SKIPPED,PERIOD_NOT_OPENED
SH006,REC-SH006-202602-0215,2026-02-16,160.00,149.53,10.47,,,SKIPPED,PERIOD_NOT_OPENED
SH026,REC-SH026-202602-0141,2026-02-16,160.00,149.53,10.47,,,SKIPPED,PERIOD_NOT_OPENED
SH012,REC-SH012-202602-0142,2026-02-16,650.00,607.48,42.52,,,SKIPPED,PERIOD_NOT_OPENED
SH028,REC-SH028-202602-0041,2026-02-16,1430.00,1336.45,93.55,,,SKIPPED,PERIOD_NOT_OPENED
SH028,REC-SH028-202602-0042,2026-02-16,1430.00,1336.45,93.55,,,SKIPPED,PERIOD_NOT_OPENED
SH006,REC-SH006-202602-0216,2026-02-16,80.00,74.77,5.23,,,SKIPPED,PERIOD_NOT_OPENED
SH024,REC-SH024-202602-0086,2026-02-16,1230.00,1149.53,80.47,,,SKIPPED,PERIOD_NOT_OPENED
SH026,REC-SH026-202602-0142,2026-02-16,240.00,224.30,15.70,,,SKIPPED,PERIOD_NOT_OPENED
SH025,REC-SH025-202602-0138,2026-02-16,160.00,149.53,10.47,,,SKIPPED,PERIOD_NOT_OPENED
SH024,REC-SH024-202602-0087,2026-02-16,80.00,74.77,5.23,,,SKIPPED,PERIOD_NOT_OPENED
SH006,REC-SH006-202602-0217,2026-02-16,160.00,149.53,10.47,,,SKIPPED,PERIOD_NOT_OPENED
SH010,REC-SH010-202602-0148,2026-02-16,120.00,112.15,7.85,,,SKIPPED,PERIOD_NOT_OPENED
SH010,REC-SH010-202602-0149,2026-02-16,60.00,56.07,3.93,,,SKIPPED,PERIOD_NOT_OPENED
SH025,REC-SH025-202602-0139,2026-02-16,510.00,476.64,33.36,,,SKIPPED,PERIOD_NOT_OPENED
SH026,REC-SH026-202602-0143,2026-02-16,240.00,224.30,15.70,,,SKIPPED,PERIOD_NOT_OPENED
SH001,REC-SH001-202602-0133,2026-02-16,240.00,224.30,15.70,,,SKIPPED,PERIOD_NOT_OPENED
SH001,REC-SH001-202602-0134,2026-02-16,360.00,336.45,23.55,,,SKIPPED,PERIOD_NOT_OPENED
SH024,REC-SH024-202602-0088,2026-02-17,60.00,56.07,3.93,,,SKIPPED,PERIOD_NOT_OPENED
SH001,REC-SH001-202602-0135,2026-02-17,1320.00,1233.64,86.36,,,SKIPPED,PERIOD_NOT_OPENED
SH026,REC-SH026-202602-0144,2026-02-17,180.00,168.22,11.78,,,SKIPPED,PERIOD_NOT_OPENED
SH026,REC-SH026-202602-0145,2026-02-17,80.00,74.77,5.23,,,SKIPPED,PERIOD_NOT_OPENED
SH010,REC-SH010-202602-0150,2026-02-17,460.00,429.91,30.09,,,SKIPPED,PERIOD_NOT_OPENED
SH001,REC-SH001-202602-0136,2026-02-17,480.00,448.60,31.40,,,SKIPPED,PERIOD_NOT_OPENED
SH026,REC-SH026-202602-0146,2026-02-17,2320.00,2168.22,151.78,,,SKIPPED,PERIOD_NOT_OPENED
SH010,REC-SH010-202602-0151,2026-02-17,100.00,93.46,6.54,,,SKIPPED,PERIOD_NOT_OPENED
SH026,REC-SH026-202602-0147,2026-02-17,2460.00,2299.07,160.93,,,SKIPPED,PERIOD_NOT_OPENED
SH012,REC-SH012-202602-0143,2026-02-17,600.00,560.75,39.25,,,SKIPPED,PERIOD_NOT_OPENED
SH012,REC-SH012-202602-0144,2026-02-17,600.00,560.75,39.25,,,SKIPPED,PERIOD_NOT_OPENED
SH001,REC-SH001-202602-0137,2026-02-17,1580.00,1476.64,103.36,,,SKIPPED,PERIOD_NOT_OPENED
SH010,REC-SH010-202602-0152,2026-02-17,360.00,336.45,23.55,,,SKIPPED,PERIOD_NOT_OPENED
SH006,REC-SH006-202602-0218,2026-02-17,120.00,112.15,7.85,,,SKIPPED,PERIOD_NOT_OPENED
SH012,REC-SH012-202602-0145,2026-02-17,1360.00,1271.03,88.97,,,SKIPPED,PERIOD_NOT_OPENED
SH012,REC-SH012-202602-0146,2026-02-17,240.00,224.30,15.70,,,SKIPPED,PERIOD_NOT_OPENED
SH025,REC-SH025-202602-0140,2026-02-17,760.00,710.28,49.72,,,SKIPPED,PERIOD_NOT_OPENED
SH006,REC-SH006-202602-0219,2026-02-17,120.00,112.15,7.85,,,SKIPPED,PERIOD_NOT_OPENED
SH001,REC-SH001-202602-0138,2026-02-17,1910.00,1785.05,124.95,,,SKIPPED,PERIOD_NOT_OPENED
SH024,REC-SH024-202602-0089,2026-02-17,80.00,74.77,5.23,,,SKIPPED,PERIOD_NOT_OPENED
SH006,REC-SH006-202602-0220,2026-02-17,325.00,303.74,21.26,,,SKIPPED,PERIOD_NOT_OPENED
SH012,REC-SH012-202602-0147,2026-02-17,80.00,74.77,5.23,,,SKIPPED,PERIOD_NOT_OPENED
SH012,REC-SH012-202602-0148,2026-02-17,310.00,289.72,20.28,,,SKIPPED,PERIOD_NOT_OPENED
SH025,REC-SH025-202602-0141,2026-02-17,370.00,345.79,24.21,,,SKIPPED,PERIOD_NOT_OPENED
SH006,REC-SH006-202602-0221,2026-02-17,320.00,299.07,20.93,,,SKIPPED,PERIOD_NOT_OPENED
SH012,REC-SH012-202602-0149,2026-02-17,760.00,710.28,49.72,,,SKIPPED,PERIOD_NOT_OPENED
SH028,REC-SH028-202602-0043,2026-02-17,400.00,373.83,26.17,,,SKIPPED,PERIOD_NOT_OPENED
SH006,REC-SH006-202602-0222,2026-02-17,700.00,654.21,45.79,,,SKIPPED,PERIOD_NOT_OPENED
SH025,REC-SH025-202602-0142,2026-02-17,360.00,336.45,23.55,,,SKIPPED,PERIOD_NOT_OPENED
SH010,REC-SH010-202602-0153,2026-02-17,330.00,308.41,21.59,,,SKIPPED,PERIOD_NOT_OPENED
SH012,REC-SH012-202602-0150,2026-02-17,440.00,411.21,28.79,,,SKIPPED,PERIOD_NOT_OPENED
SH006,REC-SH006-202602-0223,2026-02-17,160.00,149.53,10.47,,,SKIPPED,PERIOD_NOT_OPENED
SH001,REC-SH001-202602-0139,2026-02-17,220.00,205.61,14.39,,,SKIPPED,PERIOD_NOT_OPENED
SH026,REC-SH026-202602-0148,2026-02-17,240.00,224.30,15.70,,,SKIPPED,PERIOD_NOT_OPENED
SH012,REC-SH012-202602-0151,2026-02-17,1320.00,1233.64,86.36,,,SKIPPED,PERIOD_NOT_OPENED
SH006,REC-SH006-202602-0224,2026-02-17,780.00,728.97,51.03,,,SKIPPED,PERIOD_NOT_OPENED
SH026,REC-SH026-202602-0149,2026-02-17,3260.00,3046.73,213.27,,,SKIPPED,PERIOD_NOT_OPENED
SH006,REC-SH006-202602-0225,2026-02-17,100.00,93.46,6.54,,,SKIPPED,PERIOD_NOT_OPENED
SH001,REC-SH001-202602-0140,2026-02-17,220.00,205.61,14.39,,,SKIPPED,PERIOD_NOT_OPENED
SH006,REC-SH006-202602-0226,2026-02-17,1140.00,1065.42,74.58,,,SKIPPED,PERIOD_NOT_OPENED
SH012,REC-SH012-202602-0152,2026-02-17,160.00,149.53,10.47,,,SKIPPED,PERIOD_NOT_OPENED
SH024,REC-SH024-202602-0090,2026-02-17,1510.00,1411.21,98.79,,,SKIPPED,PERIOD_NOT_OPENED
SH024,REC-SH024-202602-0091,2026-02-17,160.00,149.53,10.47,,,SKIPPED,PERIOD_NOT_OPENED
SH010,REC-SH010-202602-0154,2026-02-17,5340.00,4990.65,349.35,,,SKIPPED,PERIOD_NOT_OPENED
SH012,REC-SH012-202602-0153,2026-02-17,160.00,149.53,10.47,,,SKIPPED,PERIOD_NOT_OPENED
SH006,REC-SH006-202602-0227,2026-02-17,80.00,74.77,5.23,,,SKIPPED,PERIOD_NOT_OPENED
SH006,REC-SH006-202602-0228,2026-02-17,180.00,168.22,11.78,,,SKIPPED,PERIOD_NOT_OPENED
SH010,REC-SH010-202602-0155,2026-02-17,320.00,299.07,20.93,,,SKIPPED,PERIOD_NOT_OPENED
SH006,REC-SH006-202602-0229,2026-02-17,330.00,308.41,21.59,,,SKIPPED,PERIOD_NOT_OPENED
SH006,REC-SH006-202602-0230,2026-02-17,700.00,654.21,45.79,,,SKIPPED,PERIOD_NOT_OPENED
SH012,REC-SH012-202602-0154,2026-02-17,370.00,345.79,24.21,,,SKIPPED,PERIOD_NOT_OPENED
SH025,REC-SH025-202602-0143,2026-02-17,460.00,429.91,30.09,,,SKIPPED,PERIOD_NOT_OPENED
SH025,REC-SH025-202602-0144,2026-02-17,160.00,149.53,10.47,,,SKIPPED,PERIOD_NOT_OPENED
SH001,REC-SH001-202602-0141,2026-02-17,220.00,205.61,14.39,,,SKIPPED,PERIOD_NOT_OPENED
SH026,REC-SH026-202602-0150,2026-02-17,460.00,429.91,30.09,,,SKIPPED,PERIOD_NOT_OPENED
SH025,REC-SH025-202602-0145,2026-02-17,80.00,74.77,5.23,,,SKIPPED,PERIOD_NOT_OPENED
SH010,REC-SH010-202602-0156,2026-02-17,80.00,74.77,5.23,,,SKIPPED,PERIOD_NOT_OPENED
SH025,REC-SH025-202602-0146,2026-02-17,80.00,74.77,5.23,,,SKIPPED,PERIOD_NOT_OPENED
SH026,REC-SH026-202602-0151,2026-02-17,330.00,308.41,21.59,,,SKIPPED,PERIOD_NOT_OPENED
SH010,REC-SH010-202602-0157,2026-02-17,80.00,74.77,5.23,,,SKIPPED,PERIOD_NOT_OPENED
SH026,REC-SH026-202602-0152,2026-02-17,330.00,308.41,21.59,,,SKIPPED,PERIOD_NOT_OPENED
SH001,REC-SH001-202602-0142,2026-02-17,120.00,112.15,7.85,,,SKIPPED,PERIOD_NOT_OPENED
SH012,REC-SH012-202602-0155,2026-02-17,80.00,74.77,5.23,,,SKIPPED,PERIOD_NOT_OPENED
SH010,REC-SH010-202602-0158,2026-02-17,80.00,74.77,5.23,,,SKIPPED,PERIOD_NOT_OPENED
SH025,REC-SH025-202602-0147,2026-02-17,80.00,74.77,5.23,,,SKIPPED,PERIOD_NOT_OPENED
SH025,REC-SH025-202602-0148,2026-02-17,130.00,121.50,8.50,,,SKIPPED,PERIOD_NOT_OPENED
SH025,REC-SH025-202602-0149,2026-02-17,240.00,224.30,15.70,,,SKIPPED,PERIOD_NOT_OPENED
SH026,REC-SH026-202602-0153,2026-02-18,240.00,224.30,15.70,,,SKIPPED,PERIOD_NOT_OPENED
SH010,REC-SH010-202602-0159,2026-02-18,1230.00,1149.53,80.47,,,SKIPPED,PERIOD_NOT_OPENED
SH010,REC-SH010-202602-0160,2026-02-18,2460.00,2299.07,160.93,,,SKIPPED,PERIOD_NOT_OPENED
SH006,REC-SH006-202602-0231,2026-02-18,80.00,74.77,5.23,,,SKIPPED,PERIOD_NOT_OPENED
SH012,REC-SH012-202602-0156,2026-02-18,380.00,355.14,24.86,,,SKIPPED,PERIOD_NOT_OPENED
SH024,REC-SH024-202602-0092,2026-02-18,480.00,448.60,31.40,,,SKIPPED,PERIOD_NOT_OPENED
SH025,REC-SH025-202602-0150,2026-02-18,80.00,74.77,5.23,,,SKIPPED,PERIOD_NOT_OPENED
SH006,REC-SH006-202602-0232,2026-02-18,330.00,308.41,21.59,,,SKIPPED,PERIOD_NOT_OPENED
SH006,REC-SH006-202602-0233,2026-02-18,920.00,859.81,60.19,,,SKIPPED,PERIOD_NOT_OPENED
SH025,REC-SH025-202602-0151,2026-02-18,260.00,242.99,17.01,,,SKIPPED,PERIOD_NOT_OPENED
SH028,REC-SH028-202602-0044,2026-02-18,1700.00,1588.79,111.21,,,SKIPPED,PERIOD_NOT_OPENED
SH001,REC-SH001-202602-0143,2026-02-18,500.00,467.29,32.71,,,SKIPPED,PERIOD_NOT_OPENED
SH025,REC-SH025-202602-0152,2026-02-18,160.00,149.53,10.47,,,SKIPPED,PERIOD_NOT_OPENED
SH006,REC-SH006-202602-0234,2026-02-18,160.00,149.53,10.47,,,SKIPPED,PERIOD_NOT_OPENED
SH012,REC-SH012-202602-0157,2026-02-18,200.00,186.92,13.08,,,SKIPPED,PERIOD_NOT_OPENED
SH006,REC-SH006-202602-0235,2026-02-18,200.00,186.92,13.08,,,SKIPPED,PERIOD_NOT_OPENED
SH026,REC-SH026-202602-0154,2026-02-18,160.00,149.53,10.47,,,SKIPPED,PERIOD_NOT_OPENED
SH012,REC-SH012-202602-0158,2026-02-18,1160.00,1084.11,75.89,,,SKIPPED,PERIOD_NOT_OPENED
SH001,REC-SH001-202602-0144,2026-02-18,60.00,56.07,3.93,,,SKIPPED,PERIOD_NOT_OPENED
SH024,REC-SH024-202602-0093,2026-02-18,240.00,224.30,15.70,,,SKIPPED,PERIOD_NOT_OPENED
SH025,REC-SH025-202602-0153,2026-02-18,120.00,112.15,7.85,,,SKIPPED,PERIOD_NOT_OPENED
SH012,REC-SH012-202602-0159,2026-02-18,160.00,149.53,10.47,,,SKIPPED,PERIOD_NOT_OPENED
SH012,REC-SH012-202602-0160,2026-02-18,1420.00,1327.10,92.90,,,SKIPPED,PERIOD_NOT_OPENED
SH010,REC-SH010-202602-0161,2026-02-18,2760.00,2579.44,180.56,,,SKIPPED,PERIOD_NOT_OPENED
SH001,REC-SH001-202602-0145,2026-02-18,1230.00,1149.53,80.47,,,SKIPPED,PERIOD_NOT_OPENED
SH006,REC-SH006-202602-0236,2026-02-18,120.00,112.15,7.85,,,SKIPPED,PERIOD_NOT_OPENED
SH006,REC-SH006-202602-0237,2026-02-18,60.00,56.07,3.93,,,SKIPPED,PERIOD_NOT_OPENED
SH006,REC-SH006-202602-0238,2026-02-18,190.00,177.57,12.43,,,SKIPPED,PERIOD_NOT_OPENED
SH001,REC-SH001-202602-0146,2026-02-18,1690.00,1579.44,110.56,,,SKIPPED,PERIOD_NOT_OPENED
SH026,REC-SH026-202602-0155,2026-02-18,80.00,74.77,5.23,,,SKIPPED,PERIOD_NOT_OPENED
SH026,REC-SH026-202602-0156,2026-02-18,240.00,224.30,15.70,,,SKIPPED,PERIOD_NOT_OPENED
SH024,REC-SH024-202602-0094,2026-02-18,1320.00,1233.64,86.36,,,SKIPPED,PERIOD_NOT_OPENED
SH024,REC-SH024-202602-0095,2026-02-18,120.00,112.15,7.85,,,SKIPPED,PERIOD_NOT_OPENED
SH006,REC-SH006-202602-0239,2026-02-18,120.00,112.15,7.85,,,SKIPPED,PERIOD_NOT_OPENED
SH025,REC-SH025-202602-0154,2026-02-18,80.00,74.77,5.23,,,SKIPPED,PERIOD_NOT_OPENED
SH010,REC-SH010-202602-0162,2026-02-18,330.00,308.41,21.59,,,SKIPPED,PERIOD_NOT_OPENED
SH006,REC-SH006-202602-0240,2026-02-18,80.00,74.77,5.23,,,SKIPPED,PERIOD_NOT_OPENED
SH024,REC-SH024-202602-0096,2026-02-18,240.00,224.30,15.70,,,SKIPPED,PERIOD_NOT_OPENED
SH010,REC-SH010-202602-0163,2026-02-18,650.00,607.48,42.52,,,SKIPPED,PERIOD_NOT_OPENED
SH030,REC-SH030-202602-0015,2026-02-18,580.00,542.06,37.94,,,SKIPPED,PERIOD_NOT_OPENED
SH001,REC-SH001-202602-0147,2026-02-18,1230.00,1149.53,80.47,,,SKIPPED,PERIOD_NOT_OPENED
SH028,REC-SH028-202602-0045,2026-02-18,1250.00,1168.22,81.78,,,SKIPPED,PERIOD_NOT_OPENED
SH024,REC-SH024-202602-0097,2026-02-18,130.00,121.50,8.50,,,SKIPPED,PERIOD_NOT_OPENED
SH024,REC-SH024-202602-0098,2026-02-18,220.00,205.61,14.39,,,SKIPPED,PERIOD_NOT_OPENED
SH010,REC-SH010-202602-0164,2026-02-18,100.00,93.46,6.54,,,SKIPPED,PERIOD_NOT_OPENED
SH026,REC-SH026-202602-0157,2026-02-18,80.00,74.77,5.23,,,SKIPPED,PERIOD_NOT_OPENED
SH001,REC-SH001-202602-0148,2026-02-18,1230.00,1149.53,80.47,,,SKIPPED,PERIOD_NOT_OPENED
SH001,REC-SH001-202602-0149,2026-02-18,380.00,355.14,24.86,,,SKIPPED,PERIOD_NOT_OPENED
SH006,REC-SH006-202602-0241,2026-02-18,240.00,224.30,15.70,,,SKIPPED,PERIOD_NOT_OPENED
SH024,REC-SH024-202602-0099,2026-02-18,160.00,149.53,10.47,,,SKIPPED,PERIOD_NOT_OPENED
SH024,REC-SH024-202602-0100,2026-02-18,120.00,112.15,7.85,,,SKIPPED,PERIOD_NOT_OPENED
SH001,REC-SH001-202602-0150,2026-02-18,990.00,925.23,64.77,,,SKIPPED,PERIOD_NOT_OPENED
SH024,REC-SH024-202602-0101,2026-02-18,120.00,112.15,7.85,,,SKIPPED,PERIOD_NOT_OPENED
SH024,REC-SH024-202602-0102,2026-02-18,660.00,616.82,43.18,,,SKIPPED,PERIOD_NOT_OPENED
SH025,REC-SH025-202602-0155,2026-02-18,140.00,130.84,9.16,,,SKIPPED,PERIOD_NOT_OPENED
SH026,REC-SH026-202602-0158,2026-02-18,120.00,112.15,7.85,,,SKIPPED,PERIOD_NOT_OPENED
SH028,REC-SH028-202602-0046,2026-02-18,1580.00,1476.64,103.36,,,SKIPPED,PERIOD_NOT_OPENED
SH001,REC-SH001-202602-0151,2026-02-18,3240.00,3028.04,211.96,,,SKIPPED,PERIOD_NOT_OPENED
SH010,REC-SH010-202602-0165,2026-02-18,80.00,74.77,5.23,,,SKIPPED,PERIOD_NOT_OPENED
SH001,REC-SH001-202602-0152,2026-02-18,400.00,373.83,26.17,,,SKIPPED,PERIOD_NOT_OPENED
SH001,REC-SH001-202602-0153,2026-02-18,60.00,56.07,3.93,,,SKIPPED,PERIOD_NOT_OPENED
SH025,REC-SH025-202602-0156,2026-02-18,325.00,303.74,21.26,,,SKIPPED,PERIOD_NOT_OPENED
SH024,REC-SH024-202602-0103,2026-02-19,120.00,112.15,7.85,,,SKIPPED,PERIOD_NOT_OPENED
SH006,REC-SH006-202602-0242,2026-02-19,200.00,186.92,13.08,,,SKIPPED,PERIOD_NOT_OPENED
SH001,REC-SH001-202602-0154,2026-02-19,1710.00,1598.13,111.87,,,SKIPPED,PERIOD_NOT_OPENED
SH001,REC-SH001-202602-0155,2026-02-19,240.00,224.30,15.70,,,SKIPPED,PERIOD_NOT_OPENED
SH006,REC-SH006-202602-0243,2026-02-19,200.00,186.92,13.08,,,SKIPPED,PERIOD_NOT_OPENED
SH006,REC-SH006-202602-0244,2026-02-19,580.00,542.06,37.94,,,SKIPPED,PERIOD_NOT_OPENED
SH010,REC-SH010-202602-0166,2026-02-19,120.00,112.15,7.85,,,SKIPPED,PERIOD_NOT_OPENED
SH001,REC-SH001-202602-0156,2026-02-19,400.00,373.83,26.17,,,SKIPPED,PERIOD_NOT_OPENED
SH025,REC-SH025-202602-0157,2026-02-19,410.00,383.18,26.82,,,SKIPPED,PERIOD_NOT_OPENED
SH006,REC-SH006-202602-0245,2026-02-19,60.00,56.07,3.93,,,SKIPPED,PERIOD_NOT_OPENED
SH026,REC-SH026-202602-0159,2026-02-19,80.00,74.77,5.23,,,SKIPPED,PERIOD_NOT_OPENED
SH026,REC-SH026-202602-0160,2026-02-19,330.00,308.41,21.59,,,SKIPPED,PERIOD_NOT_OPENED
SH024,REC-SH024-202602-0104,2026-02-19,160.00,149.53,10.47,,,SKIPPED,PERIOD_NOT_OPENED
SH026,REC-SH026-202602-0161,2026-02-19,240.00,224.30,15.70,,,SKIPPED,PERIOD_NOT_OPENED
SH012,REC-SH012-202602-0161,2026-02-19,80.00,74.77,5.23,,,SKIPPED,PERIOD_NOT_OPENED
SH025,REC-SH025-202602-0158,2026-02-19,80.00,74.77,5.23,,,SKIPPED,PERIOD_NOT_OPENED
SH006,REC-SH006-202602-0246,2026-02-19,160.00,149.53,10.47,,,SKIPPED,PERIOD_NOT_OPENED
SH012,REC-SH012-202602-0162,2026-02-19,160.00,149.53,10.47,,,SKIPPED,PERIOD_NOT_OPENED
SH025,REC-SH025-202602-0159,2026-02-19,240.00,224.30,15.70,,,SKIPPED,PERIOD_NOT_OPENED
SH024,REC-SH024-202602-0105,2026-02-19,280.00,261.68,18.32,,,SKIPPED,PERIOD_NOT_OPENED
SH025,REC-SH025-202602-0160,2026-02-19,330.00,308.41,21.59,,,SKIPPED,PERIOD_NOT_OPENED
SH006,REC-SH006-202602-0247,2026-02-19,120.00,112.15,7.85,,,SKIPPED,PERIOD_NOT_OPENED
SH026,REC-SH026-202602-0162,2026-02-19,610.00,570.09,39.91,,,SKIPPED,PERIOD_NOT_OPENED
SH025,REC-SH025-202602-0161,2026-02-19,160.00,149.53,10.47,,,SKIPPED,PERIOD_NOT_OPENED
SH012,REC-SH012-202602-0163,2026-02-19,1070.00,1000.00,70.00,,,SKIPPED,PERIOD_NOT_OPENED
SH012,REC-SH012-202602-0164,2026-02-19,240.00,224.30,15.70,,,SKIPPED,PERIOD_NOT_OPENED
SH010,REC-SH010-202602-0167,2026-02-19,120.00,112.15,7.85,,,SKIPPED,PERIOD_NOT_OPENED
SH001,REC-SH001-202602-0157,2026-02-19,400.00,373.83,26.17,,,SKIPPED,PERIOD_NOT_OPENED
SH001,REC-SH001-202602-0158,2026-02-19,580.00,542.06,37.94,,,SKIPPED,PERIOD_NOT_OPENED
SH024,REC-SH024-202602-0106,2026-02-19,120.00,112.15,7.85,,,SKIPPED,PERIOD_NOT_OPENED
SH026,REC-SH026-202602-0163,2026-02-19,380.00,355.14,24.86,,,SKIPPED,PERIOD_NOT_OPENED
SH001,REC-SH001-202602-0159,2026-02-19,80.00,74.77,5.23,,,SKIPPED,PERIOD_NOT_OPENED
SH012,REC-SH012-202602-0165,2026-02-19,80.00,74.77,5.23,,,SKIPPED,PERIOD_NOT_OPENED
SH028,REC-SH028-202602-0047,2026-02-19,120.00,112.15,7.85,,,SKIPPED,PERIOD_NOT_OPENED
SH026,REC-SH026-202602-0164,2026-02-19,460.00,429.91,30.09,,,SKIPPED,PERIOD_NOT_OPENED
SH025,REC-SH025-202602-0162,2026-02-19,80.00,74.77,5.23,,,SKIPPED,PERIOD_NOT_OPENED
SH026,REC-SH026-202602-0165,2026-02-19,80.00,74.77,5.23,,,SKIPPED,PERIOD_NOT_OPENED
SH026,REC-SH026-202602-0166,2026-02-19,80.00,74.77,5.23,,,SKIPPED,PERIOD_NOT_OPENED
SH012,REC-SH012-202602-0166,2026-02-19,80.00,74.77,5.23,,,SKIPPED,PERIOD_NOT_OPENED
SH001,REC-SH001-202602-0160,2026-02-19,330.00,308.41,21.59,,,SKIPPED,PERIOD_NOT_OPENED
SH025,REC-SH025-202602-0163,2026-02-19,300.00,280.37,19.63,,,SKIPPED,PERIOD_NOT_OPENED
SH024,REC-SH024-202602-0107,2026-02-19,280.00,261.68,18.32,,,SKIPPED,PERIOD_NOT_OPENED
SH006,REC-SH006-202602-0248,2026-02-19,350.00,327.10,22.90,,,SKIPPED,PERIOD_NOT_OPENED
SH006,REC-SH006-202602-0249,2026-02-19,280.00,261.68,18.32,,,SKIPPED,PERIOD_NOT_OPENED
SH001,REC-SH001-202602-0161,2026-02-19,1120.00,1046.73,73.27,,,SKIPPED,PERIOD_NOT_OPENED
SH026,REC-SH026-202602-0167,2026-02-19,460.00,429.91,30.09,,,SKIPPED,PERIOD_NOT_OPENED
SH006,REC-SH006-202602-0250,2026-02-19,1380.00,1289.72,90.28,,,SKIPPED,PERIOD_NOT_OPENED
SH025,REC-SH025-202602-0164,2026-02-19,1230.00,1149.53,80.47,,,SKIPPED,PERIOD_NOT_OPENED
SH006,REC-SH006-202602-0251,2026-02-19,240.00,224.30,15.70,,,SKIPPED,PERIOD_NOT_OPENED
SH010,REC-SH010-202602-0168,2026-02-19,160.00,149.53,10.47,,,SKIPPED,PERIOD_NOT_OPENED
SH001,REC-SH001-202602-0162,2026-02-19,1710.00,1598.13,111.87,,,SKIPPED,PERIOD_NOT_OPENED
SH024,REC-SH024-202602-0108,2026-02-19,1560.00,1457.94,102.06,,,SKIPPED,PERIOD_NOT_OPENED
SH010,REC-SH010-202602-0169,2026-02-19,80.00,74.77,5.23,,,SKIPPED,PERIOD_NOT_OPENED
SH024,REC-SH024-202602-0109,2026-02-20,80.00,74.77,5.23,,,SKIPPED,PERIOD_NOT_OPENED
SH012,REC-SH012-202602-0167,2026-02-20,1890.00,1766.36,123.64,,,SKIPPED,PERIOD_NOT_OPENED
SH006,REC-SH006-202602-0252,2026-02-20,1250.00,1168.22,81.78,,,SKIPPED,PERIOD_NOT_OPENED
SH006,REC-SH006-202602-0253,2026-02-20,80.00,74.77,5.23,,,SKIPPED,PERIOD_NOT_OPENED
SH012,REC-SH012-202602-0168,2026-02-20,330.00,308.41,21.59,,,SKIPPED,PERIOD_NOT_OPENED
SH006,REC-SH006-202602-0254,2026-02-20,325.00,303.74,21.26,,,SKIPPED,PERIOD_NOT_OPENED
SH010,REC-SH010-202602-0170,2026-02-20,260.00,242.99,17.01,,,SKIPPED,PERIOD_NOT_OPENED
SH010,REC-SH010-202602-0171,2026-02-20,330.00,308.41,21.59,,,SKIPPED,PERIOD_NOT_OPENED
SH012,REC-SH012-202602-0169,2026-02-20,120.00,112.15,7.85,,,SKIPPED,PERIOD_NOT_OPENED
SH010,REC-SH010-202602-0172,2026-02-20,1360.00,1271.03,88.97,,,SKIPPED,PERIOD_NOT_OPENED
SH006,REC-SH006-202602-0255,2026-02-20,80.00,74.77,5.23,,,SKIPPED,PERIOD_NOT_OPENED
SH025,REC-SH025-202602-0165,2026-02-20,80.00,74.77,5.23,,,SKIPPED,PERIOD_NOT_OPENED
SH024,REC-SH024-202602-0110,2026-02-20,80.00,74.77,5.23,,,SKIPPED,PERIOD_NOT_OPENED
SH006,REC-SH006-202602-0256,2026-02-20,240.00,224.30,15.70,,,SKIPPED,PERIOD_NOT_OPENED
SH006,REC-SH006-202602-0257,2026-02-20,1060.00,990.65,69.35,,,SKIPPED,PERIOD_NOT_OPENED
SH006,REC-SH006-202602-0258,2026-02-20,330.00,308.41,21.59,,,SKIPPED,PERIOD_NOT_OPENED
SH006,REC-SH006-202602-0259,2026-02-20,240.00,224.30,15.70,,,SKIPPED,PERIOD_NOT_OPENED
SH001,REC-SH001-202602-0163,2026-02-20,3130.00,2925.23,204.77,,,SKIPPED,PERIOD_NOT_OPENED
SH010,REC-SH010-202602-0173,2026-02-20,1580.00,1476.64,103.36,,,SKIPPED,PERIOD_NOT_OPENED
SH028,REC-SH028-202602-0048,2026-02-20,7320.00,6841.12,478.88,,,SKIPPED,PERIOD_NOT_OPENED
SH006,REC-SH006-202602-0260,2026-02-20,160.00,149.53,10.47,,,SKIPPED,PERIOD_NOT_OPENED
SH010,REC-SH010-202602-0174,2026-02-20,330.00,308.41,21.59,,,SKIPPED,PERIOD_NOT_OPENED
SH026,REC-SH026-202602-0168,2026-02-20,240.00,224.30,15.70,,,SKIPPED,PERIOD_NOT_OPENED
SH001,REC-SH001-202602-0164,2026-02-20,400.00,373.83,26.17,,,SKIPPED,PERIOD_NOT_OPENED
SH026,REC-SH026-202602-0169,2026-02-20,240.00,224.30,15.70,,,SKIPPED,PERIOD_NOT_OPENED
SH010,REC-SH010-202602-0175,2026-02-20,1580.00,1476.64,103.36,,,SKIPPED,PERIOD_NOT_OPENED
SH024,REC-SH024-202602-0111,2026-02-20,80.00,74.77,5.23,,,SKIPPED,PERIOD_NOT_OPENED
SH012,REC-SH012-202602-0170,2026-02-20,1250.00,1168.22,81.78,,,SKIPPED,PERIOD_NOT_OPENED
SH012,REC-SH012-202602-0171,2026-02-20,580.00,542.06,37.94,,,SKIPPED,PERIOD_NOT_OPENED
SH024,REC-SH024-202602-0112,2026-02-20,60.00,56.07,3.93,,,SKIPPED,PERIOD_NOT_OPENED
SH010,REC-SH010-202602-0176,2026-02-20,330.00,308.41,21.59,,,SKIPPED,PERIOD_NOT_OPENED
SH006,REC-SH006-202602-0261,2026-02-20,160.00,149.53,10.47,,,SKIPPED,PERIOD_NOT_OPENED
SH006,REC-SH006-202602-0262,2026-02-20,350.00,327.10,22.90,,,SKIPPED,PERIOD_NOT_OPENED
SH001,REC-SH001-202602-0165,2026-02-20,1890.00,1766.36,123.64,,,SKIPPED,PERIOD_NOT_OPENED
SH006,REC-SH006-202602-0263,2026-02-20,1320.00,1233.64,86.36,,,SKIPPED,PERIOD_NOT_OPENED
SH026,REC-SH026-202602-0170,2026-02-20,460.00,429.91,30.09,,,SKIPPED,PERIOD_NOT_OPENED
SH001,REC-SH001-202602-0166,2026-02-20,80.00,74.77,5.23,,,SKIPPED,PERIOD_NOT_OPENED
SH001,REC-SH001-202602-0167,2026-02-20,220.00,205.61,14.39,,,SKIPPED,PERIOD_NOT_OPENED
SH025,REC-SH025-202602-0166,2026-02-20,160.00,149.53,10.47,,,SKIPPED,PERIOD_NOT_OPENED
SH006,REC-SH006-202602-0264,2026-02-20,325.00,303.74,21.26,,,SKIPPED,PERIOD_NOT_OPENED
SH024,REC-SH024-202602-0113,2026-02-20,350.00,327.10,22.90,,,SKIPPED,PERIOD_NOT_OPENED
SH001,REC-SH001-202602-0168,2026-02-20,1620.00,1514.02,105.98,,,SKIPPED,PERIOD_NOT_OPENED
SH006,REC-SH006-202602-0265,2026-02-20,780.00,728.97,51.03,,,SKIPPED,PERIOD_NOT_OPENED
SH026,REC-SH026-202602-0171,2026-02-20,240.00,224.30,15.70,,,SKIPPED,PERIOD_NOT_OPENED
SH001,REC-SH001-202602-0169,2026-02-20,330.00,308.41,21.59,,,SKIPPED,PERIOD_NOT_OPENED
SH028,REC-SH028-202602-0049,2026-02-20,1250.00,1168.22,81.78,,,SKIPPED,PERIOD_NOT_OPENED
SH012,REC-SH012-202602-0172,2026-02-20,80.00,74.77,5.23,,,SKIPPED,PERIOD_NOT_OPENED
SH026,REC-SH026-202602-0172,2026-02-20,3270.00,3056.07,213.93,,,SKIPPED,PERIOD_NOT_OPENED
SH024,REC-SH024-202602-0114,2026-02-20,280.00,261.68,18.32,,,SKIPPED,PERIOD_NOT_OPENED
SH026,REC-SH026-202602-0173,2026-02-20,120.00,112.15,7.85,,,SKIPPED,PERIOD_NOT_OPENED
SH024,REC-SH024-202602-0115,2026-02-20,80.00,74.77,5.23,,,SKIPPED,PERIOD_NOT_OPENED
SH025,REC-SH025-202602-0167,2026-02-20,410.00,383.18,26.82,,,SKIPPED,PERIOD_NOT_OPENED
SH025,REC-SH025-202602-0168,2026-02-20,80.00,74.77,5.23,,,SKIPPED,PERIOD_NOT_OPENED
SH025,REC-SH025-202602-0169,2026-02-20,659.00,615.89,43.11,,,SKIPPED,PERIOD_NOT_OPENED
SH026,REC-SH026-202602-0174,2026-02-21,80.00,74.77,5.23,,,SKIPPED,PERIOD_NOT_OPENED
SH010,REC-SH010-202602-0177,2026-02-21,80.00,74.77,5.23,,,SKIPPED,PERIOD_NOT_OPENED
SH024,REC-SH024-202602-0116,2026-02-21,80.00,74.77,5.23,,,SKIPPED,PERIOD_NOT_OPENED
SH028,REC-SH028-202602-0050,2026-02-21,120.00,112.15,7.85,,,SKIPPED,PERIOD_NOT_OPENED
SH026,REC-SH026-202602-0175,2026-02-21,780.00,728.97,51.03,,,SKIPPED,PERIOD_NOT_OPENED
SH006,REC-SH006-202602-0266,2026-02-21,80.00,74.77,5.23,,,SKIPPED,PERIOD_NOT_OPENED
SH026,REC-SH026-202602-0176,2026-02-21,180.00,168.22,11.78,,,SKIPPED,PERIOD_NOT_OPENED
SH006,REC-SH006-202602-0267,2026-02-21,240.00,224.30,15.70,,,SKIPPED,PERIOD_NOT_OPENED
SH012,REC-SH012-202602-0173,2026-02-21,1360.00,1271.03,88.97,,,SKIPPED,PERIOD_NOT_OPENED
SH006,REC-SH006-202602-0268,2026-02-21,2830.00,2644.86,185.14,,,SKIPPED,PERIOD_NOT_OPENED
SH012,REC-SH012-202602-0174,2026-02-21,1230.00,1149.53,80.47,,,SKIPPED,PERIOD_NOT_OPENED
SH006,REC-SH006-202602-0269,2026-02-21,240.00,224.30,15.70,,,SKIPPED,PERIOD_NOT_OPENED
SH025,REC-SH025-202602-0170,2026-02-21,280.00,261.68,18.32,,,SKIPPED,PERIOD_NOT_OPENED
SH012,REC-SH012-202602-0175,2026-02-21,80.00,74.77,5.23,,,SKIPPED,PERIOD_NOT_OPENED
SH010,REC-SH010-202602-0178,2026-02-21,80.00,74.77,5.23,,,SKIPPED,PERIOD_NOT_OPENED
SH012,REC-SH012-202602-0176,2026-02-21,100.00,93.46,6.54,,,SKIPPED,PERIOD_NOT_OPENED
SH026,REC-SH026-202602-0177,2026-02-21,240.00,224.30,15.70,,,SKIPPED,PERIOD_NOT_OPENED
SH012,REC-SH012-202602-0177,2026-02-21,200.00,186.92,13.08,,,SKIPPED,PERIOD_NOT_OPENED
SH001,REC-SH001-202602-0170,2026-02-21,610.00,570.09,39.91,,,SKIPPED,PERIOD_NOT_OPENED
SH006,REC-SH006-202602-0270,2026-02-21,80.00,74.77,5.23,,,SKIPPED,PERIOD_NOT_OPENED
SH006,REC-SH006-202602-0271,2026-02-21,700.00,654.21,45.79,,,SKIPPED,PERIOD_NOT_OPENED
SH010,REC-SH010-202602-0179,2026-02-21,460.00,429.91,30.09,,,SKIPPED,PERIOD_NOT_OPENED
SH010,REC-SH010-202602-0180,2026-02-21,160.00,149.53,10.47,,,SKIPPED,PERIOD_NOT_OPENED
SH010,REC-SH010-202602-0181,2026-02-21,325.00,303.74,21.26,,,SKIPPED,PERIOD_NOT_OPENED
SH010,REC-SH010-202602-0182,2026-02-21,325.00,303.74,21.26,,,SKIPPED,PERIOD_NOT_OPENED
SH026,REC-SH026-202602-0178,2026-02-21,80.00,74.77,5.23,,,SKIPPED,PERIOD_NOT_OPENED
SH028,REC-SH028-202602-0051,2026-02-21,14810.00,13841.12,968.88,,,SKIPPED,PERIOD_NOT_OPENED
SH025,REC-SH025-202602-0171,2026-02-21,240.00,224.30,15.70,,,SKIPPED,PERIOD_NOT_OPENED
SH026,REC-SH026-202602-0179,2026-02-21,260.00,242.99,17.01,,,SKIPPED,PERIOD_NOT_OPENED
SH001,REC-SH001-202602-0171,2026-02-21,2290.00,2140.19,149.81,,,SKIPPED,PERIOD_NOT_OPENED
SH001,REC-SH001-202602-0172,2026-02-21,1380.00,1289.72,90.28,,,SKIPPED,PERIOD_NOT_OPENED
SH006,REC-SH006-202602-0272,2026-02-21,80.00,74.77,5.23,,,SKIPPED,PERIOD_NOT_OPENED
SH025,REC-SH025-202602-0172,2026-02-21,2010.00,1878.50,131.50,,,SKIPPED,PERIOD_NOT_OPENED
SH006,REC-SH006-202602-0273,2026-02-21,80.00,74.77,5.23,,,SKIPPED,PERIOD_NOT_OPENED
SH006,REC-SH006-202602-0274,2026-02-21,580.00,542.06,37.94,,,SKIPPED,PERIOD_NOT_OPENED
SH012,REC-SH012-202602-0178,2026-02-21,100.00,93.46,6.54,,,SKIPPED,PERIOD_NOT_OPENED
SH006,REC-SH006-202602-0275,2026-02-21,1690.00,1579.44,110.56,,,SKIPPED,PERIOD_NOT_OPENED
SH006,REC-SH006-202602-0276,2026-02-21,1320.00,1233.64,86.36,,,SKIPPED,PERIOD_NOT_OPENED
SH026,REC-SH026-202602-0180,2026-02-21,120.00,112.15,7.85,,,SKIPPED,PERIOD_NOT_OPENED
SH010,REC-SH010-202602-0183,2026-02-21,1760.00,1644.86,115.14,,,SKIPPED,PERIOD_NOT_OPENED
SH010,REC-SH010-202602-0184,2026-02-21,460.00,429.91,30.09,,,SKIPPED,PERIOD_NOT_OPENED
SH025,REC-SH025-202602-0173,2026-02-21,200.00,186.92,13.08,,,SKIPPED,PERIOD_NOT_OPENED
SH006,REC-SH006-202602-0277,2026-02-21,180.00,168.22,11.78,,,SKIPPED,PERIOD_NOT_OPENED
SH006,REC-SH006-202602-0278,2026-02-21,160.00,149.53,10.47,,,SKIPPED,PERIOD_NOT_OPENED
SH025,REC-SH025-202602-0174,2026-02-21,360.00,336.45,23.55,,,SKIPPED,PERIOD_NOT_OPENED
SH006,REC-SH006-202602-0279,2026-02-21,80.00,74.77,5.23,,,SKIPPED,PERIOD_NOT_OPENED
SH006,REC-SH006-202602-0280,2026-02-21,240.00,224.30,15.70,,,SKIPPED,PERIOD_NOT_OPENED
SH026,REC-SH026-202602-0181,2026-02-21,330.00,308.41,21.59,,,SKIPPED,PERIOD_NOT_OPENED
SH026,REC-SH026-202602-0182,2026-02-21,100.00,93.46,6.54,,,SKIPPED,PERIOD_NOT_OPENED
SH010,REC-SH010-202602-0185,2026-02-21,680.00,635.51,44.49,,,SKIPPED,PERIOD_NOT_OPENED
SH026,REC-SH026-202602-0183,2026-02-21,120.00,112.15,7.85,,,SKIPPED,PERIOD_NOT_OPENED
SH026,REC-SH026-202602-0184,2026-02-21,200.00,186.92,13.08,,,SKIPPED,PERIOD_NOT_OPENED
SH001,REC-SH001-202602-0173,2026-02-21,1380.00,1289.72,90.28,,,SKIPPED,PERIOD_NOT_OPENED
SH012,REC-SH012-202602-0179,2026-02-21,700.00,654.21,45.79,,,SKIPPED,PERIOD_NOT_OPENED
SH012,REC-SH012-202602-0180,2026-02-21,330.00,308.41,21.59,,,SKIPPED,PERIOD_NOT_OPENED
SH025,REC-SH025-202602-0175,2026-02-21,1230.00,1149.53,80.47,,,SKIPPED,PERIOD_NOT_OPENED
SH006,REC-SH006-202602-0281,2026-02-21,130.00,121.50,8.50,,,SKIPPED,PERIOD_NOT_OPENED
SH026,REC-SH026-202602-0185,2026-02-21,1920.00,1794.39,125.61,,,SKIPPED,PERIOD_NOT_OPENED
SH026,REC-SH026-202602-0186,2026-02-21,280.00,261.68,18.32,,,SKIPPED,PERIOD_NOT_OPENED
SH001,REC-SH001-202602-0174,2026-02-21,120.00,112.15,7.85,,,SKIPPED,PERIOD_NOT_OPENED
SH001,REC-SH001-202602-0175,2026-02-21,1750.00,1635.51,114.49,,,SKIPPED,PERIOD_NOT_OPENED
SH001,REC-SH001-202602-0176,2026-02-22,80.00,74.77,5.23,,,SKIPPED,PERIOD_NOT_OPENED
SH030,REC-SH030-202602-0016,2026-02-22,240.00,224.30,15.70,,,SKIPPED,PERIOD_NOT_OPENED
SH006,REC-SH006-202602-0282,2026-02-22,1320.00,1233.64,86.36,,,SKIPPED,PERIOD_NOT_OPENED
SH024,REC-SH024-202602-0117,2026-02-22,1010.00,943.93,66.07,,,SKIPPED,PERIOD_NOT_OPENED
SH024,REC-SH024-202602-0118,2026-02-22,500.00,467.29,32.71,,,SKIPPED,PERIOD_NOT_OPENED
SH024,REC-SH024-202602-0119,2026-02-22,120.00,112.15,7.85,,,SKIPPED,PERIOD_NOT_OPENED
SH024,REC-SH024-202602-0120,2026-02-22,1600.00,1495.33,104.67,,,SKIPPED,PERIOD_NOT_OPENED
SH024,REC-SH024-202602-0121,2026-02-22,680.00,635.51,44.49,,,SKIPPED,PERIOD_NOT_OPENED
SH024,REC-SH024-202602-0122,2026-02-22,80.00,74.77,5.23,,,SKIPPED,PERIOD_NOT_OPENED
SH001,REC-SH001-202602-0177,2026-02-22,3160.00,2953.27,206.73,,,SKIPPED,PERIOD_NOT_OPENED
SH012,REC-SH012-202602-0181,2026-02-22,1320.00,1233.64,86.36,,,SKIPPED,PERIOD_NOT_OPENED
SH001,REC-SH001-202602-0178,2026-02-22,610.00,570.09,39.91,,,SKIPPED,PERIOD_NOT_OPENED
SH006,REC-SH006-202602-0283,2026-02-22,240.00,224.30,15.70,,,SKIPPED,PERIOD_NOT_OPENED
SH010,REC-SH010-202602-0186,2026-02-22,330.00,308.41,21.59,,,SKIPPED,PERIOD_NOT_OPENED
SH006,REC-SH006-202602-0284,2026-02-22,130.00,121.50,8.50,,,SKIPPED,PERIOD_NOT_OPENED
SH024,REC-SH024-202602-0123,2026-02-22,160.00,149.53,10.47,,,SKIPPED,PERIOD_NOT_OPENED
SH024,REC-SH024-202602-0124,2026-02-22,120.00,112.15,7.85,,,SKIPPED,PERIOD_NOT_OPENED
SH006,REC-SH006-202602-0285,2026-02-22,180.00,168.22,11.78,,,SKIPPED,PERIOD_NOT_OPENED
SH025,REC-SH025-202602-0176,2026-02-22,80.00,74.77,5.23,,,SKIPPED,PERIOD_NOT_OPENED
SH024,REC-SH024-202602-0125,2026-02-22,700.00,654.21,45.79,,,SKIPPED,PERIOD_NOT_OPENED
SH001,REC-SH001-202602-0179,2026-02-22,1560.00,1457.94,102.06,,,SKIPPED,PERIOD_NOT_OPENED
SH010,REC-SH010-202602-0187,2026-02-22,1890.00,1766.36,123.64,,,SKIPPED,PERIOD_NOT_OPENED
SH001,REC-SH001-202602-0180,2026-02-22,330.00,308.41,21.59,,,SKIPPED,PERIOD_NOT_OPENED
SH025,REC-SH025-202602-0177,2026-02-22,160.00,149.53,10.47,,,SKIPPED,PERIOD_NOT_OPENED
SH025,REC-SH025-202602-0178,2026-02-22,80.00,74.77,5.23,,,SKIPPED,PERIOD_NOT_OPENED
SH006,REC-SH006-202602-0286,2026-02-22,420.00,392.52,27.48,,,SKIPPED,PERIOD_NOT_OPENED
SH012,REC-SH012-202602-0182,2026-02-22,220.00,205.61,14.39,,,SKIPPED,PERIOD_NOT_OPENED
SH025,REC-SH025-202602-0179,2026-02-22,120.00,112.15,7.85,,,SKIPPED,PERIOD_NOT_OPENED
SH001,REC-SH001-202602-0181,2026-02-22,1230.00,1149.53,80.47,,,SKIPPED,PERIOD_NOT_OPENED
SH026,REC-SH026-202602-0187,2026-02-22,160.00,149.53,10.47,,,SKIPPED,PERIOD_NOT_OPENED
SH006,REC-SH006-202602-0287,2026-02-22,280.00,261.68,18.32,,,SKIPPED,PERIOD_NOT_OPENED
SH006,REC-SH006-202602-0288,2026-02-22,460.00,429.91,30.09,,,SKIPPED,PERIOD_NOT_OPENED
SH025,REC-SH025-202602-0180,2026-02-22,330.00,308.41,21.59,,,SKIPPED,PERIOD_NOT_OPENED
SH001,REC-SH001-202602-0182,2026-02-22,1750.00,1635.51,114.49,,,SKIPPED,PERIOD_NOT_OPENED
SH028,REC-SH028-202602-0052,2026-02-22,160.00,149.53,10.47,,,SKIPPED,PERIOD_NOT_OPENED
SH001,REC-SH001-202602-0183,2026-02-22,240.00,224.30,15.70,,,SKIPPED,PERIOD_NOT_OPENED
SH026,REC-SH026-202602-0188,2026-02-22,160.00,149.53,10.47,,,SKIPPED,PERIOD_NOT_OPENED
SH024,REC-SH024-202602-0126,2026-02-22,330.00,308.41,21.59,,,SKIPPED,PERIOD_NOT_OPENED
SH030,REC-SH030-202602-0017,2026-02-22,1230.00,1149.53,80.47,,,SKIPPED,PERIOD_NOT_OPENED
SH026,REC-SH026-202602-0189,2026-02-22,120.00,112.15,7.85,,,SKIPPED,PERIOD_NOT_OPENED
SH006,REC-SH006-202602-0289,2026-02-22,150.00,140.19,9.81,,,SKIPPED,PERIOD_NOT_OPENED
SH001,REC-SH001-202602-0184,2026-02-22,1600.00,1495.33,104.67,,,SKIPPED,PERIOD_NOT_OPENED
SH025,REC-SH025-202602-0181,2026-02-22,160.00,149.53,10.47,,,SKIPPED,PERIOD_NOT_OPENED
SH026,REC-SH026-202602-0190,2026-02-22,100.00,93.46,6.54,,,SKIPPED,PERIOD_NOT_OPENED
SH028,REC-SH028-202602-0053,2026-02-22,240.00,224.30,15.70,,,SKIPPED,PERIOD_NOT_OPENED
SH028,REC-SH028-202602-0054,2026-02-22,360.00,336.45,23.55,,,SKIPPED,PERIOD_NOT_OPENED
SH010,REC-SH010-202602-0188,2026-02-22,80.00,74.77,5.23,,,SKIPPED,PERIOD_NOT_OPENED
SH012,REC-SH012-202602-0183,2026-02-22,60.00,56.07,3.93,,,SKIPPED,PERIOD_NOT_OPENED
SH001,REC-SH001-202602-0185,2026-02-22,240.00,224.30,15.70,,,SKIPPED,PERIOD_NOT_OPENED
SH024,REC-SH024-202602-0127,2026-02-22,240.00,224.30,15.70,,,SKIPPED,PERIOD_NOT_OPENED
SH006,REC-SH006-202602-0290,2026-02-22,1620.00,1514.02,105.98,,,SKIPPED,PERIOD_NOT_OPENED
SH010,REC-SH010-202602-0189,2026-02-22,220.00,205.61,14.39,,,SKIPPED,PERIOD_NOT_OPENED
SH026,REC-SH026-202602-0191,2026-02-22,600.00,560.75,39.25,,,SKIPPED,PERIOD_NOT_OPENED
SH012,REC-SH012-202602-0184,2026-02-22,310.00,289.72,20.28,,,SKIPPED,PERIOD_NOT_OPENED
SH012,REC-SH012-202602-0185,2026-02-22,80.00,74.77,5.23,,,SKIPPED,PERIOD_NOT_OPENED
SH006,REC-SH006-202602-0291,2026-02-22,60.00,56.07,3.93,,,SKIPPED,PERIOD_NOT_OPENED
SH010,REC-SH010-202602-0190,2026-02-22,240.00,224.30,15.70,,,SKIPPED,PERIOD_NOT_OPENED
SH012,REC-SH012-202602-0186,2026-02-22,80.00,74.77,5.23,,,SKIPPED,PERIOD_NOT_OPENED
SH012,REC-SH012-202602-0187,2026-02-22,310.00,289.72,20.28,,,SKIPPED,PERIOD_NOT_OPENED
SH006,REC-SH006-202602-0292,2026-02-22,80.00,74.77,5.23,,,SKIPPED,PERIOD_NOT_OPENED
SH012,REC-SH012-202602-0188,2026-02-22,240.00,224.30,15.70,,,SKIPPED,PERIOD_NOT_OPENED
SH012,REC-SH012-202602-0189,2026-02-22,120.00,112.15,7.85,,,SKIPPED,PERIOD_NOT_OPENED
SH001,REC-SH001-202602-0186,2026-02-22,2460.00,2299.07,160.93,,,SKIPPED,PERIOD_NOT_OPENED
SH010,REC-SH010-202602-0191,2026-02-22,80.00,74.77,5.23,,,SKIPPED,PERIOD_NOT_OPENED
SH010,REC-SH010-202602-0192,2026-02-22,160.00,149.53,10.47,,,SKIPPED,PERIOD_NOT_OPENED
SH025,REC-SH025-202602-0182,2026-02-22,80.00,74.77,5.23,,,SKIPPED,PERIOD_NOT_OPENED
SH026,REC-SH026-202602-0192,2026-02-22,1020.00,953.27,66.73,,,SKIPPED,PERIOD_NOT_OPENED
SH006,REC-SH006-202602-0293,2026-02-22,150.00,140.19,9.81,,,SKIPPED,PERIOD_NOT_OPENED
SH010,REC-SH010-202602-0193,2026-02-22,325.00,303.74,21.26,,,SKIPPED,PERIOD_NOT_OPENED
SH028,REC-SH028-202602-0055,2026-02-22,2000.00,1869.16,130.84,,,SKIPPED,PERIOD_NOT_OPENED
SH006,REC-SH006-202602-0294,2026-02-22,320.00,299.07,20.93,,,SKIPPED,PERIOD_NOT_OPENED
SH010,REC-SH010-202602-0194,2026-02-22,330.00,308.41,21.59,,,SKIPPED,PERIOD_NOT_OPENED
SH010,REC-SH010-202602-0195,2026-02-22,300.00,280.37,19.63,,,SKIPPED,PERIOD_NOT_OPENED
SH006,REC-SH006-202602-0295,2026-02-22,120.00,112.15,7.85,,,SKIPPED,PERIOD_NOT_OPENED
SH010,REC-SH010-202602-0196,2026-02-22,1380.00,1289.72,90.28,,,SKIPPED,PERIOD_NOT_OPENED
SH026,REC-SH026-202602-0193,2026-02-22,120.00,112.15,7.85,,,SKIPPED,PERIOD_NOT_OPENED
SH024,REC-SH024-202602-0128,2026-02-22,120.00,112.15,7.85,,,SKIPPED,PERIOD_NOT_OPENED
SH024,REC-SH024-202602-0129,2026-02-22,120.00,112.15,7.85,,,SKIPPED,PERIOD_NOT_OPENED
SH024,REC-SH024-202602-0130,2026-02-22,360.00,336.45,23.55,,,SKIPPED,PERIOD_NOT_OPENED
SH001,REC-SH001-202602-0187,2026-02-22,1230.00,1149.53,80.47,,,SKIPPED,PERIOD_NOT_OPENED
SH001,REC-SH001-202602-0188,2026-02-22,2460.00,2299.07,160.93,,,SKIPPED,PERIOD_NOT_OPENED
SH025,REC-SH025-202602-0183,2026-02-22,160.00,149.53,10.47,,,SKIPPED,PERIOD_NOT_OPENED
SH012,REC-SH012-202602-0190,2026-02-23,80.00,74.77,5.23,,,SKIPPED,PERIOD_NOT_OPENED
SH001,REC-SH001-202602-0189,2026-02-23,3200.00,2990.65,209.35,,,SKIPPED,PERIOD_NOT_OPENED
SH026,REC-SH026-202602-0194,2026-02-23,2080.00,1943.93,136.07,,,SKIPPED,PERIOD_NOT_OPENED
SH028,REC-SH028-202602-0056,2026-02-23,330.00,308.41,21.59,,,SKIPPED,PERIOD_NOT_OPENED
SH006,REC-SH006-202602-0296,2026-02-23,1970.00,1841.12,128.88,,,SKIPPED,PERIOD_NOT_OPENED
SH006,REC-SH006-202602-0297,2026-02-23,60.00,56.07,3.93,,,SKIPPED,PERIOD_NOT_OPENED
SH025,REC-SH025-202602-0184,2026-02-23,320.00,299.07,20.93,,,SKIPPED,PERIOD_NOT_OPENED
SH012,REC-SH012-202602-0191,2026-02-23,60.00,56.07,3.93,,,SKIPPED,PERIOD_NOT_OPENED
SH006,REC-SH006-202602-0298,2026-02-23,160.00,149.53,10.47,,,SKIPPED,PERIOD_NOT_OPENED
SH001,REC-SH001-202602-0190,2026-02-23,450.00,420.56,29.44,,,SKIPPED,PERIOD_NOT_OPENED
SH028,REC-SH028-202602-0057,2026-02-23,1230.00,1149.53,80.47,,,SKIPPED,PERIOD_NOT_OPENED
SH001,REC-SH001-202602-0191,2026-02-23,2830.00,2644.86,185.14,,,SKIPPED,PERIOD_NOT_OPENED
SH001,REC-SH001-202602-0192,2026-02-23,1380.00,1289.72,90.28,,,SKIPPED,PERIOD_NOT_OPENED
SH026,REC-SH026-202602-0195,2026-02-23,60.00,56.07,3.93,,,SKIPPED,PERIOD_NOT_OPENED
SH012,REC-SH012-202602-0192,2026-02-23,80.00,74.77,5.23,,,SKIPPED,PERIOD_NOT_OPENED
SH025,REC-SH025-202602-0185,2026-02-23,80.00,74.77,5.23,,,SKIPPED,PERIOD_NOT_OPENED
SH006,REC-SH006-202602-0299,2026-02-23,1230.00,1149.53,80.47,,,SKIPPED,PERIOD_NOT_OPENED
SH001,REC-SH001-202602-0193,2026-02-23,610.00,570.09,39.91,,,SKIPPED,PERIOD_NOT_OPENED
SH026,REC-SH026-202602-0196,2026-02-23,5640.00,5271.03,368.97,,,SKIPPED,PERIOD_NOT_OPENED
SH006,REC-SH006-202602-0300,2026-02-23,240.00,224.30,15.70,,,SKIPPED,PERIOD_NOT_OPENED
SH001,REC-SH001-202602-0194,2026-02-23,440.00,411.21,28.79,,,SKIPPED,PERIOD_NOT_OPENED
SH001,REC-SH001-202602-0195,2026-02-23,160.00,149.53,10.47,,,SKIPPED,PERIOD_NOT_OPENED
SH026,REC-SH026-202602-0197,2026-02-23,320.00,299.07,20.93,,,SKIPPED,PERIOD_NOT_OPENED
SH010,REC-SH010-202602-0197,2026-02-23,4430.00,4140.19,289.81,,,SKIPPED,PERIOD_NOT_OPENED
SH010,REC-SH010-202602-0198,2026-02-23,330.00,308.41,21.59,,,SKIPPED,PERIOD_NOT_OPENED
SH025,REC-SH025-202602-0186,2026-02-23,320.00,299.07,20.93,,,SKIPPED,PERIOD_NOT_OPENED
SH026,REC-SH026-202602-0198,2026-02-23,160.00,149.53,10.47,,,SKIPPED,PERIOD_NOT_OPENED
SH010,REC-SH010-202602-0199,2026-02-23,160.00,149.53,10.47,,,SKIPPED,PERIOD_NOT_OPENED
SH001,REC-SH001-202602-0196,2026-02-23,1450.00,1355.14,94.86,,,SKIPPED,PERIOD_NOT_OPENED
SH024,REC-SH024-202602-0131,2026-02-23,410.00,383.18,26.82,,,SKIPPED,PERIOD_NOT_OPENED
SH024,REC-SH024-202602-0132,2026-02-23,120.00,112.15,7.85,,,SKIPPED,PERIOD_NOT_OPENED
SH025,REC-SH025-202602-0187,2026-02-23,1710.00,1598.13,111.87,,,SKIPPED,PERIOD_NOT_OPENED
SH006,REC-SH006-202602-0301,2026-02-23,140.00,130.84,9.16,,,SKIPPED,PERIOD_NOT_OPENED
SH024,REC-SH024-202602-0133,2026-02-23,80.00,74.77,5.23,,,SKIPPED,PERIOD_NOT_OPENED
SH024,REC-SH024-202602-0134,2026-02-23,120.00,112.15,7.85,,,SKIPPED,PERIOD_NOT_OPENED
SH006,REC-SH006-202602-0302,2026-02-23,120.00,112.15,7.85,,,SKIPPED,PERIOD_NOT_OPENED
SH010,REC-SH010-202602-0200,2026-02-23,60.00,56.07,3.93,,,SKIPPED,PERIOD_NOT_OPENED
SH026,REC-SH026-202602-0199,2026-02-23,160.00,149.53,10.47,,,SKIPPED,PERIOD_NOT_OPENED
SH026,REC-SH026-202602-0200,2026-02-23,160.00,149.53,10.47,,,SKIPPED,PERIOD_NOT_OPENED
SH006,REC-SH006-202602-0303,2026-02-23,1230.00,1149.53,80.47,,,SKIPPED,PERIOD_NOT_OPENED
SH030,REC-SH030-202602-0018,2026-02-23,240.00,224.30,15.70,,,SKIPPED,PERIOD_NOT_OPENED
SH010,REC-SH010-202602-0201,2026-02-23,650.00,607.48,42.52,,,SKIPPED,PERIOD_NOT_OPENED
SH010,REC-SH010-202602-0202,2026-02-23,330.00,308.41,21.59,,,SKIPPED,PERIOD_NOT_OPENED
SH025,REC-SH025-202602-0188,2026-02-23,140.00,130.84,9.16,,,SKIPPED,PERIOD_NOT_OPENED
SH012,REC-SH012-202602-0193,2026-02-23,1320.00,1233.64,86.36,,,SKIPPED,PERIOD_NOT_OPENED
SH025,REC-SH025-202602-0189,2026-02-23,80.00,74.77,5.23,,,SKIPPED,PERIOD_NOT_OPENED
SH024,REC-SH024-202602-0135,2026-02-23,240.00,224.30,15.70,,,SKIPPED,PERIOD_NOT_OPENED
SH010,REC-SH010-202602-0203,2026-02-23,920.00,859.81,60.19,,,SKIPPED,PERIOD_NOT_OPENED
SH010,REC-SH010-202602-0204,2026-02-23,80.00,74.77,5.23,,,SKIPPED,PERIOD_NOT_OPENED
SH012,REC-SH012-202602-0194,2026-02-23,160.00,149.53,10.47,,,SKIPPED,PERIOD_NOT_OPENED
SH025,REC-SH025-202602-0190,2026-02-23,120.00,112.15,7.85,,,SKIPPED,PERIOD_NOT_OPENED
SH024,REC-SH024-202602-0136,2026-02-23,1230.00,1149.53,80.47,,,SKIPPED,PERIOD_NOT_OPENED
SH026,REC-SH026-202602-0201,2026-02-23,600.00,560.75,39.25,,,SKIPPED,PERIOD_NOT_OPENED
SH010,REC-SH010-202602-0205,2026-02-23,400.00,373.83,26.17,,,SKIPPED,PERIOD_NOT_OPENED
SH025,REC-SH025-202602-0191,2026-02-23,240.00,224.30,15.70,,,SKIPPED,PERIOD_NOT_OPENED
SH006,REC-SH006-202602-0304,2026-02-23,80.00,74.77,5.23,,,SKIPPED,PERIOD_NOT_OPENED
SH010,REC-SH010-202602-0206,2026-02-23,160.00,149.53,10.47,,,SKIPPED,PERIOD_NOT_OPENED
SH024,REC-SH024-202602-0137,2026-02-23,2640.00,2467.29,172.71,,,SKIPPED,PERIOD_NOT_OPENED
SH010,REC-SH010-202602-0207,2026-02-23,2460.00,2299.07,160.93,,,SKIPPED,PERIOD_NOT_OPENED
SH025,REC-SH025-202602-0192,2026-02-23,240.00,224.30,15.70,,,SKIPPED,PERIOD_NOT_OPENED
SH010,REC-SH010-202602-0208,2026-02-23,120.00,112.15,7.85,,,SKIPPED,PERIOD_NOT_OPENED
SH010,REC-SH010-202602-0209,2026-02-23,1380.00,1289.72,90.28,,,SKIPPED,PERIOD_NOT_OPENED
SH010,REC-SH010-202602-0210,2026-02-23,60.00,56.07,3.93,,,SKIPPED,PERIOD_NOT_OPENED
SH006,REC-SH006-202602-0305,2026-02-23,80.00,74.77,5.23,,,SKIPPED,PERIOD_NOT_OPENED
SH028,REC-SH028-202602-0058,2026-02-23,330.00,308.41,21.59,,,SKIPPED,PERIOD_NOT_OPENED
SH024,REC-SH024-202602-0138,2026-02-23,240.00,224.30,15.70,,,SKIPPED,PERIOD_NOT_OPENED
SH026,REC-SH026-202602-0202,2026-02-24,1320.00,1233.64,86.36,,,SKIPPED,PERIOD_NOT_OPENED
SH010,REC-SH010-202602-0211,2026-02-24,8570.00,8009.35,560.65,,,SKIPPED,PERIOD_NOT_OPENED
SH001,REC-SH001-202602-0197,2026-02-24,1970.00,1841.12,128.88,,,SKIPPED,PERIOD_NOT_OPENED
SH012,REC-SH012-202602-0195,2026-02-24,120.00,112.15,7.85,,,SKIPPED,PERIOD_NOT_OPENED
SH010,REC-SH010-202602-0212,2026-02-24,60.00,56.07,3.93,,,SKIPPED,PERIOD_NOT_OPENED
SH026,REC-SH026-202602-0203,2026-02-24,120.00,112.15,7.85,,,SKIPPED,PERIOD_NOT_OPENED
SH006,REC-SH006-202602-0306,2026-02-24,2630.00,2457.94,172.06,,,SKIPPED,PERIOD_NOT_OPENED
SH024,REC-SH024-202602-0139,2026-02-24,80.00,74.77,5.23,,,SKIPPED,PERIOD_NOT_OPENED
SH026,REC-SH026-202602-0204,2026-02-24,120.00,112.15,7.85,,,SKIPPED,PERIOD_NOT_OPENED
SH001,REC-SH001-202602-0198,2026-02-24,1620.00,1514.02,105.98,,,SKIPPED,PERIOD_NOT_OPENED
SH001,REC-SH001-202602-0199,2026-02-24,1580.00,1476.64,103.36,,,SKIPPED,PERIOD_NOT_OPENED
SH001,REC-SH001-202602-0200,2026-02-24,260.00,242.99,17.01,,,SKIPPED,PERIOD_NOT_OPENED
SH026,REC-SH026-202602-0205,2026-02-24,80.00,74.77,5.23,,,SKIPPED,PERIOD_NOT_OPENED
SH012,REC-SH012-202602-0196,2026-02-24,240.00,224.30,15.70,,,SKIPPED,PERIOD_NOT_OPENED
SH010,REC-SH010-202602-0213,2026-02-24,1600.00,1495.33,104.67,,,SKIPPED,PERIOD_NOT_OPENED
SH006,REC-SH006-202602-0307,2026-02-24,240.00,224.30,15.70,,,SKIPPED,PERIOD_NOT_OPENED
SH028,REC-SH028-202602-0059,2026-02-24,240.00,224.30,15.70,,,SKIPPED,PERIOD_NOT_OPENED
SH025,REC-SH025-202602-0193,2026-02-24,180.00,168.22,11.78,,,SKIPPED,PERIOD_NOT_OPENED
SH012,REC-SH012-202602-0197,2026-02-24,1410.00,1317.76,92.24,,,SKIPPED,PERIOD_NOT_OPENED
SH025,REC-SH025-202602-0194,2026-02-24,160.00,149.53,10.47,,,SKIPPED,PERIOD_NOT_OPENED
SH001,REC-SH001-202602-0201,2026-02-24,1970.00,1841.12,128.88,,,SKIPPED,PERIOD_NOT_OPENED
SH012,REC-SH012-202602-0198,2026-02-24,820.00,766.36,53.64,,,SKIPPED,PERIOD_NOT_OPENED
SH030,REC-SH030-202602-0019,2026-02-24,2830.00,2644.86,185.14,,,SKIPPED,PERIOD_NOT_OPENED
SH001,REC-SH001-202602-0202,2026-02-24,330.00,308.41,21.59,,,SKIPPED,PERIOD_NOT_OPENED
SH001,REC-SH001-202602-0203,2026-02-24,1620.00,1514.02,105.98,,,SKIPPED,PERIOD_NOT_OPENED
SH006,REC-SH006-202602-0308,2026-02-24,240.00,224.30,15.70,,,SKIPPED,PERIOD_NOT_OPENED
SH025,REC-SH025-202602-0195,2026-02-24,120.00,112.15,7.85,,,SKIPPED,PERIOD_NOT_OPENED
SH028,REC-SH028-202602-0060,2026-02-24,1360.00,1271.03,88.97,,,SKIPPED,PERIOD_NOT_OPENED
SH001,REC-SH001-202602-0204,2026-02-24,370.00,345.79,24.21,,,SKIPPED,PERIOD_NOT_OPENED
SH006,REC-SH006-202602-0309,2026-02-24,120.00,112.15,7.85,,,SKIPPED,PERIOD_NOT_OPENED
SH001,REC-SH001-202602-0205,2026-02-24,990.00,925.23,64.77,,,SKIPPED,PERIOD_NOT_OPENED
SH026,REC-SH026-202602-0206,2026-02-24,120.00,112.15,7.85,,,SKIPPED,PERIOD_NOT_OPENED
SH006,REC-SH006-202602-0310,2026-02-24,600.00,560.75,39.25,,,SKIPPED,PERIOD_NOT_OPENED
SH026,REC-SH026-202602-0207,2026-02-24,240.00,224.30,15.70,,,SKIPPED,PERIOD_NOT_OPENED
SH025,REC-SH025-202602-0196,2026-02-24,80.00,74.77,5.23,,,SKIPPED,PERIOD_NOT_OPENED
SH025,REC-SH025-202602-0197,2026-02-24,80.00,74.77,5.23,,,SKIPPED,PERIOD_NOT_OPENED
SH026,REC-SH026-202602-0208,2026-02-24,120.00,112.15,7.85,,,SKIPPED,PERIOD_NOT_OPENED
SH025,REC-SH025-202602-0198,2026-02-24,330.00,308.41,21.59,,,SKIPPED,PERIOD_NOT_OPENED
SH026,REC-SH026-202602-0209,2026-02-24,120.00,112.15,7.85,,,SKIPPED,PERIOD_NOT_OPENED
SH010,REC-SH010-202602-0214,2026-02-24,80.00,74.77,5.23,,,SKIPPED,PERIOD_NOT_OPENED
SH001,REC-SH001-202602-0206,2026-02-24,240.00,224.30,15.70,,,SKIPPED,PERIOD_NOT_OPENED
SH010,REC-SH010-202602-0215,2026-02-24,160.00,149.53,10.47,,,SKIPPED,PERIOD_NOT_OPENED
SH026,REC-SH026-202602-0210,2026-02-24,610.00,570.09,39.91,,,SKIPPED,PERIOD_NOT_OPENED
SH006,REC-SH006-202602-0311,2026-02-24,80.00,74.77,5.23,,,SKIPPED,PERIOD_NOT_OPENED
SH025,REC-SH025-202602-0199,2026-02-24,200.00,186.92,13.08,,,SKIPPED,PERIOD_NOT_OPENED
SH006,REC-SH006-202602-0312,2026-02-24,1320.00,1233.64,86.36,,,SKIPPED,PERIOD_NOT_OPENED
SH010,REC-SH010-202602-0216,2026-02-24,160.00,149.53,10.47,,,SKIPPED,PERIOD_NOT_OPENED
SH025,REC-SH025-202602-0200,2026-02-24,360.00,336.45,23.55,,,SKIPPED,PERIOD_NOT_OPENED
SH010,REC-SH010-202602-0217,2026-02-24,370.00,345.79,24.21,,,SKIPPED,PERIOD_NOT_OPENED
SH025,REC-SH025-202602-0201,2026-02-24,660.00,616.82,43.18,,,SKIPPED,PERIOD_NOT_OPENED
SH026,REC-SH026-202602-0211,2026-02-24,240.00,224.30,15.70,,,SKIPPED,PERIOD_NOT_OPENED
SH006,REC-SH006-202602-0313,2026-02-24,1320.00,1233.64,86.36,,,SKIPPED,PERIOD_NOT_OPENED
SH024,REC-SH024-202602-0140,2026-02-24,1000.00,934.58,65.42,,,SKIPPED,PERIOD_NOT_OPENED
SH024,REC-SH024-202602-0141,2026-02-24,460.00,429.91,30.09,,,SKIPPED,PERIOD_NOT_OPENED
SH010,REC-SH010-202602-0218,2026-02-25,3200.00,2990.65,209.35,,,SKIPPED,PERIOD_NOT_OPENED
SH010,REC-SH010-202602-0219,2026-02-25,460.00,429.91,30.09,,,SKIPPED,PERIOD_NOT_OPENED
SH024,REC-SH024-202602-0142,2026-02-25,1970.00,1841.12,128.88,,,SKIPPED,PERIOD_NOT_OPENED
SH006,REC-SH006-202602-0314,2026-02-25,330.00,308.41,21.59,,,SKIPPED,PERIOD_NOT_OPENED
SH030,REC-SH030-202602-0020,2026-02-25,240.00,224.30,15.70,,,SKIPPED,PERIOD_NOT_OPENED
SH026,REC-SH026-202602-0212,2026-02-25,330.00,308.41,21.59,,,SKIPPED,PERIOD_NOT_OPENED
SH010,REC-SH010-202602-0220,2026-02-25,460.00,429.91,30.09,,,SKIPPED,PERIOD_NOT_OPENED
SH006,REC-SH006-202602-0315,2026-02-25,700.00,654.21,45.79,,,SKIPPED,PERIOD_NOT_OPENED
SH010,REC-SH010-202602-0221,2026-02-25,2290.00,2140.19,149.81,,,SKIPPED,PERIOD_NOT_OPENED
SH010,REC-SH010-202602-0222,2026-02-25,400.00,373.83,26.17,,,SKIPPED,PERIOD_NOT_OPENED
SH006,REC-SH006-202602-0316,2026-02-25,1560.00,1457.94,102.06,,,SKIPPED,PERIOD_NOT_OPENED
SH026,REC-SH026-202602-0213,2026-02-25,120.00,112.15,7.85,,,SKIPPED,PERIOD_NOT_OPENED
SH006,REC-SH006-202602-0317,2026-02-25,320.00,299.07,20.93,,,SKIPPED,PERIOD_NOT_OPENED
SH024,REC-SH024-202602-0143,2026-02-25,240.00,224.30,15.70,,,SKIPPED,PERIOD_NOT_OPENED
SH010,REC-SH010-202602-0223,2026-02-25,120.00,112.15,7.85,,,SKIPPED,PERIOD_NOT_OPENED
SH025,REC-SH025-202602-0202,2026-02-25,1600.00,1495.33,104.67,,,SKIPPED,PERIOD_NOT_OPENED
SH006,REC-SH006-202602-0318,2026-02-25,80.00,74.77,5.23,,,SKIPPED,PERIOD_NOT_OPENED
SH024,REC-SH024-202602-0144,2026-02-25,240.00,224.30,15.70,,,SKIPPED,PERIOD_NOT_OPENED
SH006,REC-SH006-202602-0319,2026-02-25,80.00,74.77,5.23,,,SKIPPED,PERIOD_NOT_OPENED
SH024,REC-SH024-202602-0145,2026-02-25,330.00,308.41,21.59,,,SKIPPED,PERIOD_NOT_OPENED
SH024,REC-SH024-202602-0146,2026-02-25,330.00,308.41,21.59,,,SKIPPED,PERIOD_NOT_OPENED
SH025,REC-SH025-202602-0203,2026-02-25,240.00,224.30,15.70,,,SKIPPED,PERIOD_NOT_OPENED
SH026,REC-SH026-202602-0214,2026-02-25,460.00,429.91,30.09,,,SKIPPED,PERIOD_NOT_OPENED
SH024,REC-SH024-202602-0147,2026-02-25,240.00,224.30,15.70,,,SKIPPED,PERIOD_NOT_OPENED
SH010,REC-SH010-202602-0224,2026-02-25,485.00,453.27,31.73,,,SKIPPED,PERIOD_NOT_OPENED
SH010,REC-SH010-202602-0225,2026-02-25,1640.00,1532.71,107.29,,,SKIPPED,PERIOD_NOT_OPENED
SH024,REC-SH024-202602-0148,2026-02-25,80.00,74.77,5.23,,,SKIPPED,PERIOD_NOT_OPENED
SH030,REC-SH030-202602-0021,2026-02-25,80.00,74.77,5.23,,,SKIPPED,PERIOD_NOT_OPENED
SH010,REC-SH010-202602-0226,2026-02-25,325.00,303.74,21.26,,,SKIPPED,PERIOD_NOT_OPENED
SH025,REC-SH025-202602-0204,2026-02-25,60.00,56.07,3.93,,,SKIPPED,PERIOD_NOT_OPENED
SH026,REC-SH026-202602-0215,2026-02-25,120.00,112.15,7.85,,,SKIPPED,PERIOD_NOT_OPENED
SH001,REC-SH001-202602-0207,2026-02-25,2460.00,2299.07,160.93,,,SKIPPED,PERIOD_NOT_OPENED
SH012,REC-SH012-202602-0199,2026-02-25,2280.00,2130.84,149.16,,,SKIPPED,PERIOD_NOT_OPENED
SH010,REC-SH010-202602-0227,2026-02-25,2760.00,2579.44,180.56,,,SKIPPED,PERIOD_NOT_OPENED
SH030,REC-SH030-202602-0022,2026-02-25,1240.00,1158.88,81.12,,,SKIPPED,PERIOD_NOT_OPENED
SH028,REC-SH028-202602-0061,2026-02-25,220.00,205.61,14.39,,,SKIPPED,PERIOD_NOT_OPENED
SH006,REC-SH006-202602-0320,2026-02-25,280.00,261.68,18.32,,,SKIPPED,PERIOD_NOT_OPENED
SH006,REC-SH006-202602-0321,2026-02-25,160.00,149.53,10.47,,,SKIPPED,PERIOD_NOT_OPENED
SH010,REC-SH010-202602-0228,2026-02-25,330.00,308.41,21.59,,,SKIPPED,PERIOD_NOT_OPENED
SH025,REC-SH025-202602-0205,2026-02-25,150.00,140.19,9.81,,,SKIPPED,PERIOD_NOT_OPENED
SH006,REC-SH006-202602-0322,2026-02-25,240.00,224.30,15.70,,,SKIPPED,PERIOD_NOT_OPENED
SH030,REC-SH030-202602-0023,2026-02-25,240.00,224.30,15.70,,,SKIPPED,PERIOD_NOT_OPENED
SH001,REC-SH001-202602-0208,2026-02-25,1600.00,1495.33,104.67,,,SKIPPED,PERIOD_NOT_OPENED
SH026,REC-SH026-202602-0216,2026-02-25,80.00,74.77,5.23,,,SKIPPED,PERIOD_NOT_OPENED
SH006,REC-SH006-202602-0323,2026-02-25,840.00,785.05,54.95,,,SKIPPED,PERIOD_NOT_OPENED
SH025,REC-SH025-202602-0206,2026-02-25,120.00,112.15,7.85,,,SKIPPED,PERIOD_NOT_OPENED
SH010,REC-SH010-202602-0229,2026-02-25,1560.00,1457.94,102.06,,,SKIPPED,PERIOD_NOT_OPENED
SH010,REC-SH010-202602-0230,2026-02-25,3840.00,3588.79,251.21,,,SKIPPED,PERIOD_NOT_OPENED
SH010,REC-SH010-202602-0231,2026-02-25,310.00,289.72,20.28,,,SKIPPED,PERIOD_NOT_OPENED
SH006,REC-SH006-202602-0324,2026-02-25,370.00,345.79,24.21,,,SKIPPED,PERIOD_NOT_OPENED
SH024,REC-SH024-202602-0149,2026-02-25,550.00,514.02,35.98,,,SKIPPED,PERIOD_NOT_OPENED
SH001,REC-SH001-202602-0209,2026-02-25,580.00,542.06,37.94,,,SKIPPED,PERIOD_NOT_OPENED
SH006,REC-SH006-202602-0325,2026-02-25,310.00,289.72,20.28,,,SKIPPED,PERIOD_NOT_OPENED
SH001,REC-SH001-202602-0210,2026-02-25,120.00,112.15,7.85,,,SKIPPED,PERIOD_NOT_OPENED
SH026,REC-SH026-202602-0217,2026-02-25,610.00,570.09,39.91,,,SKIPPED,PERIOD_NOT_OPENED
SH024,REC-SH024-202602-0150,2026-02-25,660.00,616.82,43.18,,,SKIPPED,PERIOD_NOT_OPENED
SH026,REC-SH026-202602-0218,2026-02-25,120.00,112.15,7.85,,,SKIPPED,PERIOD_NOT_OPENED
SH026,REC-SH026-202602-0219,2026-02-25,1230.00,1149.53,80.47,,,SKIPPED,PERIOD_NOT_OPENED
SH001,REC-SH001-202602-0211,2026-02-25,240.00,224.30,15.70,,,SKIPPED,PERIOD_NOT_OPENED
SH012,REC-SH012-202602-0200,2026-02-25,580.00,542.06,37.94,,,SKIPPED,PERIOD_NOT_OPENED
SH024,REC-SH024-202602-0151,2026-02-25,60.00,56.07,3.93,,,SKIPPED,PERIOD_NOT_OPENED
SH010,REC-SH010-202602-0232,2026-02-25,100.00,93.46,6.54,,,SKIPPED,PERIOD_NOT_OPENED
SH010,REC-SH010-202602-0233,2026-02-25,80.00,74.77,5.23,,,SKIPPED,PERIOD_NOT_OPENED
SH006,REC-SH006-202602-0326,2026-02-25,1560.00,1457.94,102.06,,,SKIPPED,PERIOD_NOT_OPENED
SH025,REC-SH025-202602-0207,2026-02-25,1460.00,1364.49,95.51,,,SKIPPED,PERIOD_NOT_OPENED
SH025,REC-SH025-202602-0208,2026-02-25,80.00,74.77,5.23,,,SKIPPED,PERIOD_NOT_OPENED
SH025,REC-SH025-202602-0209,2026-02-25,150.00,140.19,9.81,,,SKIPPED,PERIOD_NOT_OPENED
SH010,REC-SH010-202602-0234,2026-02-26,460.00,429.91,30.09,,,SKIPPED,PERIOD_NOT_OPENED
SH026,REC-SH026-202602-0220,2026-02-26,320.00,299.07,20.93,,,SKIPPED,PERIOD_NOT_OPENED
SH010,REC-SH010-202602-0235,2026-02-26,100.00,93.46,6.54,,,SKIPPED,PERIOD_NOT_OPENED
SH026,REC-SH026-202602-0221,2026-02-26,240.00,224.30,15.70,,,SKIPPED,PERIOD_NOT_OPENED
SH001,REC-SH001-202602-0212,2026-02-26,1040.00,971.96,68.04,,,SKIPPED,PERIOD_NOT_OPENED
SH006,REC-SH006-202602-0327,2026-02-26,1780.00,1663.55,116.45,,,SKIPPED,PERIOD_NOT_OPENED
SH024,REC-SH024-202602-0152,2026-02-26,160.00,149.53,10.47,,,SKIPPED,PERIOD_NOT_OPENED
SH001,REC-SH001-202602-0213,2026-02-26,80.00,74.77,5.23,,,SKIPPED,PERIOD_NOT_OPENED
SH001,REC-SH001-202602-0214,2026-02-26,160.00,149.53,10.47,,,SKIPPED,PERIOD_NOT_OPENED
SH006,REC-SH006-202602-0328,2026-02-26,780.00,728.97,51.03,,,SKIPPED,PERIOD_NOT_OPENED
SH026,REC-SH026-202602-0222,2026-02-26,320.00,299.07,20.93,,,SKIPPED,PERIOD_NOT_OPENED
SH001,REC-SH001-202602-0215,2026-02-26,4800.00,4485.98,314.02,,,SKIPPED,PERIOD_NOT_OPENED
SH006,REC-SH006-202602-0329,2026-02-26,350.00,327.10,22.90,,,SKIPPED,PERIOD_NOT_OPENED
SH006,REC-SH006-202602-0330,2026-02-26,700.00,654.21,45.79,,,SKIPPED,PERIOD_NOT_OPENED
SH012,REC-SH012-202602-0201,2026-02-26,580.00,542.06,37.94,,,SKIPPED,PERIOD_NOT_OPENED
SH006,REC-SH006-202602-0331,2026-02-26,1280.00,1196.26,83.74,,,SKIPPED,PERIOD_NOT_OPENED
SH010,REC-SH010-202602-0236,2026-02-26,330.00,308.41,21.59,,,SKIPPED,PERIOD_NOT_OPENED
SH010,REC-SH010-202602-0237,2026-02-26,330.00,308.41,21.59,,,SKIPPED,PERIOD_NOT_OPENED
SH025,REC-SH025-202602-0210,2026-02-26,340.00,317.76,22.24,,,SKIPPED,PERIOD_NOT_OPENED
SH025,REC-SH025-202602-0211,2026-02-26,460.00,429.91,30.09,,,SKIPPED,PERIOD_NOT_OPENED
SH006,REC-SH006-202602-0332,2026-02-26,240.00,224.30,15.70,,,SKIPPED,PERIOD_NOT_OPENED
SH025,REC-SH025-202602-0212,2026-02-26,180.00,168.22,11.78,,,SKIPPED,PERIOD_NOT_OPENED
SH001,REC-SH001-202602-0216,2026-02-26,330.00,308.41,21.59,,,SKIPPED,PERIOD_NOT_OPENED
SH012,REC-SH012-202602-0202,2026-02-26,2460.00,2299.07,160.93,,,SKIPPED,PERIOD_NOT_OPENED
SH001,REC-SH001-202602-0217,2026-02-26,1890.00,1766.36,123.64,,,SKIPPED,PERIOD_NOT_OPENED
SH006,REC-SH006-202602-0333,2026-02-26,240.00,224.30,15.70,,,SKIPPED,PERIOD_NOT_OPENED
SH001,REC-SH001-202602-0218,2026-02-26,1600.00,1495.33,104.67,,,SKIPPED,PERIOD_NOT_OPENED
SH006,REC-SH006-202602-0334,2026-02-26,700.00,654.21,45.79,,,SKIPPED,PERIOD_NOT_OPENED
SH006,REC-SH006-202602-0335,2026-02-26,890.00,831.78,58.22,,,SKIPPED,PERIOD_NOT_OPENED
SH006,REC-SH006-202602-0336,2026-02-26,80.00,74.77,5.23,,,SKIPPED,PERIOD_NOT_OPENED
SH001,REC-SH001-202602-0219,2026-02-26,450.00,420.56,29.44,,,SKIPPED,PERIOD_NOT_OPENED
SH012,REC-SH012-202602-0203,2026-02-26,400.00,373.83,26.17,,,SKIPPED,PERIOD_NOT_OPENED
SH001,REC-SH001-202602-0220,2026-02-26,1210.00,1130.84,79.16,,,SKIPPED,PERIOD_NOT_OPENED
SH001,REC-SH001-202602-0221,2026-02-26,550.00,514.02,35.98,,,SKIPPED,PERIOD_NOT_OPENED
SH025,REC-SH025-202602-0213,2026-02-26,80.00,74.77,5.23,,,SKIPPED,PERIOD_NOT_OPENED
SH006,REC-SH006-202602-0337,2026-02-26,370.00,345.79,24.21,,,SKIPPED,PERIOD_NOT_OPENED
SH006,REC-SH006-202602-0338,2026-02-26,1910.00,1785.05,124.95,,,SKIPPED,PERIOD_NOT_OPENED
SH024,REC-SH024-202602-0153,2026-02-26,160.00,149.53,10.47,,,SKIPPED,PERIOD_NOT_OPENED
SH024,REC-SH024-202602-0154,2026-02-26,330.00,308.41,21.59,,,SKIPPED,PERIOD_NOT_OPENED
SH026,REC-SH026-202602-0223,2026-02-26,240.00,224.30,15.70,,,SKIPPED,PERIOD_NOT_OPENED
SH024,REC-SH024-202602-0155,2026-02-26,890.00,831.78,58.22,,,SKIPPED,PERIOD_NOT_OPENED
SH010,REC-SH010-202602-0238,2026-02-26,460.00,429.91,30.09,,,SKIPPED,PERIOD_NOT_OPENED
SH012,REC-SH012-202602-0204,2026-02-26,240.00,224.30,15.70,,,SKIPPED,PERIOD_NOT_OPENED
SH006,REC-SH006-202602-0339,2026-02-26,160.00,149.53,10.47,,,SKIPPED,PERIOD_NOT_OPENED
SH026,REC-SH026-202602-0224,2026-02-26,1320.00,1233.64,86.36,,,SKIPPED,PERIOD_NOT_OPENED
SH010,REC-SH010-202602-0239,2026-02-26,2760.00,2579.44,180.56,,,SKIPPED,PERIOD_NOT_OPENED
SH026,REC-SH026-202602-0225,2026-02-26,1320.00,1233.64,86.36,,,SKIPPED,PERIOD_NOT_OPENED
SH010,REC-SH010-202602-0240,2026-02-26,160.00,149.53,10.47,,,SKIPPED,PERIOD_NOT_OPENED
SH001,REC-SH001-202602-0222,2026-02-26,1380.00,1289.72,90.28,,,SKIPPED,PERIOD_NOT_OPENED
SH006,REC-SH006-202602-0340,2026-02-26,80.00,74.77,5.23,,,SKIPPED,PERIOD_NOT_OPENED
SH006,REC-SH006-202602-0341,2026-02-26,160.00,149.53,10.47,,,SKIPPED,PERIOD_NOT_OPENED
SH012,REC-SH012-202602-0205,2026-02-26,160.00,149.53,10.47,,,SKIPPED,PERIOD_NOT_OPENED
SH001,REC-SH001-202602-0223,2026-02-26,1320.00,1233.64,86.36,,,SKIPPED,PERIOD_NOT_OPENED
SH024,REC-SH024-202602-0156,2026-02-26,440.00,411.21,28.79,,,SKIPPED,PERIOD_NOT_OPENED
SH025,REC-SH025-202602-0214,2026-02-26,160.00,149.53,10.47,,,SKIPPED,PERIOD_NOT_OPENED
SH010,REC-SH010-202602-0241,2026-02-26,5500.00,5140.19,359.81,,,SKIPPED,PERIOD_NOT_OPENED
SH001,REC-SH001-202602-0224,2026-02-26,80.00,74.77,5.23,,,SKIPPED,PERIOD_NOT_OPENED
SH010,REC-SH010-202602-0242,2026-02-26,1380.00,1289.72,90.28,,,SKIPPED,PERIOD_NOT_OPENED
SH006,REC-SH006-202602-0342,2026-02-26,80.00,74.77,5.23,,,SKIPPED,PERIOD_NOT_OPENED
SH028,REC-SH028-202602-0062,2026-02-26,1560.00,1457.94,102.06,,,SKIPPED,PERIOD_NOT_OPENED
SH012,REC-SH012-202602-0206,2026-02-26,80.00,74.77,5.23,,,SKIPPED,PERIOD_NOT_OPENED
SH026,REC-SH026-202602-0226,2026-02-26,330.00,308.41,21.59,,,SKIPPED,PERIOD_NOT_OPENED
SH024,REC-SH024-202602-0157,2026-02-26,80.00,74.77,5.23,,,SKIPPED,PERIOD_NOT_OPENED
SH024,REC-SH024-202602-0158,2026-02-26,180.00,168.22,11.78,,,SKIPPED,PERIOD_NOT_OPENED
SH006,REC-SH006-202602-0343,2026-02-27,240.00,224.30,15.70,,,SKIPPED,PERIOD_NOT_OPENED
SH012,REC-SH012-202602-0207,2026-02-27,310.00,289.72,20.28,,,SKIPPED,PERIOD_NOT_OPENED
SH006,REC-SH006-202602-0344,2026-02-27,3140.00,2934.58,205.42,,,SKIPPED,PERIOD_NOT_OPENED
SH012,REC-SH012-202602-0208,2026-02-27,190.00,177.57,12.43,,,SKIPPED,PERIOD_NOT_OPENED
SH006,REC-SH006-202602-0345,2026-02-27,1160.00,1084.11,75.89,,,SKIPPED,PERIOD_NOT_OPENED
SH010,REC-SH010-202602-0243,2026-02-27,325.00,303.74,21.26,,,SKIPPED,PERIOD_NOT_OPENED
SH024,REC-SH024-202602-0159,2026-02-27,120.00,112.15,7.85,,,SKIPPED,PERIOD_NOT_OPENED
SH025,REC-SH025-202602-0215,2026-02-27,320.00,299.07,20.93,,,SKIPPED,PERIOD_NOT_OPENED
SH006,REC-SH006-202602-0346,2026-02-27,2680.00,2504.67,175.33,,,SKIPPED,PERIOD_NOT_OPENED
SH006,REC-SH006-202602-0347,2026-02-27,80.00,74.77,5.23,,,SKIPPED,PERIOD_NOT_OPENED
SH006,REC-SH006-202602-0348,2026-02-27,2500.00,2336.45,163.55,,,SKIPPED,PERIOD_NOT_OPENED
SH028,REC-SH028-202602-0063,2026-02-27,240.00,224.30,15.70,,,SKIPPED,PERIOD_NOT_OPENED
SH006,REC-SH006-202602-0349,2026-02-27,1400.00,1308.41,91.59,,,SKIPPED,PERIOD_NOT_OPENED
SH006,REC-SH006-202602-0350,2026-02-27,325.00,303.74,21.26,,,SKIPPED,PERIOD_NOT_OPENED
SH010,REC-SH010-202602-0244,2026-02-27,330.00,308.41,21.59,,,SKIPPED,PERIOD_NOT_OPENED
SH010,REC-SH010-202602-0245,2026-02-27,240.00,224.30,15.70,,,SKIPPED,PERIOD_NOT_OPENED
SH001,REC-SH001-202602-0225,2026-02-27,160.00,149.53,10.47,,,SKIPPED,PERIOD_NOT_OPENED
SH010,REC-SH010-202602-0246,2026-02-27,80.00,74.77,5.23,,,SKIPPED,PERIOD_NOT_OPENED
SH012,REC-SH012-202602-0209,2026-02-27,120.00,112.15,7.85,,,SKIPPED,PERIOD_NOT_OPENED
SH006,REC-SH006-202602-0351,2026-02-27,310.00,289.72,20.28,,,SKIPPED,PERIOD_NOT_OPENED
SH028,REC-SH028-202602-0064,2026-02-27,1560.00,1457.94,102.06,,,SKIPPED,PERIOD_NOT_OPENED
SH001,REC-SH001-202602-0226,2026-02-27,1230.00,1149.53,80.47,,,SKIPPED,PERIOD_NOT_OPENED
SH006,REC-SH006-202602-0352,2026-02-27,80.00,74.77,5.23,,,SKIPPED,PERIOD_NOT_OPENED
SH006,REC-SH006-202602-0353,2026-02-27,80.00,74.77,5.23,,,SKIPPED,PERIOD_NOT_OPENED
SH006,REC-SH006-202602-0354,2026-02-27,310.00,289.72,20.28,,,SKIPPED,PERIOD_NOT_OPENED
SH024,REC-SH024-202602-0160,2026-02-27,120.00,112.15,7.85,,,SKIPPED,PERIOD_NOT_OPENED
SH012,REC-SH012-202602-0210,2026-02-27,2480.00,2317.76,162.24,,,SKIPPED,PERIOD_NOT_OPENED
SH025,REC-SH025-202602-0216,2026-02-27,780.00,728.97,51.03,,,SKIPPED,PERIOD_NOT_OPENED
SH006,REC-SH006-202602-0355,2026-02-27,120.00,112.15,7.85,,,SKIPPED,PERIOD_NOT_OPENED
SH026,REC-SH026-202602-0227,2026-02-27,280.00,261.68,18.32,,,SKIPPED,PERIOD_NOT_OPENED
SH010,REC-SH010-202602-0247,2026-02-27,120.00,112.15,7.85,,,SKIPPED,PERIOD_NOT_OPENED
SH006,REC-SH006-202602-0356,2026-02-27,1320.00,1233.64,86.36,,,SKIPPED,PERIOD_NOT_OPENED
SH025,REC-SH025-202602-0217,2026-02-27,380.00,355.14,24.86,,,SKIPPED,PERIOD_NOT_OPENED
SH025,REC-SH025-202602-0218,2026-02-27,640.00,598.13,41.87,,,SKIPPED,PERIOD_NOT_OPENED
SH028,REC-SH028-202602-0065,2026-02-27,660.00,616.82,43.18,,,SKIPPED,PERIOD_NOT_OPENED
SH010,REC-SH010-202602-0248,2026-02-27,1430.00,1336.45,93.55,,,SKIPPED,PERIOD_NOT_OPENED
SH025,REC-SH025-202602-0219,2026-02-27,380.00,355.14,24.86,,,SKIPPED,PERIOD_NOT_OPENED
SH026,REC-SH026-202602-0228,2026-02-27,120.00,112.15,7.85,,,SKIPPED,PERIOD_NOT_OPENED
SH026,REC-SH026-202602-0229,2026-02-27,330.00,308.41,21.59,,,SKIPPED,PERIOD_NOT_OPENED
SH006,REC-SH006-202602-0357,2026-02-27,480.00,448.60,31.40,,,SKIPPED,PERIOD_NOT_OPENED
SH006,REC-SH006-202602-0358,2026-02-27,800.00,747.66,52.34,,,SKIPPED,PERIOD_NOT_OPENED
SH024,REC-SH024-202602-0161,2026-02-27,240.00,224.30,15.70,,,SKIPPED,PERIOD_NOT_OPENED
SH024,REC-SH024-202602-0162,2026-02-27,100.00,93.46,6.54,,,SKIPPED,PERIOD_NOT_OPENED
SH001,REC-SH001-202602-0227,2026-02-27,130.00,121.50,8.50,,,SKIPPED,PERIOD_NOT_OPENED
SH010,REC-SH010-202602-0249,2026-02-27,370.00,345.79,24.21,,,SKIPPED,PERIOD_NOT_OPENED
SH010,REC-SH010-202602-0250,2026-02-27,460.00,429.91,30.09,,,SKIPPED,PERIOD_NOT_OPENED
SH012,REC-SH012-202602-0211,2026-02-27,80.00,74.77,5.23,,,SKIPPED,PERIOD_NOT_OPENED
SH006,REC-SH006-202602-0359,2026-02-27,120.00,112.15,7.85,,,SKIPPED,PERIOD_NOT_OPENED
SH012,REC-SH012-202602-0212,2026-02-27,60.00,56.07,3.93,,,SKIPPED,PERIOD_NOT_OPENED
SH006,REC-SH006-202602-0360,2026-02-27,80.00,74.77,5.23,,,SKIPPED,PERIOD_NOT_OPENED
SH026,REC-SH026-202602-0230,2026-02-27,330.00,308.41,21.59,,,SKIPPED,PERIOD_NOT_OPENED
SH006,REC-SH006-202602-0361,2026-02-27,160.00,149.53,10.47,,,SKIPPED,PERIOD_NOT_OPENED
SH026,REC-SH026-202602-0231,2026-02-27,460.00,429.91,30.09,,,SKIPPED,PERIOD_NOT_OPENED
SH012,REC-SH012-202602-0213,2026-02-27,370.00,345.79,24.21,,,SKIPPED,PERIOD_NOT_OPENED
SH006,REC-SH006-202602-0362,2026-02-27,80.00,74.77,5.23,,,SKIPPED,PERIOD_NOT_OPENED
SH010,REC-SH010-202602-0251,2026-02-27,700.00,654.21,45.79,,,SKIPPED,PERIOD_NOT_OPENED
SH024,REC-SH024-202602-0163,2026-02-27,1200.00,1121.50,78.50,,,SKIPPED,PERIOD_NOT_OPENED
SH001,REC-SH001-202602-0228,2026-02-27,440.00,411.21,28.79,,,SKIPPED,PERIOD_NOT_OPENED
SH010,REC-SH010-202602-0252,2026-02-27,100.00,93.46,6.54,,,SKIPPED,PERIOD_NOT_OPENED
SH025,REC-SH025-202602-0220,2026-02-27,500.00,467.29,32.71,,,SKIPPED,PERIOD_NOT_OPENED
SH025,REC-SH025-202602-0221,2026-02-27,160.00,149.53,10.47,,,SKIPPED,PERIOD_NOT_OPENED
SH025,REC-SH025-202602-0222,2026-02-27,160.00,149.53,10.47,,,SKIPPED,PERIOD_NOT_OPENED
SH025,REC-SH025-202602-0223,2026-02-27,150.00,140.19,9.81,,,SKIPPED,PERIOD_NOT_OPENED
SH006,REC-SH006-202602-0363,2026-02-28,160.00,149.53,10.47,,,SKIPPED,PERIOD_NOT_OPENED
SH001,REC-SH001-202602-0229,2026-02-28,330.00,308.41,21.59,,,SKIPPED,PERIOD_NOT_OPENED
SH026,REC-SH026-202602-0232,2026-02-28,480.00,448.60,31.40,,,SKIPPED,PERIOD_NOT_OPENED
SH024,REC-SH024-202602-0164,2026-02-28,280.00,261.68,18.32,,,SKIPPED,PERIOD_NOT_OPENED
SH001,REC-SH001-202602-0230,2026-02-28,130.00,121.50,8.50,,,SKIPPED,PERIOD_NOT_OPENED
SH026,REC-SH026-202602-0233,2026-02-28,120.00,112.15,7.85,,,SKIPPED,PERIOD_NOT_OPENED
SH012,REC-SH012-202602-0214,2026-02-28,1320.00,1233.64,86.36,,,SKIPPED,PERIOD_NOT_OPENED
SH026,REC-SH026-202602-0234,2026-02-28,80.00,74.77,5.23,,,SKIPPED,PERIOD_NOT_OPENED
SH006,REC-SH006-202602-0364,2026-02-28,650.00,607.48,42.52,,,SKIPPED,PERIOD_NOT_OPENED
SH010,REC-SH010-202602-0253,2026-02-28,2750.00,2570.09,179.91,,,SKIPPED,PERIOD_NOT_OPENED
SH006,REC-SH006-202602-0365,2026-02-28,360.00,336.45,23.55,,,SKIPPED,PERIOD_NOT_OPENED
SH010,REC-SH010-202602-0254,2026-02-28,80.00,74.77,5.23,,,SKIPPED,PERIOD_NOT_OPENED
SH026,REC-SH026-202602-0235,2026-02-28,560.00,523.36,36.64,,,SKIPPED,PERIOD_NOT_OPENED
SH010,REC-SH010-202602-0255,2026-02-28,220.00,205.61,14.39,,,SKIPPED,PERIOD_NOT_OPENED
SH025,REC-SH025-202602-0224,2026-02-28,410.00,383.18,26.82,,,SKIPPED,PERIOD_NOT_OPENED
SH006,REC-SH006-202602-0366,2026-02-28,480.00,448.60,31.40,,,SKIPPED,PERIOD_NOT_OPENED
SH026,REC-SH026-202602-0236,2026-02-28,240.00,224.30,15.70,,,SKIPPED,PERIOD_NOT_OPENED
SH012,REC-SH012-202602-0215,2026-02-28,80.00,74.77,5.23,,,SKIPPED,PERIOD_NOT_OPENED
SH001,REC-SH001-202602-0231,2026-02-28,330.00,308.41,21.59,,,SKIPPED,PERIOD_NOT_OPENED
SH010,REC-SH010-202602-0256,2026-02-28,80.00,74.77,5.23,,,SKIPPED,PERIOD_NOT_OPENED
SH030,REC-SH030-202602-0024,2026-02-28,160.00,149.53,10.47,,,SKIPPED,PERIOD_NOT_OPENED
SH026,REC-SH026-202602-0237,2026-02-28,160.00,149.53,10.47,,,SKIPPED,PERIOD_NOT_OPENED
SH001,REC-SH001-202602-0232,2026-02-28,120.00,112.15,7.85,,,SKIPPED,PERIOD_NOT_OPENED
SH001,REC-SH001-202602-0233,2026-02-28,2830.00,2644.86,185.14,,,SKIPPED,PERIOD_NOT_OPENED
SH025,REC-SH025-202602-0225,2026-02-28,120.00,112.15,7.85,,,SKIPPED,PERIOD_NOT_OPENED
SH006,REC-SH006-202602-0367,2026-02-28,120.00,112.15,7.85,,,SKIPPED,PERIOD_NOT_OPENED
SH024,REC-SH024-202602-0165,2026-02-28,240.00,224.30,15.70,,,SKIPPED,PERIOD_NOT_OPENED
SH028,REC-SH028-202602-0066,2026-02-28,120.00,112.15,7.85,,,SKIPPED,PERIOD_NOT_OPENED
SH006,REC-SH006-202602-0368,2026-02-28,460.00,429.91,30.09,,,SKIPPED,PERIOD_NOT_OPENED
SH001,REC-SH001-202602-0234,2026-02-28,2100.00,1962.62,137.38,,,SKIPPED,PERIOD_NOT_OPENED
SH010,REC-SH010-202602-0257,2026-02-28,330.00,308.41,21.59,,,SKIPPED,PERIOD_NOT_OPENED
SH006,REC-SH006-202602-0369,2026-02-28,80.00,74.77,5.23,,,SKIPPED,PERIOD_NOT_OPENED
SH012,REC-SH012-202602-0216,2026-02-28,380.00,355.14,24.86,,,SKIPPED,PERIOD_NOT_OPENED
SH006,REC-SH006-202602-0370,2026-02-28,80.00,74.77,5.23,,,SKIPPED,PERIOD_NOT_OPENED
SH028,REC-SH028-202602-0067,2026-02-28,80.00,74.77,5.23,,,SKIPPED,PERIOD_NOT_OPENED
SH026,REC-SH026-202602-0238,2026-02-28,280.00,261.68,18.32,,,SKIPPED,PERIOD_NOT_OPENED
SH025,REC-SH025-202602-0226,2026-02-28,180.00,168.22,11.78,,,SKIPPED,PERIOD_NOT_OPENED
SH006,REC-SH006-202602-0371,2026-02-28,60.00,56.07,3.93,,,SKIPPED,PERIOD_NOT_OPENED
SH026,REC-SH026-202602-0239,2026-02-28,660.00,616.82,43.18,,,SKIPPED,PERIOD_NOT_OPENED
SH025,REC-SH025-202602-0227,2026-02-28,350.00,327.10,22.90,,,SKIPPED,PERIOD_NOT_OPENED
SH001,REC-SH001-202602-0235,2026-02-28,1600.00,1495.33,104.67,,,SKIPPED,PERIOD_NOT_OPENED
SH001,REC-SH001-202602-0236,2026-02-28,1600.00,1495.33,104.67,,,SKIPPED,PERIOD_NOT_OPENED
SH024,REC-SH024-202602-0166,2026-02-28,320.00,299.07,20.93,,,SKIPPED,PERIOD_NOT_OPENED
SH012,REC-SH012-202602-0217,2026-02-28,330.00,308.41,21.59,,,SKIPPED,PERIOD_NOT_OPENED
SH024,REC-SH024-202602-0167,2026-02-28,80.00,74.77,5.23,,,SKIPPED,PERIOD_NOT_OPENED
SH006,REC-SH006-202602-0372,2026-02-28,240.00,224.30,15.70,,,SKIPPED,PERIOD_NOT_OPENED
SH024,REC-SH024-202602-0168,2026-02-28,120.00,112.15,7.85,,,SKIPPED,PERIOD_NOT_OPENED
SH010,REC-SH010-202602-0258,2026-02-28,1250.00,1168.22,81.78,,,SKIPPED,PERIOD_NOT_OPENED
SH012,REC-SH012-202602-0218,2026-02-28,370.00,345.79,24.21,,,SKIPPED,PERIOD_NOT_OPENED
SH025,REC-SH025-202602-0228,2026-02-28,200.00,186.92,13.08,,,SKIPPED,PERIOD_NOT_OPENED
SH024,REC-SH024-202602-0169,2026-02-28,1280.00,1196.26,83.74,,,SKIPPED,PERIOD_NOT_OPENED
SH024,REC-SH024-202602-0170,2026-02-28,370.00,345.79,24.21,,,SKIPPED,PERIOD_NOT_OPENED
SH006,REC-SH006-202602-0373,2026-02-28,240.00,224.30,15.70,,,SKIPPED,PERIOD_NOT_OPENED
SH025,REC-SH025-202602-0229,2026-02-28,380.00,355.14,24.86,,,SKIPPED,PERIOD_NOT_OPENED
SH025,REC-SH025-202602-0230,2026-02-28,160.00,149.53,10.47,,,SKIPPED,PERIOD_NOT_OPENED
SH001,REC-SH001-202602-0237,2026-02-28,580.00,542.06,37.94,,,SKIPPED,PERIOD_NOT_OPENED
SH026,REC-SH026-202602-0240,2026-02-28,120.00,112.15,7.85,,,SKIPPED,PERIOD_NOT_OPENED
SH025,REC-SH025-202602-0231,2026-02-28,80.00,74.77,5.23,,,SKIPPED,PERIOD_NOT_OPENED
SH025,REC-SH025-202602-0232,2026-02-28,200.00,186.92,13.08,,,SKIPPED,PERIOD_NOT_OPENED
SH001,REC-SH001-202602-0238,2026-02-28,1660.00,1551.40,108.60,,,SKIPPED,PERIOD_NOT_OPENED
SH024,REC-SH024-202602-0171,2026-02-28,100.00,93.46,6.54,,,SKIPPED,PERIOD_NOT_OPENED
SH025,REC-SH025-202602-0233,2026-02-28,780.00,728.97,51.03,,,SKIPPED,PERIOD_NOT_OPENED
