Branch,ReceiptNo,SaleDate,Gross,CalculatedNet,CalculatedVAT,COGS,Tender,Status,SkipReason
SH006,REC-SH006-202605-0001,2026-05-01,1320.00,1233.64,86.36,,,SKIPPED,PERIOD_CLOSED
SH028,REC-SH028-202605-0001,2026-05-01,450.00,420.56,29.44,,,SKIPPED,PERIOD_CLOSED
SH026,REC-SH026-202605-0001,2026-05-01,460.00,429.91,30.09,,,SKIPPED,PERIOD_CLOSED
SH030,REC-SH030-202605-0001,2026-05-01,320.00,299.07,20.93,,,SKIPPED,PERIOD_CLOSED
SH010,REC-SH010-202605-0001,2026-05-01,460.00,429.91,30.09,,,SKIPPED,PERIOD_CLOSED
SH010,REC-SH010-202605-0002,2026-05-01,160.00,149.53,10.47,,,SKIPPED,PERIOD_CLOSED
SH026,REC-SH026-202605-0002,2026-05-01,280.00,261.68,18.32,,,SKIPPED,PERIOD_CLOSED
SH024,REC-SH024-202605-0001,2026-05-01,1200.00,1121.50,78.50,,,SKIPPED,PERIOD_CLOSED
SH024,REC-SH024-202605-0002,2026-05-01,120.00,112.15,7.85,,,SKIPPED,PERIOD_CLOSED
SH010,REC-SH010-202605-0003,2026-05-01,80.00,74.77,5.23,,,SKIPPED,PERIOD_CLOSED
SH026,REC-SH026-202605-0003,2026-05-01,120.00,112.15,7.85,,,SKIPPED,PERIOD_CLOSED
SH006,REC-SH006-202605-0002,2026-05-01,460.00,429.91,30.09,,,SKIPPED,PERIOD_CLOSED
SH024,REC-SH024-202605-0003,2026-05-01,260.00,242.99,17.01,,,SKIPPED,PERIOD_CLOSED
SH006,REC-SH006-202605-0003,2026-05-01,325.00,303.74,21.26,,,SKIPPED,PERIOD_CLOSED
SH006,REC-SH006-202605-0004,2026-05-01,240.00,224.30,15.70,,,SKIPPED,PERIOD_CLOSED
SH025,REC-SH025-202605-0001,2026-05-01,100.00,93.46,6.54,,,SKIPPED,PERIOD_CLOSED
SH025,REC-SH025-202605-0002,2026-05-01,150.00,140.19,9.81,,,SKIPPED,PERIOD_CLOSED
SH006,REC-SH006-202605-0005,2026-05-01,440.00,411.21,28.79,,,SKIPPED,PERIOD_CLOSED
SH010,REC-SH010-202605-0004,2026-05-01,1970.00,1841.12,128.88,,,SKIPPED,PERIOD_CLOSED
SH006,REC-SH006-202605-0006,2026-05-01,580.00,542.06,37.94,,,SKIPPED,PERIOD_CLOSED
SH025,REC-SH025-202605-0003,2026-05-01,80.00,74.77,5.23,,,SKIPPED,PERIOD_CLOSED
SH006,REC-SH006-202605-0007,2026-05-01,240.00,224.30,15.70,,,SKIPPED,PERIOD_CLOSED
SH006,REC-SH006-202605-0008,2026-05-01,300.00,280.37,19.63,,,SKIPPED,PERIOD_CLOSED
SH006,REC-SH006-202605-0009,2026-05-01,1320.00,1233.64,86.36,,,SKIPPED,PERIOD_CLOSED
SH006,REC-SH006-202605-0010,2026-05-01,460.00,429.91,30.09,,,SKIPPED,PERIOD_CLOSED
SH025,REC-SH025-202605-0004,2026-05-01,660.00,616.82,43.18,,,SKIPPED,PERIOD_CLOSED
SH006,REC-SH006-202605-0011,2026-05-01,320.00,299.07,20.93,,,SKIPPED,PERIOD_CLOSED
SH006,REC-SH006-202605-0012,2026-05-01,320.00,299.07,20.93,,,SKIPPED,PERIOD_CLOSED
SH006,REC-SH006-202605-0013,2026-05-01,325.00,303.74,21.26,,,SKIPPED,PERIOD_CLOSED
SH012,REC-SH012-202605-0001,2026-05-01,80.00,74.77,5.23,,,SKIPPED,PERIOD_CLOSED
SH006,REC-SH006-202605-0014,2026-05-01,80.00,74.77,5.23,,,SKIPPED,PERIOD_CLOSED
SH024,REC-SH024-202605-0004,2026-05-01,120.00,112.15,7.85,,,SKIPPED,PERIOD_CLOSED
SH024,REC-SH024-202605-0005,2026-05-01,240.00,224.30,15.70,,,SKIPPED,PERIOD_CLOSED
SH001,REC-SH001-202605-0001,2026-05-01,4080.00,3813.08,266.92,,,SKIPPED,PERIOD_CLOSED
SH010,REC-SH010-202605-0005,2026-05-01,80.00,74.77,5.23,,,SKIPPED,PERIOD_CLOSED
SH010,REC-SH010-202605-0006,2026-05-01,240.00,224.30,15.70,,,SKIPPED,PERIOD_CLOSED
SH028,REC-SH028-202605-0002,2026-05-01,1620.00,1514.02,105.98,,,SKIPPED,PERIOD_CLOSED
SH001,REC-SH001-202605-0002,2026-05-01,2870.00,2682.24,187.76,,,SKIPPED,PERIOD_CLOSED
SH025,REC-SH025-202605-0005,2026-05-01,80.00,74.77,5.23,,,SKIPPED,PERIOD_CLOSED
SH012,REC-SH012-202605-0002,2026-05-01,1320.00,1233.64,86.36,,,SKIPPED,PERIOD_CLOSED
SH006,REC-SH006-202605-0015,2026-05-01,120.00,112.15,7.85,,,SKIPPED,PERIOD_CLOSED
SH025,REC-SH025-202605-0006,2026-05-01,240.00,224.30,15.70,,,SKIPPED,PERIOD_CLOSED
SH006,REC-SH006-202605-0016,2026-05-01,580.00,542.06,37.94,,,SKIPPED,PERIOD_CLOSED
SH028,REC-SH028-202605-0003,2026-05-01,1930.00,1803.74,126.26,,,SKIPPED,PERIOD_CLOSED
SH006,REC-SH006-202605-0017,2026-05-01,325.00,303.74,21.26,,,SKIPPED,PERIOD_CLOSED
SH025,REC-SH025-202605-0007,2026-05-01,140.00,130.84,9.16,,,SKIPPED,PERIOD_CLOSED
SH028,REC-SH028-202605-0004,2026-05-01,1250.00,1168.22,81.78,,,SKIPPED,PERIOD_CLOSED
SH024,REC-SH024-202605-0006,2026-05-01,380.00,355.14,24.86,,,SKIPPED,PERIOD_CLOSED
SH006,REC-SH006-202605-0018,2026-05-01,325.00,303.74,21.26,,,SKIPPED,PERIOD_CLOSED
SH025,REC-SH025-202605-0008,2026-05-01,460.00,429.91,30.09,,,SKIPPED,PERIOD_CLOSED
SH010,REC-SH010-202605-0007,2026-05-01,1560.00,1457.94,102.06,,,SKIPPED,PERIOD_CLOSED
SH010,REC-SH010-202605-0008,2026-05-01,80.00,74.77,5.23,,,SKIPPED,PERIOD_CLOSED
SH026,REC-SH026-202605-0004,2026-05-01,80.00,74.77,5.23,,,SKIPPED,PERIOD_CLOSED
SH010,REC-SH010-202605-0009,2026-05-01,80.00,74.77,5.23,,,SKIPPED,PERIOD_CLOSED
SH012,REC-SH012-202605-0003,2026-05-01,1560.00,1457.94,102.06,,,SKIPPED,PERIOD_CLOSED
SH028,REC-SH028-202605-0005,2026-05-01,220.00,205.61,14.39,,,SKIPPED,PERIOD_CLOSED
SH010,REC-SH010-202605-0010,2026-05-01,160.00,149.53,10.47,,,SKIPPED,PERIOD_CLOSED
SH026,REC-SH026-202605-0005,2026-05-01,400.00,373.83,26.17,,,SKIPPED,PERIOD_CLOSED
SH006,REC-SH006-202605-0019,2026-05-01,80.00,74.77,5.23,,,SKIPPED,PERIOD_CLOSED
SH024,REC-SH024-202605-0007,2026-05-01,160.00,149.53,10.47,,,SKIPPED,PERIOD_CLOSED
SH025,REC-SH025-202605-0009,2026-05-01,440.00,411.21,28.79,,,SKIPPED,PERIOD_CLOSED
SH024,REC-SH024-202605-0008,2026-05-01,120.00,112.15,7.85,,,SKIPPED,PERIOD_CLOSED
SH025,REC-SH025-202605-0010,2026-05-01,80.00,74.77,5.23,,,SKIPPED,PERIOD_CLOSED
SH006,REC-SH006-202605-0020,2026-05-01,2460.00,2299.07,160.93,,,SKIPPED,PERIOD_CLOSED
SH028,REC-SH028-202605-0006,2026-05-01,3240.00,3028.04,211.96,,,SKIPPED,PERIOD_CLOSED
SH028,REC-SH028-202605-0007,2026-05-01,1710.00,1598.13,111.87,,,SKIPPED,PERIOD_CLOSED
SH028,REC-SH028-202605-0008,2026-05-01,1850.00,1728.97,121.03,,,SKIPPED,PERIOD_CLOSED
SH024,REC-SH024-202605-0009,2026-05-01,330.00,308.41,21.59,,,SKIPPED,PERIOD_CLOSED
SH024,REC-SH024-202605-0010,2026-05-01,60.00,56.07,3.93,,,SKIPPED,PERIOD_CLOSED
SH012,REC-SH012-202605-0004,2026-05-02,580.00,542.06,37.94,,,SKIPPED,PERIOD_CLOSED
SH012,REC-SH012-202605-0005,2026-05-02,120.00,112.15,7.85,,,SKIPPED,PERIOD_CLOSED
SH030,REC-SH030-202605-0002,2026-05-02,240.00,224.30,15.70,,,SKIPPED,PERIOD_CLOSED
SH030,REC-SH030-202605-0003,2026-05-02,120.00,112.15,7.85,,,SKIPPED,PERIOD_CLOSED
SH006,REC-SH006-202605-0021,2026-05-02,960.00,897.20,62.80,,,SKIPPED,PERIOD_CLOSED
SH001,REC-SH001-202605-0003,2026-05-02,1650.00,1542.06,107.94,,,SKIPPED,PERIOD_CLOSED
SH030,REC-SH030-202605-0004,2026-05-02,80.00,74.77,5.23,,,SKIPPED,PERIOD_CLOSED
SH026,REC-SH026-202605-0006,2026-05-02,240.00,224.30,15.70,,,SKIPPED,PERIOD_CLOSED
SH026,REC-SH026-202605-0007,2026-05-02,660.00,616.82,43.18,,,SKIPPED,PERIOD_CLOSED
SH006,REC-SH006-202605-0022,2026-05-02,160.00,149.53,10.47,,,SKIPPED,PERIOD_CLOSED
SH006,REC-SH006-202605-0023,2026-05-02,1770.00,1654.21,115.79,,,SKIPPED,PERIOD_CLOSED
SH001,REC-SH001-202605-0004,2026-05-02,1320.00,1233.64,86.36,,,SKIPPED,PERIOD_CLOSED
SH006,REC-SH006-202605-0024,2026-05-02,1280.00,1196.26,83.74,,,SKIPPED,PERIOD_CLOSED
SH001,REC-SH001-202605-0005,2026-05-02,1540.00,1439.25,100.75,,,SKIPPED,PERIOD_CLOSED
SH025,REC-SH025-202605-0011,2026-05-02,330.00,308.41,21.59,,,SKIPPED,PERIOD_CLOSED
SH010,REC-SH010-202605-0011,2026-05-02,160.00,149.53,10.47,,,SKIPPED,PERIOD_CLOSED
SH006,REC-SH006-202605-0025,2026-05-02,240.00,224.30,15.70,,,SKIPPED,PERIOD_CLOSED
SH012,REC-SH012-202605-0006,2026-05-02,160.00,149.53,10.47,,,SKIPPED,PERIOD_CLOSED
SH006,REC-SH006-202605-0026,2026-05-02,240.00,224.30,15.70,,,SKIPPED,PERIOD_CLOSED
SH006,REC-SH006-202605-0027,2026-05-02,80.00,74.77,5.23,,,SKIPPED,PERIOD_CLOSED
SH026,REC-SH026-202605-0008,2026-05-02,160.00,149.53,10.47,,,SKIPPED,PERIOD_CLOSED
SH010,REC-SH010-202605-0012,2026-05-02,1750.00,1635.51,114.49,,,SKIPPED,PERIOD_CLOSED
SH006,REC-SH006-202605-0028,2026-05-02,1880.00,1757.01,122.99,,,SKIPPED,PERIOD_CLOSED
SH025,REC-SH025-202605-0012,2026-05-02,80.00,74.77,5.23,,,SKIPPED,PERIOD_CLOSED
SH012,REC-SH012-202605-0007,2026-05-02,1320.00,1233.64,86.36,,,SKIPPED,PERIOD_CLOSED
SH012,REC-SH012-202605-0008,2026-05-02,460.00,429.91,30.09,,,SKIPPED,PERIOD_CLOSED
SH012,REC-SH012-202605-0009,2026-05-02,80.00,74.77,5.23,,,SKIPPED,PERIOD_CLOSED
SH026,REC-SH026-202605-0009,2026-05-02,240.00,224.30,15.70,,,SKIPPED,PERIOD_CLOSED
SH006,REC-SH006-202605-0029,2026-05-02,580.00,542.06,37.94,,,SKIPPED,PERIOD_CLOSED
SH010,REC-SH010-202605-0013,2026-05-02,80.00,74.77,5.23,,,SKIPPED,PERIOD_CLOSED
SH012,REC-SH012-202605-0010,2026-05-02,780.00,728.97,51.03,,,SKIPPED,PERIOD_CLOSED
SH025,REC-SH025-202605-0013,2026-05-02,320.00,299.07,20.93,,,SKIPPED,PERIOD_CLOSED
SH010,REC-SH010-202605-0014,2026-05-02,80.00,74.77,5.23,,,SKIPPED,PERIOD_CLOSED
SH030,REC-SH030-202605-0005,2026-05-02,240.00,224.30,15.70,,,SKIPPED,PERIOD_CLOSED
SH024,REC-SH024-202605-0011,2026-05-02,680.00,635.51,44.49,,,SKIPPED,PERIOD_CLOSED
SH024,REC-SH024-202605-0012,2026-05-02,660.00,616.82,43.18,,,SKIPPED,PERIOD_CLOSED
SH026,REC-SH026-202605-0010,2026-05-02,120.00,112.15,7.85,,,SKIPPED,PERIOD_CLOSED
SH010,REC-SH010-202605-0015,2026-05-02,160.00,149.53,10.47,,,SKIPPED,PERIOD_CLOSED
SH006,REC-SH006-202605-0030,2026-05-02,160.00,149.53,10.47,,,SKIPPED,PERIOD_CLOSED
SH010,REC-SH010-202605-0016,2026-05-02,325.00,303.74,21.26,,,SKIPPED,PERIOD_CLOSED
SH024,REC-SH024-202605-0013,2026-05-02,120.00,112.15,7.85,,,SKIPPED,PERIOD_CLOSED
SH026,REC-SH026-202605-0011,2026-05-02,200.00,186.92,13.08,,,SKIPPED,PERIOD_CLOSED
SH025,REC-SH025-202605-0014,2026-05-02,200.00,186.92,13.08,,,SKIPPED,PERIOD_CLOSED
SH025,REC-SH025-202605-0015,2026-05-02,160.00,149.53,10.47,,,SKIPPED,PERIOD_CLOSED
SH010,REC-SH010-202605-0017,2026-05-02,1230.00,1149.53,80.47,,,SKIPPED,PERIOD_CLOSED
SH001,REC-SH001-202605-0006,2026-05-02,680.00,635.51,44.49,,,SKIPPED,PERIOD_CLOSED
SH001,REC-SH001-202605-0007,2026-05-02,3000.00,2803.74,196.26,,,SKIPPED,PERIOD_CLOSED
SH006,REC-SH006-202605-0031,2026-05-02,80.00,74.77,5.23,,,SKIPPED,PERIOD_CLOSED
SH006,REC-SH006-202605-0032,2026-05-02,240.00,224.30,15.70,,,SKIPPED,PERIOD_CLOSED
SH006,REC-SH006-202605-0033,2026-05-02,120.00,112.15,7.85,,,SKIPPED,PERIOD_CLOSED
SH006,REC-SH006-202605-0034,2026-05-02,100.00,93.46,6.54,,,SKIPPED,PERIOD_CLOSED
SH001,REC-SH001-202605-0008,2026-05-02,2970.00,2775.70,194.30,,,SKIPPED,PERIOD_CLOSED
SH026,REC-SH026-202605-0012,2026-05-02,160.00,149.53,10.47,,,SKIPPED,PERIOD_CLOSED
SH024,REC-SH024-202605-0014,2026-05-02,80.00,74.77,5.23,,,SKIPPED,PERIOD_CLOSED
SH006,REC-SH006-202605-0035,2026-05-02,130.00,121.50,8.50,,,SKIPPED,PERIOD_CLOSED
SH006,REC-SH006-202605-0036,2026-05-02,900.00,841.12,58.88,,,SKIPPED,PERIOD_CLOSED
SH025,REC-SH025-202605-0016,2026-05-02,160.00,149.53,10.47,,,SKIPPED,PERIOD_CLOSED
SH010,REC-SH010-202605-0018,2026-05-02,80.00,74.77,5.23,,,SKIPPED,PERIOD_CLOSED
SH028,REC-SH028-202605-0009,2026-05-02,240.00,224.30,15.70,,,SKIPPED,PERIOD_CLOSED
SH026,REC-SH026-202605-0013,2026-05-02,760.00,710.28,49.72,,,SKIPPED,PERIOD_CLOSED
SH024,REC-SH024-202605-0015,2026-05-02,325.00,303.74,21.26,,,SKIPPED,PERIOD_CLOSED
SH024,REC-SH024-202605-0016,2026-05-02,80.00,74.77,5.23,,,SKIPPED,PERIOD_CLOSED
SH001,REC-SH001-202605-0009,2026-05-02,1360.00,1271.03,88.97,,,SKIPPED,PERIOD_CLOSED
SH001,REC-SH001-202605-0010,2026-05-02,60.00,56.07,3.93,,,SKIPPED,PERIOD_CLOSED
SH006,REC-SH006-202605-0037,2026-05-02,80.00,74.77,5.23,,,SKIPPED,PERIOD_CLOSED
SH001,REC-SH001-202605-0011,2026-05-02,690.00,644.86,45.14,,,SKIPPED,PERIOD_CLOSED
SH010,REC-SH010-202605-0019,2026-05-02,60.00,56.07,3.93,,,SKIPPED,PERIOD_CLOSED
SH025,REC-SH025-202605-0017,2026-05-02,60.00,56.07,3.93,,,SKIPPED,PERIOD_CLOSED
SH025,REC-SH025-202605-0018,2026-05-02,880.00,822.43,57.57,,,SKIPPED,PERIOD_CLOSED
SH006,REC-SH006-202605-0038,2026-05-03,160.00,149.53,10.47,,,SKIPPED,PERIOD_CLOSED
SH006,REC-SH006-202605-0039,2026-05-03,240.00,224.30,15.70,,,SKIPPED,PERIOD_CLOSED
SH006,REC-SH006-202605-0040,2026-05-03,460.00,429.91,30.09,,,SKIPPED,PERIOD_CLOSED
SH006,REC-SH006-202605-0041,2026-05-03,80.00,74.77,5.23,,,SKIPPED,PERIOD_CLOSED
SH006,REC-SH006-202605-0042,2026-05-03,580.00,542.06,37.94,,,SKIPPED,PERIOD_CLOSED
SH024,REC-SH024-202605-0017,2026-05-03,460.00,429.91,30.09,,,SKIPPED,PERIOD_CLOSED
SH028,REC-SH028-202605-0010,2026-05-03,610.00,570.09,39.91,,,SKIPPED,PERIOD_CLOSED
SH001,REC-SH001-202605-0012,2026-05-03,160.00,149.53,10.47,,,SKIPPED,PERIOD_CLOSED
SH030,REC-SH030-202605-0006,2026-05-03,80.00,74.77,5.23,,,SKIPPED,PERIOD_CLOSED
SH012,REC-SH012-202605-0011,2026-05-03,240.00,224.30,15.70,,,SKIPPED,PERIOD_CLOSED
SH025,REC-SH025-202605-0019,2026-05-03,240.00,224.30,15.70,,,SKIPPED,PERIOD_CLOSED
SH010,REC-SH010-202605-0020,2026-05-03,80.00,74.77,5.23,,,SKIPPED,PERIOD_CLOSED
SH028,REC-SH028-202605-0011,2026-05-03,1960.00,1831.78,128.22,,,SKIPPED,PERIOD_CLOSED
SH006,REC-SH006-202605-0043,2026-05-03,290.00,271.03,18.97,,,SKIPPED,PERIOD_CLOSED
SH006,REC-SH006-202605-0044,2026-05-03,780.00,728.97,51.03,,,SKIPPED,PERIOD_CLOSED
SH006,REC-SH006-202605-0045,2026-05-03,80.00,74.77,5.23,,,SKIPPED,PERIOD_CLOSED
SH006,REC-SH006-202605-0046,2026-05-03,80.00,74.77,5.23,,,SKIPPED,PERIOD_CLOSED
SH006,REC-SH006-202605-0047,2026-05-03,260.00,242.99,17.01,,,SKIPPED,PERIOD_CLOSED
SH025,REC-SH025-202605-0020,2026-05-03,330.00,308.41,21.59,,,SKIPPED,PERIOD_CLOSED
SH006,REC-SH006-202605-0048,2026-05-03,330.00,308.41,21.59,,,SKIPPED,PERIOD_CLOSED
SH024,REC-SH024-202605-0018,2026-05-03,1320.00,1233.64,86.36,,,SKIPPED,PERIOD_CLOSED
SH006,REC-SH006-202605-0049,2026-05-03,2200.00,2056.07,143.93,,,SKIPPED,PERIOD_CLOSED
SH010,REC-SH010-202605-0021,2026-05-03,460.00,429.91,30.09,,,SKIPPED,PERIOD_CLOSED
SH025,REC-SH025-202605-0021,2026-05-03,160.00,149.53,10.47,,,SKIPPED,PERIOD_CLOSED
SH026,REC-SH026-202605-0014,2026-05-03,160.00,149.53,10.47,,,SKIPPED,PERIOD_CLOSED
SH026,REC-SH026-202605-0015,2026-05-03,460.00,429.91,30.09,,,SKIPPED,PERIOD_CLOSED
SH012,REC-SH012-202605-0012,2026-05-03,780.00,728.97,51.03,,,SKIPPED,PERIOD_CLOSED
SH024,REC-SH024-202605-0019,2026-05-03,120.00,112.15,7.85,,,SKIPPED,PERIOD_CLOSED
SH006,REC-SH006-202605-0050,2026-05-03,240.00,224.30,15.70,,,SKIPPED,PERIOD_CLOSED
SH025,REC-SH025-202605-0022,2026-05-03,80.00,74.77,5.23,,,SKIPPED,PERIOD_CLOSED
SH006,REC-SH006-202605-0051,2026-05-03,160.00,149.53,10.47,,,SKIPPED,PERIOD_CLOSED
SH001,REC-SH001-202605-0013,2026-05-03,3750.00,3504.67,245.33,,,SKIPPED,PERIOD_CLOSED
SH012,REC-SH012-202605-0013,2026-05-03,120.00,112.15,7.85,,,SKIPPED,PERIOD_CLOSED
SH001,REC-SH001-202605-0014,2026-05-03,1750.00,1635.51,114.49,,,SKIPPED,PERIOD_CLOSED
SH001,REC-SH001-202605-0015,2026-05-03,160.00,149.53,10.47,,,SKIPPED,PERIOD_CLOSED
SH025,REC-SH025-202605-0023,2026-05-03,80.00,74.77,5.23,,,SKIPPED,PERIOD_CLOSED
SH024,REC-SH024-202605-0020,2026-05-03,460.00,429.91,30.09,,,SKIPPED,PERIOD_CLOSED
SH024,REC-SH024-202605-0021,2026-05-03,320.00,299.07,20.93,,,SKIPPED,PERIOD_CLOSED
SH024,REC-SH024-202605-0022,2026-05-03,80.00,74.77,5.23,,,SKIPPED,PERIOD_CLOSED
SH024,REC-SH024-202605-0023,2026-05-03,80.00,74.77,5.23,,,SKIPPED,PERIOD_CLOSED
SH006,REC-SH006-202605-0052,2026-05-03,120.00,112.15,7.85,,,SKIPPED,PERIOD_CLOSED
SH001,REC-SH001-202605-0016,2026-05-03,160.00,149.53,10.47,,,SKIPPED,PERIOD_CLOSED
SH012,REC-SH012-202605-0014,2026-05-03,120.00,112.15,7.85,,,SKIPPED,PERIOD_CLOSED
SH006,REC-SH006-202605-0053,2026-05-03,700.00,654.21,45.79,,,SKIPPED,PERIOD_CLOSED
SH006,REC-SH006-202605-0054,2026-05-03,240.00,224.30,15.70,,,SKIPPED,PERIOD_CLOSED
SH010,REC-SH010-202605-0022,2026-05-03,100.00,93.46,6.54,,,SKIPPED,PERIOD_CLOSED
SH024,REC-SH024-202605-0024,2026-05-03,1010.00,943.93,66.07,,,SKIPPED,PERIOD_CLOSED
SH024,REC-SH024-202605-0025,2026-05-03,460.00,429.91,30.09,,,SKIPPED,PERIOD_CLOSED
SH028,REC-SH028-202605-0012,2026-05-03,3240.00,3028.04,211.96,,,SKIPPED,PERIOD_CLOSED
SH026,REC-SH026-202605-0016,2026-05-03,460.00,429.91,30.09,,,SKIPPED,PERIOD_CLOSED
SH001,REC-SH001-202605-0017,2026-05-03,1160.00,1084.11,75.89,,,SKIPPED,PERIOD_CLOSED
SH006,REC-SH006-202605-0055,2026-05-03,80.00,74.77,5.23,,,SKIPPED,PERIOD_CLOSED
SH001,REC-SH001-202605-0018,2026-05-03,220.00,205.61,14.39,,,SKIPPED,PERIOD_CLOSED
SH010,REC-SH010-202605-0023,2026-05-03,80.00,74.77,5.23,,,SKIPPED,PERIOD_CLOSED
SH006,REC-SH006-202605-0056,2026-05-03,240.00,224.30,15.70,,,SKIPPED,PERIOD_CLOSED
SH012,REC-SH012-202605-0015,2026-05-03,240.00,224.30,15.70,,,SKIPPED,PERIOD_CLOSED
SH010,REC-SH010-202605-0024,2026-05-03,2750.00,2570.09,179.91,,,SKIPPED,PERIOD_CLOSED
SH006,REC-SH006-202605-0057,2026-05-03,240.00,224.30,15.70,,,SKIPPED,PERIOD_CLOSED
SH025,REC-SH025-202605-0024,2026-05-03,80.00,74.77,5.23,,,SKIPPED,PERIOD_CLOSED
SH025,REC-SH025-202605-0025,2026-05-03,80.00,74.77,5.23,,,SKIPPED,PERIOD_CLOSED
SH001,REC-SH001-202605-0019,2026-05-03,460.00,429.91,30.09,,,SKIPPED,PERIOD_CLOSED
SH028,REC-SH028-202605-0013,2026-05-03,1620.00,1514.02,105.98,,,SKIPPED,PERIOD_CLOSED
SH006,REC-SH006-202605-0058,2026-05-03,160.00,149.53,10.47,,,SKIPPED,PERIOD_CLOSED
SH025,REC-SH025-202605-0026,2026-05-03,325.00,303.74,21.26,,,SKIPPED,PERIOD_CLOSED
SH010,REC-SH010-202605-0025,2026-05-04,80.00,74.77,5.23,,,SKIPPED,PERIOD_CLOSED
SH001,REC-SH001-202605-0020,2026-05-04,330.00,308.41,21.59,,,SKIPPED,PERIOD_CLOSED
SH026,REC-SH026-202605-0017,2026-05-04,240.00,224.30,15.70,,,SKIPPED,PERIOD_CLOSED
SH028,REC-SH028-202605-0014,2026-05-04,1620.00,1514.02,105.98,,,SKIPPED,PERIOD_CLOSED
SH010,REC-SH010-202605-0026,2026-05-04,820.00,766.36,53.64,,,SKIPPED,PERIOD_CLOSED
SH010,REC-SH010-202605-0027,2026-05-04,460.00,429.91,30.09,,,SKIPPED,PERIOD_CLOSED
SH001,REC-SH001-202605-0021,2026-05-04,1320.00,1233.64,86.36,,,SKIPPED,PERIOD_CLOSED
SH010,REC-SH010-202605-0028,2026-05-04,60.00,56.07,3.93,,,SKIPPED,PERIOD_CLOSED
SH026,REC-SH026-202605-0018,2026-05-04,80.00,74.77,5.23,,,SKIPPED,PERIOD_CLOSED
SH012,REC-SH012-202605-0016,2026-05-04,80.00,74.77,5.23,,,SKIPPED,PERIOD_CLOSED
SH025,REC-SH025-202605-0027,2026-05-04,240.00,224.30,15.70,,,SKIPPED,PERIOD_CLOSED
SH012,REC-SH012-202605-0017,2026-05-04,360.00,336.45,23.55,,,SKIPPED,PERIOD_CLOSED
SH026,REC-SH026-202605-0019,2026-05-04,120.00,112.15,7.85,,,SKIPPED,PERIOD_CLOSED
SH025,REC-SH025-202605-0028,2026-05-04,160.00,149.53,10.47,,,SKIPPED,PERIOD_CLOSED
SH006,REC-SH006-202605-0059,2026-05-04,450.00,420.56,29.44,,,SKIPPED,PERIOD_CLOSED
SH025,REC-SH025-202605-0029,2026-05-04,80.00,74.77,5.23,,,SKIPPED,PERIOD_CLOSED
SH026,REC-SH026-202605-0020,2026-05-04,120.00,112.15,7.85,,,SKIPPED,PERIOD_CLOSED
SH024,REC-SH024-202605-0026,2026-05-04,180.00,168.22,11.78,,,SKIPPED,PERIOD_CLOSED
SH010,REC-SH010-202605-0029,2026-05-04,80.00,74.77,5.23,,,SKIPPED,PERIOD_CLOSED
SH001,REC-SH001-202605-0022,2026-05-04,60.00,56.07,3.93,,,SKIPPED,PERIOD_CLOSED
SH006,REC-SH006-202605-0060,2026-05-04,2115.00,1976.64,138.36,,,SKIPPED,PERIOD_CLOSED
SH025,REC-SH025-202605-0030,2026-05-04,190.00,177.57,12.43,,,SKIPPED,PERIOD_CLOSED
SH006,REC-SH006-202605-0061,2026-05-04,325.00,303.74,21.26,,,SKIPPED,PERIOD_CLOSED
SH006,REC-SH006-202605-0062,2026-05-04,120.00,112.15,7.85,,,SKIPPED,PERIOD_CLOSED
SH028,REC-SH028-202605-0015,2026-05-04,120.00,112.15,7.85,,,SKIPPED,PERIOD_CLOSED
SH012,REC-SH012-202605-0018,2026-05-04,400.00,373.83,26.17,,,SKIPPED,PERIOD_CLOSED
SH010,REC-SH010-202605-0030,2026-05-04,80.00,74.77,5.23,,,SKIPPED,PERIOD_CLOSED
SH012,REC-SH012-202605-0019,2026-05-04,370.00,345.79,24.21,,,SKIPPED,PERIOD_CLOSED
SH028,REC-SH028-202605-0016,2026-05-04,220.00,205.61,14.39,,,SKIPPED,PERIOD_CLOSED
SH026,REC-SH026-202605-0021,2026-05-04,300.00,280.37,19.63,,,SKIPPED,PERIOD_CLOSED
SH026,REC-SH026-202605-0022,2026-05-04,80.00,74.77,5.23,,,SKIPPED,PERIOD_CLOSED
SH010,REC-SH010-202605-0031,2026-05-04,240.00,224.30,15.70,,,SKIPPED,PERIOD_CLOSED
SH028,REC-SH028-202605-0017,2026-05-04,680.00,635.51,44.49,,,SKIPPED,PERIOD_CLOSED
SH025,REC-SH025-202605-0031,2026-05-04,160.00,149.53,10.47,,,SKIPPED,PERIOD_CLOSED
SH025,REC-SH025-202605-0032,2026-05-04,160.00,149.53,10.47,,,SKIPPED,PERIOD_CLOSED
SH028,REC-SH028-202605-0018,2026-05-04,220.00,205.61,14.39,,,SKIPPED,PERIOD_CLOSED
SH006,REC-SH006-202605-0063,2026-05-04,160.00,149.53,10.47,,,SKIPPED,PERIOD_CLOSED
SH010,REC-SH010-202605-0032,2026-05-04,2760.00,2579.44,180.56,,,SKIPPED,PERIOD_CLOSED
SH026,REC-SH026-202605-0023,2026-05-04,60.00,56.07,3.93,,,SKIPPED,PERIOD_CLOSED
SH026,REC-SH026-202605-0024,2026-05-04,80.00,74.77,5.23,,,SKIPPED,PERIOD_CLOSED
SH012,REC-SH012-202605-0020,2026-05-04,200.00,186.92,13.08,,,SKIPPED,PERIOD_CLOSED
SH028,REC-SH028-202605-0019,2026-05-04,120.00,112.15,7.85,,,SKIPPED,PERIOD_CLOSED
SH026,REC-SH026-202605-0025,2026-05-04,160.00,149.53,10.47,,,SKIPPED,PERIOD_CLOSED
SH024,REC-SH024-202605-0027,2026-05-04,80.00,74.77,5.23,,,SKIPPED,PERIOD_CLOSED
SH010,REC-SH010-202605-0033,2026-05-04,160.00,149.53,10.47,,,SKIPPED,PERIOD_CLOSED
SH010,REC-SH010-202605-0034,2026-05-04,60.00,56.07,3.93,,,SKIPPED,PERIOD_CLOSED
SH012,REC-SH012-202605-0021,2026-05-04,1160.00,1084.11,75.89,,,SKIPPED,PERIOD_CLOSED
SH030,REC-SH030-202605-0007,2026-05-04,240.00,224.30,15.70,,,SKIPPED,PERIOD_CLOSED
SH026,REC-SH026-202605-0026,2026-05-04,80.00,74.77,5.23,,,SKIPPED,PERIOD_CLOSED
SH010,REC-SH010-202605-0035,2026-05-04,160.00,149.53,10.47,,,SKIPPED,PERIOD_CLOSED
SH010,REC-SH010-202605-0036,2026-05-04,290.00,271.03,18.97,,,SKIPPED,PERIOD_CLOSED
SH010,REC-SH010-202605-0037,2026-05-04,2760.00,2579.44,180.56,,,SKIPPED,PERIOD_CLOSED
SH001,REC-SH001-202605-0023,2026-05-04,330.00,308.41,21.59,,,SKIPPED,PERIOD_CLOSED
SH024,REC-SH024-202605-0028,2026-05-04,240.00,224.30,15.70,,,SKIPPED,PERIOD_CLOSED
SH024,REC-SH024-202605-0029,2026-05-04,1230.00,1149.53,80.47,,,SKIPPED,PERIOD_CLOSED
SH006,REC-SH006-202605-0064,2026-05-04,160.00,149.53,10.47,,,SKIPPED,PERIOD_CLOSED
SH024,REC-SH024-202605-0030,2026-05-04,900.00,841.12,58.88,,,SKIPPED,PERIOD_CLOSED
SH025,REC-SH025-202605-0033,2026-05-04,80.00,74.77,5.23,,,SKIPPED,PERIOD_CLOSED
SH001,REC-SH001-202605-0024,2026-05-04,580.00,542.06,37.94,,,SKIPPED,PERIOD_CLOSED
SH028,REC-SH028-202605-0020,2026-05-04,120.00,112.15,7.85,,,SKIPPED,PERIOD_CLOSED
SH012,REC-SH012-202605-0022,2026-05-04,690.00,644.86,45.14,,,SKIPPED,PERIOD_CLOSED
SH026,REC-SH026-202605-0027,2026-05-04,460.00,429.91,30.09,,,SKIPPED,PERIOD_CLOSED
SH006,REC-SH006-202605-0065,2026-05-04,130.00,121.50,8.50,,,SKIPPED,PERIOD_CLOSED
SH006,REC-SH006-202605-0066,2026-05-04,120.00,112.15,7.85,,,SKIPPED,PERIOD_CLOSED
SH012,REC-SH012-202605-0023,2026-05-04,2570.00,2401.87,168.13,,,SKIPPED,PERIOD_CLOSED
SH012,REC-SH012-202605-0024,2026-05-04,120.00,112.15,7.85,,,SKIPPED,PERIOD_CLOSED
SH006,REC-SH006-202605-0067,2026-05-04,200.00,186.92,13.08,,,SKIPPED,PERIOD_CLOSED
SH025,REC-SH025-202605-0034,2026-05-04,190.00,177.57,12.43,,,SKIPPED,PERIOD_CLOSED
SH010,REC-SH010-202605-0038,2026-05-04,80.00,74.77,5.23,,,SKIPPED,PERIOD_CLOSED
SH012,REC-SH012-202605-0025,2026-05-04,570.00,532.71,37.29,,,SKIPPED,PERIOD_CLOSED
SH026,REC-SH026-202605-0028,2026-05-04,460.00,429.91,30.09,,,SKIPPED,PERIOD_CLOSED
SH025,REC-SH025-202605-0035,2026-05-04,760.00,710.28,49.72,,,SKIPPED,PERIOD_CLOSED
SH025,REC-SH025-202605-0036,2026-05-04,80.00,74.77,5.23,,,SKIPPED,PERIOD_CLOSED
SH024,REC-SH024-202605-0031,2026-05-04,60.00,56.07,3.93,,,SKIPPED,PERIOD_CLOSED
SH001,REC-SH001-202605-0025,2026-05-04,1580.00,1476.64,103.36,,,SKIPPED,PERIOD_CLOSED
SH010,REC-SH010-202605-0039,2026-05-04,320.00,299.07,20.93,,,SKIPPED,PERIOD_CLOSED
SH028,REC-SH028-202605-0021,2026-05-04,160.00,149.53,10.47,,,SKIPPED,PERIOD_CLOSED
SH012,REC-SH012-202605-0026,2026-05-05,120.00,112.15,7.85,,,SKIPPED,PERIOD_CLOSED
SH010,REC-SH010-202605-0040,2026-05-05,4020.00,3757.01,262.99,,,SKIPPED,PERIOD_CLOSED
SH026,REC-SH026-202605-0029,2026-05-05,160.00,149.53,10.47,,,SKIPPED,PERIOD_CLOSED
SH026,REC-SH026-202605-0030,2026-05-05,160.00,149.53,10.47,,,SKIPPED,PERIOD_CLOSED
SH030,REC-SH030-202605-0008,2026-05-05,160.00,149.53,10.47,,,SKIPPED,PERIOD_CLOSED
SH010,REC-SH010-202605-0041,2026-05-05,1430.00,1336.45,93.55,,,SKIPPED,PERIOD_CLOSED
SH012,REC-SH012-202605-0027,2026-05-05,240.00,224.30,15.70,,,SKIPPED,PERIOD_CLOSED
SH026,REC-SH026-202605-0031,2026-05-05,300.00,280.37,19.63,,,SKIPPED,PERIOD_CLOSED
SH026,REC-SH026-202605-0032,2026-05-05,460.00,429.91,30.09,,,SKIPPED,PERIOD_CLOSED
SH026,REC-SH026-202605-0033,2026-05-05,160.00,149.53,10.47,,,SKIPPED,PERIOD_CLOSED
SH001,REC-SH001-202605-0026,2026-05-05,120.00,112.15,7.85,,,SKIPPED,PERIOD_CLOSED
SH001,REC-SH001-202605-0027,2026-05-05,160.00,149.53,10.47,,,SKIPPED,PERIOD_CLOSED
SH026,REC-SH026-202605-0034,2026-05-05,780.00,728.97,51.03,,,SKIPPED,PERIOD_CLOSED
SH006,REC-SH006-202605-0068,2026-05-05,130.00,121.50,8.50,,,SKIPPED,PERIOD_CLOSED
SH006,REC-SH006-202605-0069,2026-05-05,120.00,112.15,7.85,,,SKIPPED,PERIOD_CLOSED
SH012,REC-SH012-202605-0028,2026-05-05,780.00,728.97,51.03,,,SKIPPED,PERIOD_CLOSED
SH028,REC-SH028-202605-0022,2026-05-05,1920.00,1794.39,125.61,,,SKIPPED,PERIOD_CLOSED
SH001,REC-SH001-202605-0028,2026-05-05,1140.00,1065.42,74.58,,,SKIPPED,PERIOD_CLOSED
SH024,REC-SH024-202605-0032,2026-05-05,240.00,224.30,15.70,,,SKIPPED,PERIOD_CLOSED
SH001,REC-SH001-202605-0029,2026-05-05,1230.00,1149.53,80.47,,,SKIPPED,PERIOD_CLOSED
SH012,REC-SH012-202605-0029,2026-05-05,310.00,289.72,20.28,,,SKIPPED,PERIOD_CLOSED
SH006,REC-SH006-202605-0070,2026-05-05,120.00,112.15,7.85,,,SKIPPED,PERIOD_CLOSED
SH010,REC-SH010-202605-0042,2026-05-05,650.00,607.48,42.52,,,SKIPPED,PERIOD_CLOSED
SH006,REC-SH006-202605-0071,2026-05-05,700.00,654.21,45.79,,,SKIPPED,PERIOD_CLOSED
SH010,REC-SH010-202605-0043,2026-05-05,160.00,149.53,10.47,,,SKIPPED,PERIOD_CLOSED
SH026,REC-SH026-202605-0035,2026-05-05,320.00,299.07,20.93,,,SKIPPED,PERIOD_CLOSED
SH025,REC-SH025-202605-0037,2026-05-05,120.00,112.15,7.85,,,SKIPPED,PERIOD_CLOSED
SH006,REC-SH006-202605-0072,2026-05-05,2460.00,2299.07,160.93,,,SKIPPED,PERIOD_CLOSED
SH001,REC-SH001-202605-0030,2026-05-05,330.00,308.41,21.59,,,SKIPPED,PERIOD_CLOSED
SH006,REC-SH006-202605-0073,2026-05-05,330.00,308.41,21.59,,,SKIPPED,PERIOD_CLOSED
SH006,REC-SH006-202605-0074,2026-05-05,240.00,224.30,15.70,,,SKIPPED,PERIOD_CLOSED
SH028,REC-SH028-202605-0023,2026-05-05,1010.00,943.93,66.07,,,SKIPPED,PERIOD_CLOSED
SH012,REC-SH012-202605-0030,2026-05-05,790.00,738.32,51.68,,,SKIPPED,PERIOD_CLOSED
SH026,REC-SH026-202605-0036,2026-05-05,380.00,355.14,24.86,,,SKIPPED,PERIOD_CLOSED
SH028,REC-SH028-202605-0024,2026-05-05,1320.00,1233.64,86.36,,,SKIPPED,PERIOD_CLOSED
SH006,REC-SH006-202605-0075,2026-05-05,80.00,74.77,5.23,,,SKIPPED,PERIOD_CLOSED
SH025,REC-SH025-202605-0038,2026-05-05,410.00,383.18,26.82,,,SKIPPED,PERIOD_CLOSED
SH026,REC-SH026-202605-0037,2026-05-05,1560.00,1457.94,102.06,,,SKIPPED,PERIOD_CLOSED
SH006,REC-SH006-202605-0076,2026-05-05,700.00,654.21,45.79,,,SKIPPED,PERIOD_CLOSED
SH006,REC-SH006-202605-0077,2026-05-05,780.00,728.97,51.03,,,SKIPPED,PERIOD_CLOSED
SH026,REC-SH026-202605-0038,2026-05-05,240.00,224.30,15.70,,,SKIPPED,PERIOD_CLOSED
SH006,REC-SH006-202605-0078,2026-05-05,160.00,149.53,10.47,,,SKIPPED,PERIOD_CLOSED
SH010,REC-SH010-202605-0044,2026-05-05,160.00,149.53,10.47,,,SKIPPED,PERIOD_CLOSED
SH006,REC-SH006-202605-0079,2026-05-05,650.00,607.48,42.52,,,SKIPPED,PERIOD_CLOSED
SH006,REC-SH006-202605-0080,2026-05-05,450.00,420.56,29.44,,,SKIPPED,PERIOD_CLOSED
SH012,REC-SH012-202605-0031,2026-05-05,80.00,74.77,5.23,,,SKIPPED,PERIOD_CLOSED
SH012,REC-SH012-202605-0032,2026-05-05,80.00,74.77,5.23,,,SKIPPED,PERIOD_CLOSED
SH012,REC-SH012-202605-0033,2026-05-05,580.00,542.06,37.94,,,SKIPPED,PERIOD_CLOSED
SH001,REC-SH001-202605-0031,2026-05-05,240.00,224.30,15.70,,,SKIPPED,PERIOD_CLOSED
SH006,REC-SH006-202605-0081,2026-05-05,160.00,149.53,10.47,,,SKIPPED,PERIOD_CLOSED
SH012,REC-SH012-202605-0034,2026-05-05,4490.00,4196.26,293.74,,,SKIPPED,PERIOD_CLOSED
SH001,REC-SH001-202605-0032,2026-05-05,1710.00,1598.13,111.87,,,SKIPPED,PERIOD_CLOSED
SH006,REC-SH006-202605-0082,2026-05-05,240.00,224.30,15.70,,,SKIPPED,PERIOD_CLOSED
SH012,REC-SH012-202605-0035,2026-05-05,680.00,635.51,44.49,,,SKIPPED,PERIOD_CLOSED
SH024,REC-SH024-202605-0033,2026-05-05,2460.00,2299.07,160.93,,,SKIPPED,PERIOD_CLOSED
SH006,REC-SH006-202605-0083,2026-05-05,325.00,303.74,21.26,,,SKIPPED,PERIOD_CLOSED
SH001,REC-SH001-202605-0033,2026-05-05,120.00,112.15,7.85,,,SKIPPED,PERIOD_CLOSED
SH006,REC-SH006-202605-0084,2026-05-05,240.00,224.30,15.70,,,SKIPPED,PERIOD_CLOSED
SH001,REC-SH001-202605-0034,2026-05-05,1620.00,1514.02,105.98,,,SKIPPED,PERIOD_CLOSED
SH006,REC-SH006-202605-0085,2026-05-05,160.00,149.53,10.47,,,SKIPPED,PERIOD_CLOSED
SH025,REC-SH025-202605-0039,2026-05-05,1110.00,1037.38,72.62,,,SKIPPED,PERIOD_CLOSED
SH026,REC-SH026-202605-0039,2026-05-05,80.00,74.77,5.23,,,SKIPPED,PERIOD_CLOSED
SH026,REC-SH026-202605-0040,2026-05-05,80.00,74.77,5.23,,,SKIPPED,PERIOD_CLOSED
SH006,REC-SH006-202605-0086,2026-05-05,80.00,74.77,5.23,,,SKIPPED,PERIOD_CLOSED
SH006,REC-SH006-202605-0087,2026-05-05,650.00,607.48,42.52,,,SKIPPED,PERIOD_CLOSED
SH001,REC-SH001-202605-0035,2026-05-05,6570.00,6140.19,429.81,,,SKIPPED,PERIOD_CLOSED
SH006,REC-SH006-202605-0088,2026-05-05,160.00,149.53,10.47,,,SKIPPED,PERIOD_CLOSED
SH026,REC-SH026-202605-0041,2026-05-05,660.00,616.82,43.18,,,SKIPPED,PERIOD_CLOSED
SH006,REC-SH006-202605-0089,2026-05-05,80.00,74.77,5.23,,,SKIPPED,PERIOD_CLOSED
SH006,REC-SH006-202605-0090,2026-05-05,80.00,74.77,5.23,,,SKIPPED,PERIOD_CLOSED
SH006,REC-SH006-202605-0091,2026-05-05,325.00,303.74,21.26,,,SKIPPED,PERIOD_CLOSED
SH012,REC-SH012-202605-0036,2026-05-05,580.00,542.06,37.94,,,SKIPPED,PERIOD_CLOSED
SH026,REC-SH026-202605-0042,2026-05-05,60.00,56.07,3.93,,,SKIPPED,PERIOD_CLOSED
SH025,REC-SH025-202605-0040,2026-05-05,80.00,74.77,5.23,,,SKIPPED,PERIOD_CLOSED
SH001,REC-SH001-202605-0036,2026-05-06,3720.00,3476.64,243.36,,,SKIPPED,PERIOD_CLOSED
SH028,REC-SH028-202605-0025,2026-05-06,1320.00,1233.64,86.36,,,SKIPPED,PERIOD_CLOSED
SH001,REC-SH001-202605-0037,2026-05-06,320.00,299.07,20.93,,,SKIPPED,PERIOD_CLOSED
SH006,REC-SH006-202605-0092,2026-05-06,1320.00,1233.64,86.36,,,SKIPPED,PERIOD_CLOSED
SH001,REC-SH001-202605-0038,2026-05-06,80.00,74.77,5.23,,,SKIPPED,PERIOD_CLOSED
SH001,REC-SH001-202605-0039,2026-05-06,160.00,149.53,10.47,,,SKIPPED,PERIOD_CLOSED
SH006,REC-SH006-202605-0093,2026-05-06,2810.00,2626.17,183.83,,,SKIPPED,PERIOD_CLOSED
SH006,REC-SH006-202605-0094,2026-05-06,325.00,303.74,21.26,,,SKIPPED,PERIOD_CLOSED
SH026,REC-SH026-202605-0043,2026-05-06,3380.00,3158.88,221.12,,,SKIPPED,PERIOD_CLOSED
SH026,REC-SH026-202605-0044,2026-05-06,160.00,149.53,10.47,,,SKIPPED,PERIOD_CLOSED
SH006,REC-SH006-202605-0095,2026-05-06,460.00,429.91,30.09,,,SKIPPED,PERIOD_CLOSED
SH006,REC-SH006-202605-0096,2026-05-06,1100.00,1028.04,71.96,,,SKIPPED,PERIOD_CLOSED
SH001,REC-SH001-202605-0040,2026-05-06,1320.00,1233.64,86.36,,,SKIPPED,PERIOD_CLOSED
SH025,REC-SH025-202605-0041,2026-05-06,460.00,429.91,30.09,,,SKIPPED,PERIOD_CLOSED
SH010,REC-SH010-202605-0045,2026-05-06,130.00,121.50,8.50,,,SKIPPED,PERIOD_CLOSED
SH006,REC-SH006-202605-0097,2026-05-06,325.00,303.74,21.26,,,SKIPPED,PERIOD_CLOSED
SH012,REC-SH012-202605-0037,2026-05-06,120.00,112.15,7.85,,,SKIPPED,PERIOD_CLOSED
SH025,REC-SH025-202605-0042,2026-05-06,120.00,112.15,7.85,,,SKIPPED,PERIOD_CLOSED
SH012,REC-SH012-202605-0038,2026-05-06,460.00,429.91,30.09,,,SKIPPED,PERIOD_CLOSED
SH026,REC-SH026-202605-0045,2026-05-06,200.00,186.92,13.08,,,SKIPPED,PERIOD_CLOSED
SH012,REC-SH012-202605-0039,2026-05-06,580.00,542.06,37.94,,,SKIPPED,PERIOD_CLOSED
SH026,REC-SH026-202605-0046,2026-05-06,160.00,149.53,10.47,,,SKIPPED,PERIOD_CLOSED
SH010,REC-SH010-202605-0046,2026-05-06,600.00,560.75,39.25,,,SKIPPED,PERIOD_CLOSED
SH010,REC-SH010-202605-0047,2026-05-06,640.00,598.13,41.87,,,SKIPPED,PERIOD_CLOSED
SH024,REC-SH024-202605-0034,2026-05-06,330.00,308.41,21.59,,,SKIPPED,PERIOD_CLOSED
SH026,REC-SH026-202605-0047,2026-05-06,1760.00,1644.86,115.14,,,SKIPPED,PERIOD_CLOSED
SH010,REC-SH010-202605-0048,2026-05-06,650.00,607.48,42.52,,,SKIPPED,PERIOD_CLOSED
SH010,REC-SH010-202605-0049,2026-05-06,1600.00,1495.33,104.67,,,SKIPPED,PERIOD_CLOSED
SH006,REC-SH006-202605-0098,2026-05-06,380.00,355.14,24.86,,,SKIPPED,PERIOD_CLOSED
SH024,REC-SH024-202605-0035,2026-05-06,660.00,616.82,43.18,,,SKIPPED,PERIOD_CLOSED
SH012,REC-SH012-202605-0040,2026-05-06,1230.00,1149.53,80.47,,,SKIPPED,PERIOD_CLOSED
SH010,REC-SH010-202605-0050,2026-05-06,2760.00,2579.44,180.56,,,SKIPPED,PERIOD_CLOSED
SH006,REC-SH006-202605-0099,2026-05-06,240.00,224.30,15.70,,,SKIPPED,PERIOD_CLOSED
SH026,REC-SH026-202605-0048,2026-05-06,80.00,74.77,5.23,,,SKIPPED,PERIOD_CLOSED
SH012,REC-SH012-202605-0041,2026-05-06,240.00,224.30,15.70,,,SKIPPED,PERIOD_CLOSED
SH026,REC-SH026-202605-0049,2026-05-06,120.00,112.15,7.85,,,SKIPPED,PERIOD_CLOSED
SH025,REC-SH025-202605-0043,2026-05-06,1200.00,1121.50,78.50,,,SKIPPED,PERIOD_CLOSED
SH012,REC-SH012-202605-0042,2026-05-06,160.00,149.53,10.47,,,SKIPPED,PERIOD_CLOSED
SH026,REC-SH026-202605-0050,2026-05-06,680.00,635.51,44.49,,,SKIPPED,PERIOD_CLOSED
SH010,REC-SH010-202605-0051,2026-05-06,330.00,308.41,21.59,,,SKIPPED,PERIOD_CLOSED
SH025,REC-SH025-202605-0044,2026-05-06,80.00,74.77,5.23,,,SKIPPED,PERIOD_CLOSED
SH010,REC-SH010-202605-0052,2026-05-06,160.00,149.53,10.47,,,SKIPPED,PERIOD_CLOSED
SH006,REC-SH006-202605-0100,2026-05-06,1680.00,1570.09,109.91,,,SKIPPED,PERIOD_CLOSED
SH006,REC-SH006-202605-0101,2026-05-06,160.00,149.53,10.47,,,SKIPPED,PERIOD_CLOSED
SH006,REC-SH006-202605-0102,2026-05-06,120.00,112.15,7.85,,,SKIPPED,PERIOD_CLOSED
SH006,REC-SH006-202605-0103,2026-05-06,460.00,429.91,30.09,,,SKIPPED,PERIOD_CLOSED
SH010,REC-SH010-202605-0053,2026-05-06,160.00,149.53,10.47,,,SKIPPED,PERIOD_CLOSED
SH006,REC-SH006-202605-0104,2026-05-06,160.00,149.53,10.47,,,SKIPPED,PERIOD_CLOSED
SH006,REC-SH006-202605-0105,2026-05-06,120.00,112.15,7.85,,,SKIPPED,PERIOD_CLOSED
SH024,REC-SH024-202605-0036,2026-05-06,920.00,859.81,60.19,,,SKIPPED,PERIOD_CLOSED
SH024,REC-SH024-202605-0037,2026-05-06,450.00,420.56,29.44,,,SKIPPED,PERIOD_CLOSED
SH006,REC-SH006-202605-0106,2026-05-06,80.00,74.77,5.23,,,SKIPPED,PERIOD_CLOSED
SH024,REC-SH024-202605-0038,2026-05-06,120.00,112.15,7.85,,,SKIPPED,PERIOD_CLOSED
SH006,REC-SH006-202605-0107,2026-05-06,80.00,74.77,5.23,,,SKIPPED,PERIOD_CLOSED
SH026,REC-SH026-202605-0051,2026-05-06,260.00,242.99,17.01,,,SKIPPED,PERIOD_CLOSED
SH026,REC-SH026-202605-0052,2026-05-06,410.00,383.18,26.82,,,SKIPPED,PERIOD_CLOSED
SH006,REC-SH006-202605-0108,2026-05-06,130.00,121.50,8.50,,,SKIPPED,PERIOD_CLOSED
SH006,REC-SH006-202605-0109,2026-05-06,200.00,186.92,13.08,,,SKIPPED,PERIOD_CLOSED
SH026,REC-SH026-202605-0053,2026-05-06,80.00,74.77,5.23,,,SKIPPED,PERIOD_CLOSED
SH025,REC-SH025-202605-0045,2026-05-06,160.00,149.53,10.47,,,SKIPPED,PERIOD_CLOSED
SH006,REC-SH006-202605-0110,2026-05-06,240.00,224.30,15.70,,,SKIPPED,PERIOD_CLOSED
SH010,REC-SH010-202605-0054,2026-05-06,1360.00,1271.03,88.97,,,SKIPPED,PERIOD_CLOSED
SH001,REC-SH001-202605-0041,2026-05-06,680.00,635.51,44.49,,,SKIPPED,PERIOD_CLOSED
SH006,REC-SH006-202605-0111,2026-05-06,160.00,149.53,10.47,,,SKIPPED,PERIOD_CLOSED
SH025,REC-SH025-202605-0046,2026-05-06,240.00,224.30,15.70,,,SKIPPED,PERIOD_CLOSED
SH001,REC-SH001-202605-0042,2026-05-06,240.00,224.30,15.70,,,SKIPPED,PERIOD_CLOSED
SH025,REC-SH025-202605-0047,2026-05-06,325.00,303.74,21.26,,,SKIPPED,PERIOD_CLOSED
SH025,REC-SH025-202605-0048,2026-05-06,460.00,429.91,30.09,,,SKIPPED,PERIOD_CLOSED
SH024,REC-SH024-202605-0039,2026-05-07,580.00,542.06,37.94,,,SKIPPED,PERIOD_CLOSED
SH012,REC-SH012-202605-0043,2026-05-07,160.00,149.53,10.47,,,SKIPPED,PERIOD_CLOSED
SH006,REC-SH006-202605-0112,2026-05-07,1320.00,1233.64,86.36,,,SKIPPED,PERIOD_CLOSED
SH026,REC-SH026-202605-0054,2026-05-07,280.00,261.68,18.32,,,SKIPPED,PERIOD_CLOSED
SH012,REC-SH012-202605-0044,2026-05-07,80.00,74.77,5.23,,,SKIPPED,PERIOD_CLOSED
SH024,REC-SH024-202605-0040,2026-05-07,160.00,149.53,10.47,,,SKIPPED,PERIOD_CLOSED
SH012,REC-SH012-202605-0045,2026-05-07,160.00,149.53,10.47,,,SKIPPED,PERIOD_CLOSED
SH026,REC-SH026-202605-0055,2026-05-07,160.00,149.53,10.47,,,SKIPPED,PERIOD_CLOSED
SH010,REC-SH010-202605-0055,2026-05-07,80.00,74.77,5.23,,,SKIPPED,PERIOD_CLOSED
SH006,REC-SH006-202605-0113,2026-05-07,460.00,429.91,30.09,,,SKIPPED,PERIOD_CLOSED
SH012,REC-SH012-202605-0046,2026-05-07,160.00,149.53,10.47,,,SKIPPED,PERIOD_CLOSED
SH006,REC-SH006-202605-0114,2026-05-07,325.00,303.74,21.26,,,SKIPPED,PERIOD_CLOSED
SH001,REC-SH001-202605-0043,2026-05-07,330.00,308.41,21.59,,,SKIPPED,PERIOD_CLOSED
SH001,REC-SH001-202605-0044,2026-05-07,1320.00,1233.64,86.36,,,SKIPPED,PERIOD_CLOSED
SH006,REC-SH006-202605-0115,2026-05-07,620.00,579.44,40.56,,,SKIPPED,PERIOD_CLOSED
SH006,REC-SH006-202605-0116,2026-05-07,160.00,149.53,10.47,,,SKIPPED,PERIOD_CLOSED
SH010,REC-SH010-202605-0056,2026-05-07,1720.00,1607.48,112.52,,,SKIPPED,PERIOD_CLOSED
SH026,REC-SH026-202605-0056,2026-05-07,460.00,429.91,30.09,,,SKIPPED,PERIOD_CLOSED
SH012,REC-SH012-202605-0047,2026-05-07,580.00,542.06,37.94,,,SKIPPED,PERIOD_CLOSED
SH030,REC-SH030-202605-0009,2026-05-07,160.00,149.53,10.47,,,SKIPPED,PERIOD_CLOSED
SH006,REC-SH006-202605-0117,2026-05-07,120.00,112.15,7.85,,,SKIPPED,PERIOD_CLOSED
SH001,REC-SH001-202605-0045,2026-05-07,1620.00,1514.02,105.98,,,SKIPPED,PERIOD_CLOSED
SH006,REC-SH006-202605-0118,2026-05-07,350.00,327.10,22.90,,,SKIPPED,PERIOD_CLOSED
SH010,REC-SH010-202605-0057,2026-05-07,330.00,308.41,21.59,,,SKIPPED,PERIOD_CLOSED
SH025,REC-SH025-202605-0049,2026-05-07,240.00,224.30,15.70,,,SKIPPED,PERIOD_CLOSED
SH012,REC-SH012-202605-0048,2026-05-07,460.00,429.91,30.09,,,SKIPPED,PERIOD_CLOSED
SH010,REC-SH010-202605-0058,2026-05-07,410.00,383.18,26.82,,,SKIPPED,PERIOD_CLOSED
SH012,REC-SH012-202605-0049,2026-05-07,680.00,635.51,44.49,,,SKIPPED,PERIOD_CLOSED
SH010,REC-SH010-202605-0059,2026-05-07,2380.00,2224.30,155.70,,,SKIPPED,PERIOD_CLOSED
SH010,REC-SH010-202605-0060,2026-05-07,1430.00,1336.45,93.55,,,SKIPPED,PERIOD_CLOSED
SH006,REC-SH006-202605-0119,2026-05-07,330.00,308.41,21.59,,,SKIPPED,PERIOD_CLOSED
SH028,REC-SH028-202605-0026,2026-05-07,3690.00,3448.60,241.40,,,SKIPPED,PERIOD_CLOSED
SH024,REC-SH024-202605-0041,2026-05-07,240.00,224.30,15.70,,,SKIPPED,PERIOD_CLOSED
SH026,REC-SH026-202605-0057,2026-05-07,160.00,149.53,10.47,,,SKIPPED,PERIOD_CLOSED
SH006,REC-SH006-202605-0120,2026-05-07,325.00,303.74,21.26,,,SKIPPED,PERIOD_CLOSED
SH006,REC-SH006-202605-0121,2026-05-07,480.00,448.60,31.40,,,SKIPPED,PERIOD_CLOSED
SH026,REC-SH026-202605-0058,2026-05-07,120.00,112.15,7.85,,,SKIPPED,PERIOD_CLOSED
SH006,REC-SH006-202605-0122,2026-05-07,160.00,149.53,10.47,,,SKIPPED,PERIOD_CLOSED
SH012,REC-SH012-202605-0050,2026-05-07,380.00,355.14,24.86,,,SKIPPED,PERIOD_CLOSED
SH025,REC-SH025-202605-0050,2026-05-07,160.00,149.53,10.47,,,SKIPPED,PERIOD_CLOSED
SH024,REC-SH024-202605-0042,2026-05-07,240.00,224.30,15.70,,,SKIPPED,PERIOD_CLOSED
SH001,REC-SH001-202605-0046,2026-05-07,1640.00,1532.71,107.29,,,SKIPPED,PERIOD_CLOSED
SH025,REC-SH025-202605-0051,2026-05-07,320.00,299.07,20.93,,,SKIPPED,PERIOD_CLOSED
SH024,REC-SH024-202605-0043,2026-05-07,120.00,112.15,7.85,,,SKIPPED,PERIOD_CLOSED
SH025,REC-SH025-202605-0052,2026-05-07,140.00,130.84,9.16,,,SKIPPED,PERIOD_CLOSED
SH006,REC-SH006-202605-0123,2026-05-07,120.00,112.15,7.85,,,SKIPPED,PERIOD_CLOSED
SH026,REC-SH026-202605-0059,2026-05-07,120.00,112.15,7.85,,,SKIPPED,PERIOD_CLOSED
SH006,REC-SH006-202605-0124,2026-05-07,2200.00,2056.07,143.93,,,SKIPPED,PERIOD_CLOSED
SH012,REC-SH012-202605-0051,2026-05-07,200.00,186.92,13.08,,,SKIPPED,PERIOD_CLOSED
SH025,REC-SH025-202605-0053,2026-05-07,200.00,186.92,13.08,,,SKIPPED,PERIOD_CLOSED
SH026,REC-SH026-202605-0060,2026-05-07,200.00,186.92,13.08,,,SKIPPED,PERIOD_CLOSED
SH006,REC-SH006-202605-0125,2026-05-07,720.00,672.90,47.10,,,SKIPPED,PERIOD_CLOSED
SH025,REC-SH025-202605-0054,2026-05-07,400.00,373.83,26.17,,,SKIPPED,PERIOD_CLOSED
SH010,REC-SH010-202605-0061,2026-05-07,320.00,299.07,20.93,,,SKIPPED,PERIOD_CLOSED
SH010,REC-SH010-202605-0062,2026-05-07,80.00,74.77,5.23,,,SKIPPED,PERIOD_CLOSED
SH026,REC-SH026-202605-0061,2026-05-07,240.00,224.30,15.70,,,SKIPPED,PERIOD_CLOSED
SH001,REC-SH001-202605-0047,2026-05-07,580.00,542.06,37.94,,,SKIPPED,PERIOD_CLOSED
SH012,REC-SH012-202605-0052,2026-05-07,120.00,112.15,7.85,,,SKIPPED,PERIOD_CLOSED
SH006,REC-SH006-202605-0126,2026-05-07,325.00,303.74,21.26,,,SKIPPED,PERIOD_CLOSED
SH026,REC-SH026-202605-0062,2026-05-07,330.00,308.41,21.59,,,SKIPPED,PERIOD_CLOSED
SH006,REC-SH006-202605-0127,2026-05-07,330.00,308.41,21.59,,,SKIPPED,PERIOD_CLOSED
SH024,REC-SH024-202605-0044,2026-05-07,80.00,74.77,5.23,,,SKIPPED,PERIOD_CLOSED
SH006,REC-SH006-202605-0128,2026-05-07,120.00,112.15,7.85,,,SKIPPED,PERIOD_CLOSED
SH025,REC-SH025-202605-0055,2026-05-07,80.00,74.77,5.23,,,SKIPPED,PERIOD_CLOSED
SH025,REC-SH025-202605-0056,2026-05-07,325.00,303.74,21.26,,,SKIPPED,PERIOD_CLOSED
SH012,REC-SH012-202605-0053,2026-05-08,330.00,308.41,21.59,,,SKIPPED,PERIOD_CLOSED
SH001,REC-SH001-202605-0048,2026-05-08,1380.00,1289.72,90.28,,,SKIPPED,PERIOD_CLOSED
SH001,REC-SH001-202605-0049,2026-05-08,7570.00,7074.77,495.23,,,SKIPPED,PERIOD_CLOSED
SH030,REC-SH030-202605-0010,2026-05-08,1050.00,981.31,68.69,,,SKIPPED,PERIOD_CLOSED
SH010,REC-SH010-202605-0063,2026-05-08,325.00,303.74,21.26,,,SKIPPED,PERIOD_CLOSED
SH001,REC-SH001-202605-0050,2026-05-08,220.00,205.61,14.39,,,SKIPPED,PERIOD_CLOSED
SH006,REC-SH006-202605-0129,2026-05-08,1620.00,1514.02,105.98,,,SKIPPED,PERIOD_CLOSED
SH024,REC-SH024-202605-0045,2026-05-08,120.00,112.15,7.85,,,SKIPPED,PERIOD_CLOSED
SH024,REC-SH024-202605-0046,2026-05-08,160.00,149.53,10.47,,,SKIPPED,PERIOD_CLOSED
SH012,REC-SH012-202605-0054,2026-05-08,80.00,74.77,5.23,,,SKIPPED,PERIOD_CLOSED
SH001,REC-SH001-202605-0051,2026-05-08,330.00,308.41,21.59,,,SKIPPED,PERIOD_CLOSED
SH010,REC-SH010-202605-0064,2026-05-08,160.00,149.53,10.47,,,SKIPPED,PERIOD_CLOSED
SH012,REC-SH012-202605-0055,2026-05-08,160.00,149.53,10.47,,,SKIPPED,PERIOD_CLOSED
SH012,REC-SH012-202605-0056,2026-05-08,160.00,149.53,10.47,,,SKIPPED,PERIOD_CLOSED
SH012,REC-SH012-202605-0057,2026-05-08,160.00,149.53,10.47,,,SKIPPED,PERIOD_CLOSED
SH001,REC-SH001-202605-0052,2026-05-08,60.00,56.07,3.93,,,SKIPPED,PERIOD_CLOSED
SH006,REC-SH006-202605-0130,2026-05-08,1490.00,1392.52,97.48,,,SKIPPED,PERIOD_CLOSED
SH001,REC-SH001-202605-0053,2026-05-08,330.00,308.41,21.59,,,SKIPPED,PERIOD_CLOSED
SH025,REC-SH025-202605-0057,2026-05-08,100.00,93.46,6.54,,,SKIPPED,PERIOD_CLOSED
SH030,REC-SH030-202605-0011,2026-05-08,160.00,149.53,10.47,,,SKIPPED,PERIOD_CLOSED
SH024,REC-SH024-202605-0047,2026-05-08,460.00,429.91,30.09,,,SKIPPED,PERIOD_CLOSED
SH006,REC-SH006-202605-0131,2026-05-08,240.00,224.30,15.70,,,SKIPPED,PERIOD_CLOSED
SH026,REC-SH026-202605-0063,2026-05-08,120.00,112.15,7.85,,,SKIPPED,PERIOD_CLOSED
SH024,REC-SH024-202605-0048,2026-05-08,240.00,224.30,15.70,,,SKIPPED,PERIOD_CLOSED
SH001,REC-SH001-202605-0054,2026-05-08,6990.00,6532.71,457.29,,,SKIPPED,PERIOD_CLOSED
SH006,REC-SH006-202605-0132,2026-05-08,440.00,411.21,28.79,,,SKIPPED,PERIOD_CLOSED
SH030,REC-SH030-202605-0012,2026-05-08,400.00,373.83,26.17,,,SKIPPED,PERIOD_CLOSED
SH030,REC-SH030-202605-0013,2026-05-08,80.00,74.77,5.23,,,SKIPPED,PERIOD_CLOSED
SH006,REC-SH006-202605-0133,2026-05-08,120.00,112.15,7.85,,,SKIPPED,PERIOD_CLOSED
SH026,REC-SH026-202605-0064,2026-05-08,160.00,149.53,10.47,,,SKIPPED,PERIOD_CLOSED
SH006,REC-SH006-202605-0134,2026-05-08,80.00,74.77,5.23,,,SKIPPED,PERIOD_CLOSED
SH010,REC-SH010-202605-0065,2026-05-08,240.00,224.30,15.70,,,SKIPPED,PERIOD_CLOSED
SH010,REC-SH010-202605-0066,2026-05-08,325.00,303.74,21.26,,,SKIPPED,PERIOD_CLOSED
SH006,REC-SH006-202605-0135,2026-05-08,330.00,308.41,21.59,,,SKIPPED,PERIOD_CLOSED
SH001,REC-SH001-202605-0055,2026-05-08,80.00,74.77,5.23,,,SKIPPED,PERIOD_CLOSED
SH001,REC-SH001-202605-0056,2026-05-08,160.00,149.53,10.47,,,SKIPPED,PERIOD_CLOSED
SH010,REC-SH010-202605-0067,2026-05-08,240.00,224.30,15.70,,,SKIPPED,PERIOD_CLOSED
SH026,REC-SH026-202605-0065,2026-05-08,120.00,112.15,7.85,,,SKIPPED,PERIOD_CLOSED
SH012,REC-SH012-202605-0058,2026-05-08,480.00,448.60,31.40,,,SKIPPED,PERIOD_CLOSED
SH026,REC-SH026-202605-0066,2026-05-08,320.00,299.07,20.93,,,SKIPPED,PERIOD_CLOSED
SH006,REC-SH006-202605-0136,2026-05-08,80.00,74.77,5.23,,,SKIPPED,PERIOD_CLOSED
SH010,REC-SH010-202605-0068,2026-05-08,1100.00,1028.04,71.96,,,SKIPPED,PERIOD_CLOSED
SH006,REC-SH006-202605-0137,2026-05-08,160.00,149.53,10.47,,,SKIPPED,PERIOD_CLOSED
SH010,REC-SH010-202605-0069,2026-05-08,120.00,112.15,7.85,,,SKIPPED,PERIOD_CLOSED
SH012,REC-SH012-202605-0059,2026-05-08,460.00,429.91,30.09,,,SKIPPED,PERIOD_CLOSED
SH024,REC-SH024-202605-0049,2026-05-08,680.00,635.51,44.49,,,SKIPPED,PERIOD_CLOSED
SH006,REC-SH006-202605-0138,2026-05-08,80.00,74.77,5.23,,,SKIPPED,PERIOD_CLOSED
SH006,REC-SH006-202605-0139,2026-05-08,760.00,710.28,49.72,,,SKIPPED,PERIOD_CLOSED
SH006,REC-SH006-202605-0140,2026-05-08,130.00,121.50,8.50,,,SKIPPED,PERIOD_CLOSED
SH024,REC-SH024-202605-0050,2026-05-08,480.00,448.60,31.40,,,SKIPPED,PERIOD_CLOSED
SH001,REC-SH001-202605-0057,2026-05-08,680.00,635.51,44.49,,,SKIPPED,PERIOD_CLOSED
SH025,REC-SH025-202605-0058,2026-05-08,330.00,308.41,21.59,,,SKIPPED,PERIOD_CLOSED
SH001,REC-SH001-202605-0058,2026-05-08,7460.00,6971.96,488.04,,,SKIPPED,PERIOD_CLOSED
SH006,REC-SH006-202605-0141,2026-05-08,80.00,74.77,5.23,,,SKIPPED,PERIOD_CLOSED
SH012,REC-SH012-202605-0060,2026-05-08,580.00,542.06,37.94,,,SKIPPED,PERIOD_CLOSED
SH006,REC-SH006-202605-0142,2026-05-08,325.00,303.74,21.26,,,SKIPPED,PERIOD_CLOSED
SH026,REC-SH026-202605-0067,2026-05-08,60.00,56.07,3.93,,,SKIPPED,PERIOD_CLOSED
SH025,REC-SH025-202605-0059,2026-05-08,240.00,224.30,15.70,,,SKIPPED,PERIOD_CLOSED
SH012,REC-SH012-202605-0061,2026-05-08,400.00,373.83,26.17,,,SKIPPED,PERIOD_CLOSED
SH010,REC-SH010-202605-0070,2026-05-08,325.00,303.74,21.26,,,SKIPPED,PERIOD_CLOSED
SH012,REC-SH012-202605-0062,2026-05-08,160.00,149.53,10.47,,,SKIPPED,PERIOD_CLOSED
SH006,REC-SH006-202605-0143,2026-05-08,120.00,112.15,7.85,,,SKIPPED,PERIOD_CLOSED
SH025,REC-SH025-202605-0060,2026-05-08,160.00,149.53,10.47,,,SKIPPED,PERIOD_CLOSED
SH010,REC-SH010-202605-0071,2026-05-08,1250.00,1168.22,81.78,,,SKIPPED,PERIOD_CLOSED
SH026,REC-SH026-202605-0068,2026-05-08,120.00,112.15,7.85,,,SKIPPED,PERIOD_CLOSED
SH025,REC-SH025-202605-0061,2026-05-08,330.00,308.41,21.59,,,SKIPPED,PERIOD_CLOSED
SH024,REC-SH024-202605-0051,2026-05-08,1320.00,1233.64,86.36,,,SKIPPED,PERIOD_CLOSED
SH006,REC-SH006-202605-0144,2026-05-08,120.00,112.15,7.85,,,SKIPPED,PERIOD_CLOSED
SH006,REC-SH006-202605-0145,2026-05-09,80.00,74.77,5.23,,,SKIPPED,PERIOD_CLOSED
SH006,REC-SH006-202605-0146,2026-05-09,580.00,542.06,37.94,,,SKIPPED,PERIOD_CLOSED
SH001,REC-SH001-202605-0059,2026-05-09,360.00,336.45,23.55,,,SKIPPED,PERIOD_CLOSED
SH026,REC-SH026-202605-0069,2026-05-09,160.00,149.53,10.47,,,SKIPPED,PERIOD_CLOSED
SH006,REC-SH006-202605-0147,2026-05-09,2080.00,1943.93,136.07,,,SKIPPED,PERIOD_CLOSED
SH006,REC-SH006-202605-0148,2026-05-09,580.00,542.06,37.94,,,SKIPPED,PERIOD_CLOSED
SH010,REC-SH010-202605-0072,2026-05-09,80.00,74.77,5.23,,,SKIPPED,PERIOD_CLOSED
SH012,REC-SH012-202605-0063,2026-05-09,200.00,186.92,13.08,,,SKIPPED,PERIOD_CLOSED
SH006,REC-SH006-202605-0149,2026-05-09,330.00,308.41,21.59,,,SKIPPED,PERIOD_CLOSED
SH026,REC-SH026-202605-0070,2026-05-09,160.00,149.53,10.47,,,SKIPPED,PERIOD_CLOSED
SH026,REC-SH026-202605-0071,2026-05-09,580.00,542.06,37.94,,,SKIPPED,PERIOD_CLOSED
SH006,REC-SH006-202605-0150,2026-05-09,360.00,336.45,23.55,,,SKIPPED,PERIOD_CLOSED
SH006,REC-SH006-202605-0151,2026-05-09,120.00,112.15,7.85,,,SKIPPED,PERIOD_CLOSED
SH006,REC-SH006-202605-0152,2026-05-09,80.00,74.77,5.23,,,SKIPPED,PERIOD_CLOSED
SH025,REC-SH025-202605-0062,2026-05-09,120.00,112.15,7.85,,,SKIPPED,PERIOD_CLOSED
SH026,REC-SH026-202605-0072,2026-05-09,280.00,261.68,18.32,,,SKIPPED,PERIOD_CLOSED
SH006,REC-SH006-202605-0153,2026-05-09,300.00,280.37,19.63,,,SKIPPED,PERIOD_CLOSED
SH006,REC-SH006-202605-0154,2026-05-09,80.00,74.77,5.23,,,SKIPPED,PERIOD_CLOSED
SH006,REC-SH006-202605-0155,2026-05-09,700.00,654.21,45.79,,,SKIPPED,PERIOD_CLOSED
SH028,REC-SH028-202605-0027,2026-05-09,1250.00,1168.22,81.78,,,SKIPPED,PERIOD_CLOSED
SH025,REC-SH025-202605-0063,2026-05-09,700.00,654.21,45.79,,,SKIPPED,PERIOD_CLOSED
SH025,REC-SH025-202605-0064,2026-05-09,410.00,383.18,26.82,,,SKIPPED,PERIOD_CLOSED
SH024,REC-SH024-202605-0052,2026-05-09,120.00,112.15,7.85,,,SKIPPED,PERIOD_CLOSED
SH026,REC-SH026-202605-0073,2026-05-09,460.00,429.91,30.09,,,SKIPPED,PERIOD_CLOSED
SH025,REC-SH025-202605-0065,2026-05-09,190.00,177.57,12.43,,,SKIPPED,PERIOD_CLOSED
SH001,REC-SH001-202605-0060,2026-05-09,3890.00,3635.51,254.49,,,SKIPPED,PERIOD_CLOSED
SH026,REC-SH026-202605-0074,2026-05-09,80.00,74.77,5.23,,,SKIPPED,PERIOD_CLOSED
SH012,REC-SH012-202605-0064,2026-05-09,240.00,224.30,15.70,,,SKIPPED,PERIOD_CLOSED
SH012,REC-SH012-202605-0065,2026-05-09,580.00,542.06,37.94,,,SKIPPED,PERIOD_CLOSED
SH012,REC-SH012-202605-0066,2026-05-09,130.00,121.50,8.50,,,SKIPPED,PERIOD_CLOSED
SH025,REC-SH025-202605-0066,2026-05-09,480.00,448.60,31.40,,,SKIPPED,PERIOD_CLOSED
SH024,REC-SH024-202605-0053,2026-05-09,190.00,177.57,12.43,,,SKIPPED,PERIOD_CLOSED
SH012,REC-SH012-202605-0067,2026-05-09,1920.00,1794.39,125.61,,,SKIPPED,PERIOD_CLOSED
SH026,REC-SH026-202605-0075,2026-05-09,240.00,224.30,15.70,,,SKIPPED,PERIOD_CLOSED
SH026,REC-SH026-202605-0076,2026-05-09,460.00,429.91,30.09,,,SKIPPED,PERIOD_CLOSED
SH026,REC-SH026-202605-0077,2026-05-09,280.00,261.68,18.32,,,SKIPPED,PERIOD_CLOSED
SH025,REC-SH025-202605-0067,2026-05-09,330.00,308.41,21.59,,,SKIPPED,PERIOD_CLOSED
SH006,REC-SH006-202605-0156,2026-05-09,240.00,224.30,15.70,,,SKIPPED,PERIOD_CLOSED
SH024,REC-SH024-202605-0054,2026-05-09,700.00,654.21,45.79,,,SKIPPED,PERIOD_CLOSED
SH026,REC-SH026-202605-0078,2026-05-09,300.00,280.37,19.63,,,SKIPPED,PERIOD_CLOSED
SH006,REC-SH006-202605-0157,2026-05-09,190.00,177.57,12.43,,,SKIPPED,PERIOD_CLOSED
SH001,REC-SH001-202605-0061,2026-05-09,3750.00,3504.67,245.33,,,SKIPPED,PERIOD_CLOSED
SH026,REC-SH026-202605-0079,2026-05-09,240.00,224.30,15.70,,,SKIPPED,PERIOD_CLOSED
SH010,REC-SH010-202605-0073,2026-05-09,130.00,121.50,8.50,,,SKIPPED,PERIOD_CLOSED
SH001,REC-SH001-202605-0062,2026-05-09,80.00,74.77,5.23,,,SKIPPED,PERIOD_CLOSED
SH001,REC-SH001-202605-0063,2026-05-09,1620.00,1514.02,105.98,,,SKIPPED,PERIOD_CLOSED
SH001,REC-SH001-202605-0064,2026-05-09,2830.00,2644.86,185.14,,,SKIPPED,PERIOD_CLOSED
SH010,REC-SH010-202605-0074,2026-05-09,160.00,149.53,10.47,,,SKIPPED,PERIOD_CLOSED
SH010,REC-SH010-202605-0075,2026-05-09,80.00,74.77,5.23,,,SKIPPED,PERIOD_CLOSED
SH010,REC-SH010-202605-0076,2026-05-09,160.00,149.53,10.47,,,SKIPPED,PERIOD_CLOSED
SH001,REC-SH001-202605-0065,2026-05-09,1380.00,1289.72,90.28,,,SKIPPED,PERIOD_CLOSED
SH025,REC-SH025-202605-0068,2026-05-09,1110.00,1037.38,72.62,,,SKIPPED,PERIOD_CLOSED
SH010,REC-SH010-202605-0077,2026-05-09,330.00,308.41,21.59,,,SKIPPED,PERIOD_CLOSED
SH010,REC-SH010-202605-0078,2026-05-09,180.00,168.22,11.78,,,SKIPPED,PERIOD_CLOSED
SH012,REC-SH012-202605-0068,2026-05-09,330.00,308.41,21.59,,,SKIPPED,PERIOD_CLOSED
SH025,REC-SH025-202605-0069,2026-05-09,80.00,74.77,5.23,,,SKIPPED,PERIOD_CLOSED
SH006,REC-SH006-202605-0158,2026-05-09,160.00,149.53,10.47,,,SKIPPED,PERIOD_CLOSED
SH024,REC-SH024-202605-0055,2026-05-09,120.00,112.15,7.85,,,SKIPPED,PERIOD_CLOSED
SH024,REC-SH024-202605-0056,2026-05-09,440.00,411.21,28.79,,,SKIPPED,PERIOD_CLOSED
SH025,REC-SH025-202605-0070,2026-05-09,1890.00,1766.36,123.64,,,SKIPPED,PERIOD_CLOSED
SH012,REC-SH012-202605-0069,2026-05-09,1400.00,1308.41,91.59,,,SKIPPED,PERIOD_CLOSED
SH012,REC-SH012-202605-0070,2026-05-09,160.00,149.53,10.47,,,SKIPPED,PERIOD_CLOSED
SH025,REC-SH025-202605-0071,2026-05-09,330.00,308.41,21.59,,,SKIPPED,PERIOD_CLOSED
SH026,REC-SH026-202605-0080,2026-05-09,160.00,149.53,10.47,,,SKIPPED,PERIOD_CLOSED
SH024,REC-SH024-202605-0057,2026-05-09,240.00,224.30,15.70,,,SKIPPED,PERIOD_CLOSED
SH025,REC-SH025-202605-0072,2026-05-09,240.00,224.30,15.70,,,SKIPPED,PERIOD_CLOSED
SH001,REC-SH001-202605-0066,2026-05-09,2760.00,2579.44,180.56,,,SKIPPED,PERIOD_CLOSED
SH026,REC-SH026-202605-0081,2026-05-09,330.00,308.41,21.59,,,SKIPPED,PERIOD_CLOSED
SH010,REC-SH010-202605-0079,2026-05-09,80.00,74.77,5.23,,,SKIPPED,PERIOD_CLOSED
SH026,REC-SH026-202605-0082,2026-05-09,120.00,112.15,7.85,,,SKIPPED,PERIOD_CLOSED
SH025,REC-SH025-202605-0073,2026-05-09,240.00,224.30,15.70,,,SKIPPED,PERIOD_CLOSED
SH012,REC-SH012-202605-0071,2026-05-09,580.00,542.06,37.94,,,SKIPPED,PERIOD_CLOSED
SH026,REC-SH026-202605-0083,2026-05-09,1650.00,1542.06,107.94,,,SKIPPED,PERIOD_CLOSED
SH025,REC-SH025-202605-0074,2026-05-09,380.00,355.14,24.86,,,SKIPPED,PERIOD_CLOSED
SH006,REC-SH006-202605-0159,2026-05-09,200.00,186.92,13.08,,,SKIPPED,PERIOD_CLOSED
SH001,REC-SH001-202605-0067,2026-05-09,1740.00,1626.17,113.83,,,SKIPPED,PERIOD_CLOSED
SH010,REC-SH010-202605-0080,2026-05-10,80.00,74.77,5.23,,,SKIPPED,PERIOD_CLOSED
SH010,REC-SH010-202605-0081,2026-05-10,7980.00,7457.94,522.06,,,SKIPPED,PERIOD_CLOSED
SH026,REC-SH026-202605-0084,2026-05-10,480.00,448.60,31.40,,,SKIPPED,PERIOD_CLOSED
SH010,REC-SH010-202605-0082,2026-05-10,410.00,383.18,26.82,,,SKIPPED,PERIOD_CLOSED
SH028,REC-SH028-202605-0028,2026-05-10,580.00,542.06,37.94,,,SKIPPED,PERIOD_CLOSED
SH026,REC-SH026-202605-0085,2026-05-10,240.00,224.30,15.70,,,SKIPPED,PERIOD_CLOSED
SH024,REC-SH024-202605-0058,2026-05-10,460.00,429.91,30.09,,,SKIPPED,PERIOD_CLOSED
SH001,REC-SH001-202605-0068,2026-05-10,220.00,205.61,14.39,,,SKIPPED,PERIOD_CLOSED
SH006,REC-SH006-202605-0160,2026-05-10,1380.00,1289.72,90.28,,,SKIPPED,PERIOD_CLOSED
SH010,REC-SH010-202605-0083,2026-05-10,2590.00,2420.56,169.44,,,SKIPPED,PERIOD_CLOSED
SH006,REC-SH006-202605-0161,2026-05-10,80.00,74.77,5.23,,,SKIPPED,PERIOD_CLOSED
SH026,REC-SH026-202605-0086,2026-05-10,1620.00,1514.02,105.98,,,SKIPPED,PERIOD_CLOSED
SH026,REC-SH026-202605-0087,2026-05-10,80.00,74.77,5.23,,,SKIPPED,PERIOD_CLOSED
SH006,REC-SH006-202605-0162,2026-05-10,260.00,242.99,17.01,,,SKIPPED,PERIOD_CLOSED
SH010,REC-SH010-202605-0084,2026-05-10,240.00,224.30,15.70,,,SKIPPED,PERIOD_CLOSED
SH012,REC-SH012-202605-0072,2026-05-10,80.00,74.77,5.23,,,SKIPPED,PERIOD_CLOSED
SH026,REC-SH026-202605-0088,2026-05-10,2460.00,2299.07,160.93,,,SKIPPED,PERIOD_CLOSED
SH006,REC-SH006-202605-0163,2026-05-10,700.00,654.21,45.79,,,SKIPPED,PERIOD_CLOSED
SH010,REC-SH010-202605-0085,2026-05-10,160.00,149.53,10.47,,,SKIPPED,PERIOD_CLOSED
SH024,REC-SH024-202605-0059,2026-05-10,480.00,448.60,31.40,,,SKIPPED,PERIOD_CLOSED
SH026,REC-SH026-202605-0089,2026-05-10,1530.00,1429.91,100.09,,,SKIPPED,PERIOD_CLOSED
SH025,REC-SH025-202605-0075,2026-05-10,240.00,224.30,15.70,,,SKIPPED,PERIOD_CLOSED
SH012,REC-SH012-202605-0073,2026-05-10,160.00,149.53,10.47,,,SKIPPED,PERIOD_CLOSED
SH028,REC-SH028-202605-0029,2026-05-10,320.00,299.07,20.93,,,SKIPPED,PERIOD_CLOSED
SH026,REC-SH026-202605-0090,2026-05-10,80.00,74.77,5.23,,,SKIPPED,PERIOD_CLOSED
SH025,REC-SH025-202605-0076,2026-05-10,325.00,303.74,21.26,,,SKIPPED,PERIOD_CLOSED
SH025,REC-SH025-202605-0077,2026-05-10,80.00,74.77,5.23,,,SKIPPED,PERIOD_CLOSED
SH026,REC-SH026-202605-0091,2026-05-10,80.00,74.77,5.23,,,SKIPPED,PERIOD_CLOSED
SH026,REC-SH026-202605-0092,2026-05-10,120.00,112.15,7.85,,,SKIPPED,PERIOD_CLOSED
SH010,REC-SH010-202605-0086,2026-05-10,300.00,280.37,19.63,,,SKIPPED,PERIOD_CLOSED
SH006,REC-SH006-202605-0164,2026-05-10,130.00,121.50,8.50,,,SKIPPED,PERIOD_CLOSED
SH010,REC-SH010-202605-0087,2026-05-10,1540.00,1439.25,100.75,,,SKIPPED,PERIOD_CLOSED
SH010,REC-SH010-202605-0088,2026-05-10,120.00,112.15,7.85,,,SKIPPED,PERIOD_CLOSED
SH012,REC-SH012-202605-0074,2026-05-10,240.00,224.30,15.70,,,SKIPPED,PERIOD_CLOSED
SH006,REC-SH006-202605-0165,2026-05-10,1150.00,1074.77,75.23,,,SKIPPED,PERIOD_CLOSED
SH006,REC-SH006-202605-0166,2026-05-10,80.00,74.77,5.23,,,SKIPPED,PERIOD_CLOSED
SH006,REC-SH006-202605-0167,2026-05-10,240.00,224.30,15.70,,,SKIPPED,PERIOD_CLOSED
SH010,REC-SH010-202605-0089,2026-05-10,325.00,303.74,21.26,,,SKIPPED,PERIOD_CLOSED
SH006,REC-SH006-202605-0168,2026-05-10,900.00,841.12,58.88,,,SKIPPED,PERIOD_CLOSED
SH006,REC-SH006-202605-0169,2026-05-10,280.00,261.68,18.32,,,SKIPPED,PERIOD_CLOSED
SH024,REC-SH024-202605-0060,2026-05-10,160.00,149.53,10.47,,,SKIPPED,PERIOD_CLOSED
SH024,REC-SH024-202605-0061,2026-05-10,1620.00,1514.02,105.98,,,SKIPPED,PERIOD_CLOSED
SH024,REC-SH024-202605-0062,2026-05-10,1320.00,1233.64,86.36,,,SKIPPED,PERIOD_CLOSED
SH001,REC-SH001-202605-0069,2026-05-10,220.00,205.61,14.39,,,SKIPPED,PERIOD_CLOSED
SH010,REC-SH010-202605-0090,2026-05-10,80.00,74.77,5.23,,,SKIPPED,PERIOD_CLOSED
SH025,REC-SH025-202605-0078,2026-05-10,80.00,74.77,5.23,,,SKIPPED,PERIOD_CLOSED
SH006,REC-SH006-202605-0170,2026-05-10,410.00,383.18,26.82,,,SKIPPED,PERIOD_CLOSED
SH026,REC-SH026-202605-0093,2026-05-10,80.00,74.77,5.23,,,SKIPPED,PERIOD_CLOSED
SH012,REC-SH012-202605-0075,2026-05-10,580.00,542.06,37.94,,,SKIPPED,PERIOD_CLOSED
SH001,REC-SH001-202605-0070,2026-05-10,220.00,205.61,14.39,,,SKIPPED,PERIOD_CLOSED
SH001,REC-SH001-202605-0071,2026-05-10,1620.00,1514.02,105.98,,,SKIPPED,PERIOD_CLOSED
SH010,REC-SH010-202605-0091,2026-05-10,80.00,74.77,5.23,,,SKIPPED,PERIOD_CLOSED
SH001,REC-SH001-202605-0072,2026-05-10,440.00,411.21,28.79,,,SKIPPED,PERIOD_CLOSED
SH024,REC-SH024-202605-0063,2026-05-10,200.00,186.92,13.08,,,SKIPPED,PERIOD_CLOSED
SH010,REC-SH010-202605-0092,2026-05-10,330.00,308.41,21.59,,,SKIPPED,PERIOD_CLOSED
SH006,REC-SH006-202605-0171,2026-05-10,700.00,654.21,45.79,,,SKIPPED,PERIOD_CLOSED
SH006,REC-SH006-202605-0172,2026-05-10,325.00,303.74,21.26,,,SKIPPED,PERIOD_CLOSED
SH006,REC-SH006-202605-0173,2026-05-10,1320.00,1233.64,86.36,,,SKIPPED,PERIOD_CLOSED
SH006,REC-SH006-202605-0174,2026-05-10,80.00,74.77,5.23,,,SKIPPED,PERIOD_CLOSED
SH010,REC-SH010-202605-0093,2026-05-10,1560.00,1457.94,102.06,,,SKIPPED,PERIOD_CLOSED
SH026,REC-SH026-202605-0094,2026-05-10,80.00,74.77,5.23,,,SKIPPED,PERIOD_CLOSED
SH006,REC-SH006-202605-0175,2026-05-10,80.00,74.77,5.23,,,SKIPPED,PERIOD_CLOSED
SH026,REC-SH026-202605-0095,2026-05-10,120.00,112.15,7.85,,,SKIPPED,PERIOD_CLOSED
SH012,REC-SH012-202605-0076,2026-05-10,160.00,149.53,10.47,,,SKIPPED,PERIOD_CLOSED
SH006,REC-SH006-202605-0176,2026-05-10,180.00,168.22,11.78,,,SKIPPED,PERIOD_CLOSED
SH006,REC-SH006-202605-0177,2026-05-10,240.00,224.30,15.70,,,SKIPPED,PERIOD_CLOSED
SH026,REC-SH026-202605-0096,2026-05-10,200.00,186.92,13.08,,,SKIPPED,PERIOD_CLOSED
SH006,REC-SH006-202605-0178,2026-05-10,460.00,429.91,30.09,,,SKIPPED,PERIOD_CLOSED
SH028,REC-SH028-202605-0030,2026-05-10,1620.00,1514.02,105.98,,,SKIPPED,PERIOD_CLOSED
SH006,REC-SH006-202605-0179,2026-05-10,460.00,429.91,30.09,,,SKIPPED,PERIOD_CLOSED
SH025,REC-SH025-202605-0079,2026-05-10,240.00,224.30,15.70,,,SKIPPED,PERIOD_CLOSED
SH006,REC-SH006-202605-0180,2026-05-10,80.00,74.77,5.23,,,SKIPPED,PERIOD_CLOSED
SH028,REC-SH028-202605-0031,2026-05-10,240.00,224.30,15.70,,,SKIPPED,PERIOD_CLOSED
SH006,REC-SH006-202605-0181,2026-05-10,330.00,308.41,21.59,,,SKIPPED,PERIOD_CLOSED
SH006,REC-SH006-202605-0182,2026-05-10,150.00,140.19,9.81,,,SKIPPED,PERIOD_CLOSED
SH025,REC-SH025-202605-0080,2026-05-10,1660.00,1551.40,108.60,,,SKIPPED,PERIOD_CLOSED
SH001,REC-SH001-202605-0073,2026-05-10,1690.00,1579.44,110.56,,,SKIPPED,PERIOD_CLOSED
SH025,REC-SH025-202605-0081,2026-05-10,330.00,308.41,21.59,,,SKIPPED,PERIOD_CLOSED
SH026,REC-SH026-202605-0097,2026-05-10,330.00,308.41,21.59,,,SKIPPED,PERIOD_CLOSED
SH026,REC-SH026-202605-0098,2026-05-10,80.00,74.77,5.23,,,SKIPPED,PERIOD_CLOSED
SH001,REC-SH001-202605-0074,2026-05-10,3240.00,3028.04,211.96,,,SKIPPED,PERIOD_CLOSED
SH001,REC-SH001-202605-0075,2026-05-10,1620.00,1514.02,105.98,,,SKIPPED,PERIOD_CLOSED
SH025,REC-SH025-202605-0082,2026-05-10,80.00,74.77,5.23,,,SKIPPED,PERIOD_CLOSED
SH024,REC-SH024-202605-0064,2026-05-10,1680.00,1570.09,109.91,,,SKIPPED,PERIOD_CLOSED
SH024,REC-SH024-202605-0065,2026-05-10,330.00,308.41,21.59,,,SKIPPED,PERIOD_CLOSED
SH024,REC-SH024-202605-0066,2026-05-10,1200.00,1121.50,78.50,,,SKIPPED,PERIOD_CLOSED
SH024,REC-SH024-202605-0067,2026-05-10,1230.00,1149.53,80.47,,,SKIPPED,PERIOD_CLOSED
SH001,REC-SH001-202605-0076,2026-05-11,120.00,112.15,7.85,,,SKIPPED,PERIOD_CLOSED
SH012,REC-SH012-202605-0077,2026-05-11,130.00,121.50,8.50,,,SKIPPED,PERIOD_CLOSED
SH010,REC-SH010-202605-0094,2026-05-11,650.00,607.48,42.52,,,SKIPPED,PERIOD_CLOSED
SH026,REC-SH026-202605-0099,2026-05-11,480.00,448.60,31.40,,,SKIPPED,PERIOD_CLOSED
SH012,REC-SH012-202605-0078,2026-05-11,740.00,691.59,48.41,,,SKIPPED,PERIOD_CLOSED
SH026,REC-SH026-202605-0100,2026-05-11,80.00,74.77,5.23,,,SKIPPED,PERIOD_CLOSED
SH010,REC-SH010-202605-0095,2026-05-11,160.00,149.53,10.47,,,SKIPPED,PERIOD_CLOSED
SH025,REC-SH025-202605-0083,2026-05-11,240.00,224.30,15.70,,,SKIPPED,PERIOD_CLOSED
SH001,REC-SH001-202605-0077,2026-05-11,1600.00,1495.33,104.67,,,SKIPPED,PERIOD_CLOSED
SH001,REC-SH001-202605-0078,2026-05-11,3240.00,3028.04,211.96,,,SKIPPED,PERIOD_CLOSED
SH006,REC-SH006-202605-0183,2026-05-11,180.00,168.22,11.78,,,SKIPPED,PERIOD_CLOSED
SH025,REC-SH025-202605-0084,2026-05-11,4080.00,3813.08,266.92,,,SKIPPED,PERIOD_CLOSED
SH001,REC-SH001-202605-0079,2026-05-11,600.00,560.75,39.25,,,SKIPPED,PERIOD_CLOSED
SH026,REC-SH026-202605-0101,2026-05-11,80.00,74.77,5.23,,,SKIPPED,PERIOD_CLOSED
SH012,REC-SH012-202605-0079,2026-05-11,240.00,224.30,15.70,,,SKIPPED,PERIOD_CLOSED
SH026,REC-SH026-202605-0102,2026-05-11,120.00,112.15,7.85,,,SKIPPED,PERIOD_CLOSED
SH006,REC-SH006-202605-0184,2026-05-11,330.00,308.41,21.59,,,SKIPPED,PERIOD_CLOSED
SH006,REC-SH006-202605-0185,2026-05-11,330.00,308.41,21.59,,,SKIPPED,PERIOD_CLOSED
SH006,REC-SH006-202605-0186,2026-05-11,160.00,149.53,10.47,,,SKIPPED,PERIOD_CLOSED
SH006,REC-SH006-202605-0187,2026-05-11,80.00,74.77,5.23,,,SKIPPED,PERIOD_CLOSED
SH001,REC-SH001-202605-0080,2026-05-11,1230.00,1149.53,80.47,,,SKIPPED,PERIOD_CLOSED
SH006,REC-SH006-202605-0188,2026-05-11,80.00,74.77,5.23,,,SKIPPED,PERIOD_CLOSED
SH025,REC-SH025-202605-0085,2026-05-11,720.00,672.90,47.10,,,SKIPPED,PERIOD_CLOSED
SH001,REC-SH001-202605-0081,2026-05-11,460.00,429.91,30.09,,,SKIPPED,PERIOD_CLOSED
SH030,REC-SH030-202605-0014,2026-05-11,4430.00,4140.19,289.81,,,SKIPPED,PERIOD_CLOSED
SH025,REC-SH025-202605-0086,2026-05-11,100.00,93.46,6.54,,,SKIPPED,PERIOD_CLOSED
SH010,REC-SH010-202605-0096,2026-05-11,160.00,149.53,10.47,,,SKIPPED,PERIOD_CLOSED
SH010,REC-SH010-202605-0097,2026-05-11,160.00,149.53,10.47,,,SKIPPED,PERIOD_CLOSED
SH001,REC-SH001-202605-0082,2026-05-11,80.00,74.77,5.23,,,SKIPPED,PERIOD_CLOSED
SH012,REC-SH012-202605-0080,2026-05-11,80.00,74.77,5.23,,,SKIPPED,PERIOD_CLOSED
SH006,REC-SH006-202605-0189,2026-05-11,570.00,532.71,37.29,,,SKIPPED,PERIOD_CLOSED
SH006,REC-SH006-202605-0190,2026-05-11,3400.00,3177.57,222.43,,,SKIPPED,PERIOD_CLOSED
SH025,REC-SH025-202605-0087,2026-05-11,320.00,299.07,20.93,,,SKIPPED,PERIOD_CLOSED
SH024,REC-SH024-202605-0068,2026-05-11,130.00,121.50,8.50,,,SKIPPED,PERIOD_CLOSED
SH024,REC-SH024-202605-0069,2026-05-11,120.00,112.15,7.85,,,SKIPPED,PERIOD_CLOSED
SH028,REC-SH028-202605-0032,2026-05-11,330.00,308.41,21.59,,,SKIPPED,PERIOD_CLOSED
SH006,REC-SH006-202605-0191,2026-05-11,585.00,546.73,38.27,,,SKIPPED,PERIOD_CLOSED
SH012,REC-SH012-202605-0081,2026-05-11,450.00,420.56,29.44,,,SKIPPED,PERIOD_CLOSED
SH006,REC-SH006-202605-0192,2026-05-11,80.00,74.77,5.23,,,SKIPPED,PERIOD_CLOSED
SH010,REC-SH010-202605-0098,2026-05-11,1570.00,1467.29,102.71,,,SKIPPED,PERIOD_CLOSED
SH012,REC-SH012-202605-0082,2026-05-11,330.00,308.41,21.59,,,SKIPPED,PERIOD_CLOSED
SH012,REC-SH012-202605-0083,2026-05-11,580.00,542.06,37.94,,,SKIPPED,PERIOD_CLOSED
SH024,REC-SH024-202605-0070,2026-05-11,120.00,112.15,7.85,,,SKIPPED,PERIOD_CLOSED
SH025,REC-SH025-202605-0088,2026-05-11,200.00,186.92,13.08,,,SKIPPED,PERIOD_CLOSED
SH010,REC-SH010-202605-0099,2026-05-11,1230.00,1149.53,80.47,,,SKIPPED,PERIOD_CLOSED
SH012,REC-SH012-202605-0084,2026-05-11,120.00,112.15,7.85,,,SKIPPED,PERIOD_CLOSED
SH010,REC-SH010-202605-0100,2026-05-11,330.00,308.41,21.59,,,SKIPPED,PERIOD_CLOSED
SH012,REC-SH012-202605-0085,2026-05-11,1350.00,1261.68,88.32,,,SKIPPED,PERIOD_CLOSED
SH024,REC-SH024-202605-0071,2026-05-11,60.00,56.07,3.93,,,SKIPPED,PERIOD_CLOSED
SH010,REC-SH010-202605-0101,2026-05-11,160.00,149.53,10.47,,,SKIPPED,PERIOD_CLOSED
SH006,REC-SH006-202605-0193,2026-05-11,80.00,74.77,5.23,,,SKIPPED,PERIOD_CLOSED
SH025,REC-SH025-202605-0089,2026-05-11,60.00,56.07,3.93,,,SKIPPED,PERIOD_CLOSED
SH025,REC-SH025-202605-0090,2026-05-11,60.00,56.07,3.93,,,SKIPPED,PERIOD_CLOSED
SH006,REC-SH006-202605-0194,2026-05-11,130.00,121.50,8.50,,,SKIPPED,PERIOD_CLOSED
SH010,REC-SH010-202605-0102,2026-05-11,160.00,149.53,10.47,,,SKIPPED,PERIOD_CLOSED
SH001,REC-SH001-202605-0083,2026-05-11,1430.00,1336.45,93.55,,,SKIPPED,PERIOD_CLOSED
SH006,REC-SH006-202605-0195,2026-05-11,120.00,112.15,7.85,,,SKIPPED,PERIOD_CLOSED
SH001,REC-SH001-202605-0084,2026-05-11,1380.00,1289.72,90.28,,,SKIPPED,PERIOD_CLOSED
SH012,REC-SH012-202605-0086,2026-05-11,80.00,74.77,5.23,,,SKIPPED,PERIOD_CLOSED
SH026,REC-SH026-202605-0103,2026-05-11,160.00,149.53,10.47,,,SKIPPED,PERIOD_CLOSED
SH006,REC-SH006-202605-0196,2026-05-11,1140.00,1065.42,74.58,,,SKIPPED,PERIOD_CLOSED
SH006,REC-SH006-202605-0197,2026-05-11,120.00,112.15,7.85,,,SKIPPED,PERIOD_CLOSED
SH026,REC-SH026-202605-0104,2026-05-11,3690.00,3448.60,241.40,,,SKIPPED,PERIOD_CLOSED
SH006,REC-SH006-202605-0198,2026-05-11,200.00,186.92,13.08,,,SKIPPED,PERIOD_CLOSED
SH010,REC-SH010-202605-0103,2026-05-11,80.00,74.77,5.23,,,SKIPPED,PERIOD_CLOSED
SH012,REC-SH012-202605-0087,2026-05-11,120.00,112.15,7.85,,,SKIPPED,PERIOD_CLOSED
SH006,REC-SH006-202605-0199,2026-05-11,150.00,140.19,9.81,,,SKIPPED,PERIOD_CLOSED
SH001,REC-SH001-202605-0085,2026-05-11,1600.00,1495.33,104.67,,,SKIPPED,PERIOD_CLOSED
SH024,REC-SH024-202605-0072,2026-05-11,240.00,224.30,15.70,,,SKIPPED,PERIOD_CLOSED
SH024,REC-SH024-202605-0073,2026-05-11,370.00,345.79,24.21,,,SKIPPED,PERIOD_CLOSED
SH025,REC-SH025-202605-0091,2026-05-11,80.00,74.77,5.23,,,SKIPPED,PERIOD_CLOSED
SH025,REC-SH025-202605-0092,2026-05-11,140.00,130.84,9.16,,,SKIPPED,PERIOD_CLOSED
SH006,REC-SH006-202605-0200,2026-05-12,330.00,308.41,21.59,,,SKIPPED,PERIOD_CLOSED
SH010,REC-SH010-202605-0104,2026-05-12,320.00,299.07,20.93,,,SKIPPED,PERIOD_CLOSED
SH026,REC-SH026-202605-0105,2026-05-12,1650.00,1542.06,107.94,,,SKIPPED,PERIOD_CLOSED
SH006,REC-SH006-202605-0201,2026-05-12,1580.00,1476.64,103.36,,,SKIPPED,PERIOD_CLOSED
SH001,REC-SH001-202605-0086,2026-05-12,80.00,74.77,5.23,,,SKIPPED,PERIOD_CLOSED
SH026,REC-SH026-202605-0106,2026-05-12,120.00,112.15,7.85,,,SKIPPED,PERIOD_CLOSED
SH012,REC-SH012-202605-0088,2026-05-12,80.00,74.77,5.23,,,SKIPPED,PERIOD_CLOSED
SH006,REC-SH006-202605-0202,2026-05-12,700.00,654.21,45.79,,,SKIPPED,PERIOD_CLOSED
SH025,REC-SH025-202605-0093,2026-05-12,580.00,542.06,37.94,,,SKIPPED,PERIOD_CLOSED
SH010,REC-SH010-202605-0105,2026-05-12,1750.00,1635.51,114.49,,,SKIPPED,PERIOD_CLOSED
SH026,REC-SH026-202605-0107,2026-05-12,160.00,149.53,10.47,,,SKIPPED,PERIOD_CLOSED
SH025,REC-SH025-202605-0094,2026-05-12,120.00,112.15,7.85,,,SKIPPED,PERIOD_CLOSED
SH025,REC-SH025-202605-0095,2026-05-12,330.00,308.41,21.59,,,SKIPPED,PERIOD_CLOSED
SH001,REC-SH001-202605-0087,2026-05-12,330.00,308.41,21.59,,,SKIPPED,PERIOD_CLOSED
SH010,REC-SH010-202605-0106,2026-05-12,330.00,308.41,21.59,,,SKIPPED,PERIOD_CLOSED
SH025,REC-SH025-202605-0096,2026-05-12,120.00,112.15,7.85,,,SKIPPED,PERIOD_CLOSED
SH012,REC-SH012-202605-0089,2026-05-12,240.00,224.30,15.70,,,SKIPPED,PERIOD_CLOSED
SH028,REC-SH028-202605-0033,2026-05-12,370.00,345.79,24.21,,,SKIPPED,PERIOD_CLOSED
SH012,REC-SH012-202605-0090,2026-05-12,80.00,74.77,5.23,,,SKIPPED,PERIOD_CLOSED
SH001,REC-SH001-202605-0088,2026-05-12,3010.00,2813.08,196.92,,,SKIPPED,PERIOD_CLOSED
SH006,REC-SH006-202605-0203,2026-05-12,80.00,74.77,5.23,,,SKIPPED,PERIOD_CLOSED
SH026,REC-SH026-202605-0108,2026-05-12,120.00,112.15,7.85,,,SKIPPED,PERIOD_CLOSED
SH025,REC-SH025-202605-0097,2026-05-12,120.00,112.15,7.85,,,SKIPPED,PERIOD_CLOSED
SH001,REC-SH001-202605-0089,2026-05-12,1950.00,1822.43,127.57,,,SKIPPED,PERIOD_CLOSED
SH026,REC-SH026-202605-0109,2026-05-12,460.00,429.91,30.09,,,SKIPPED,PERIOD_CLOSED
SH001,REC-SH001-202605-0090,2026-05-12,330.00,308.41,21.59,,,SKIPPED,PERIOD_CLOSED
SH010,REC-SH010-202605-0107,2026-05-12,160.00,149.53,10.47,,,SKIPPED,PERIOD_CLOSED
SH010,REC-SH010-202605-0108,2026-05-12,330.00,308.41,21.59,,,SKIPPED,PERIOD_CLOSED
SH026,REC-SH026-202605-0110,2026-05-12,500.00,467.29,32.71,,,SKIPPED,PERIOD_CLOSED
SH024,REC-SH024-202605-0074,2026-05-12,780.00,728.97,51.03,,,SKIPPED,PERIOD_CLOSED
SH006,REC-SH006-202605-0204,2026-05-12,240.00,224.30,15.70,,,SKIPPED,PERIOD_CLOSED
SH001,REC-SH001-202605-0091,2026-05-12,1380.00,1289.72,90.28,,,SKIPPED,PERIOD_CLOSED
SH024,REC-SH024-202605-0075,2026-05-12,80.00,74.77,5.23,,,SKIPPED,PERIOD_CLOSED
SH026,REC-SH026-202605-0111,2026-05-12,320.00,299.07,20.93,,,SKIPPED,PERIOD_CLOSED
SH001,REC-SH001-202605-0092,2026-05-12,600.00,560.75,39.25,,,SKIPPED,PERIOD_CLOSED
SH024,REC-SH024-202605-0076,2026-05-12,1350.00,1261.68,88.32,,,SKIPPED,PERIOD_CLOSED
SH025,REC-SH025-202605-0098,2026-05-12,450.00,420.56,29.44,,,SKIPPED,PERIOD_CLOSED
SH026,REC-SH026-202605-0112,2026-05-12,260.00,242.99,17.01,,,SKIPPED,PERIOD_CLOSED
SH012,REC-SH012-202605-0091,2026-05-12,310.00,289.72,20.28,,,SKIPPED,PERIOD_CLOSED
SH012,REC-SH012-202605-0092,2026-05-12,80.00,74.77,5.23,,,SKIPPED,PERIOD_CLOSED
SH010,REC-SH010-202605-0109,2026-05-12,1750.00,1635.51,114.49,,,SKIPPED,PERIOD_CLOSED
SH006,REC-SH006-202605-0205,2026-05-12,3480.00,3252.34,227.66,,,SKIPPED,PERIOD_CLOSED
SH012,REC-SH012-202605-0093,2026-05-12,80.00,74.77,5.23,,,SKIPPED,PERIOD_CLOSED
SH026,REC-SH026-202605-0113,2026-05-12,1530.00,1429.91,100.09,,,SKIPPED,PERIOD_CLOSED
SH026,REC-SH026-202605-0114,2026-05-12,220.00,205.61,14.39,,,SKIPPED,PERIOD_CLOSED
SH024,REC-SH024-202605-0077,2026-05-12,240.00,224.30,15.70,,,SKIPPED,PERIOD_CLOSED
SH026,REC-SH026-202605-0115,2026-05-12,1250.00,1168.22,81.78,,,SKIPPED,PERIOD_CLOSED
SH012,REC-SH012-202605-0094,2026-05-12,400.00,373.83,26.17,,,SKIPPED,PERIOD_CLOSED
SH010,REC-SH010-202605-0110,2026-05-12,60.00,56.07,3.93,,,SKIPPED,PERIOD_CLOSED
SH010,REC-SH010-202605-0111,2026-05-12,120.00,112.15,7.85,,,SKIPPED,PERIOD_CLOSED
SH025,REC-SH025-202605-0099,2026-05-12,350.00,327.10,22.90,,,SKIPPED,PERIOD_CLOSED
SH026,REC-SH026-202605-0116,2026-05-12,1250.00,1168.22,81.78,,,SKIPPED,PERIOD_CLOSED
SH006,REC-SH006-202605-0206,2026-05-12,160.00,149.53,10.47,,,SKIPPED,PERIOD_CLOSED
SH025,REC-SH025-202605-0100,2026-05-12,160.00,149.53,10.47,,,SKIPPED,PERIOD_CLOSED
SH006,REC-SH006-202605-0207,2026-05-12,80.00,74.77,5.23,,,SKIPPED,PERIOD_CLOSED
SH006,REC-SH006-202605-0208,2026-05-12,700.00,654.21,45.79,,,SKIPPED,PERIOD_CLOSED
SH025,REC-SH025-202605-0101,2026-05-12,80.00,74.77,5.23,,,SKIPPED,PERIOD_CLOSED
SH030,REC-SH030-202605-0015,2026-05-12,2460.00,2299.07,160.93,,,SKIPPED,PERIOD_CLOSED
SH012,REC-SH012-202605-0095,2026-05-12,310.00,289.72,20.28,,,SKIPPED,PERIOD_CLOSED
SH012,REC-SH012-202605-0096,2026-05-12,130.00,121.50,8.50,,,SKIPPED,PERIOD_CLOSED
SH006,REC-SH006-202605-0209,2026-05-12,100.00,93.46,6.54,,,SKIPPED,PERIOD_CLOSED
SH024,REC-SH024-202605-0078,2026-05-12,450.00,420.56,29.44,,,SKIPPED,PERIOD_CLOSED
SH025,REC-SH025-202605-0102,2026-05-12,180.00,168.22,11.78,,,SKIPPED,PERIOD_CLOSED
SH010,REC-SH010-202605-0112,2026-05-12,1430.00,1336.45,93.55,,,SKIPPED,PERIOD_CLOSED
SH012,REC-SH012-202605-0097,2026-05-12,1620.00,1514.02,105.98,,,SKIPPED,PERIOD_CLOSED
SH006,REC-SH006-202605-0210,2026-05-12,240.00,224.30,15.70,,,SKIPPED,PERIOD_CLOSED
SH024,REC-SH024-202605-0079,2026-05-12,350.00,327.10,22.90,,,SKIPPED,PERIOD_CLOSED
SH001,REC-SH001-202605-0093,2026-05-12,80.00,74.77,5.23,,,SKIPPED,PERIOD_CLOSED
SH001,REC-SH001-202605-0094,2026-05-12,1250.00,1168.22,81.78,,,SKIPPED,PERIOD_CLOSED
SH026,REC-SH026-202605-0117,2026-05-12,320.00,299.07,20.93,,,SKIPPED,PERIOD_CLOSED
SH026,REC-SH026-202605-0118,2026-05-12,160.00,149.53,10.47,,,SKIPPED,PERIOD_CLOSED
SH001,REC-SH001-202605-0095,2026-05-13,1620.00,1514.02,105.98,,,SKIPPED,PERIOD_CLOSED
SH010,REC-SH010-202605-0113,2026-05-13,1690.00,1579.44,110.56,,,SKIPPED,PERIOD_CLOSED
SH026,REC-SH026-202605-0119,2026-05-13,80.00,74.77,5.23,,,SKIPPED,PERIOD_CLOSED
SH010,REC-SH010-202605-0114,2026-05-13,130.00,121.50,8.50,,,SKIPPED,PERIOD_CLOSED
SH030,REC-SH030-202605-0016,2026-05-13,320.00,299.07,20.93,,,SKIPPED,PERIOD_CLOSED
SH006,REC-SH006-202605-0211,2026-05-13,280.00,261.68,18.32,,,SKIPPED,PERIOD_CLOSED
SH010,REC-SH010-202605-0115,2026-05-13,410.00,383.18,26.82,,,SKIPPED,PERIOD_CLOSED
SH024,REC-SH024-202605-0080,2026-05-13,160.00,149.53,10.47,,,SKIPPED,PERIOD_CLOSED
SH026,REC-SH026-202605-0120,2026-05-13,450.00,420.56,29.44,,,SKIPPED,PERIOD_CLOSED
SH010,REC-SH010-202605-0116,2026-05-13,330.00,308.41,21.59,,,SKIPPED,PERIOD_CLOSED
SH010,REC-SH010-202605-0117,2026-05-13,80.00,74.77,5.23,,,SKIPPED,PERIOD_CLOSED
SH010,REC-SH010-202605-0118,2026-05-13,160.00,149.53,10.47,,,SKIPPED,PERIOD_CLOSED
SH010,REC-SH010-202605-0119,2026-05-13,80.00,74.77,5.23,,,SKIPPED,PERIOD_CLOSED
SH006,REC-SH006-202605-0212,2026-05-13,120.00,112.15,7.85,,,SKIPPED,PERIOD_CLOSED
SH012,REC-SH012-202605-0098,2026-05-13,2640.00,2467.29,172.71,,,SKIPPED,PERIOD_CLOSED
SH026,REC-SH026-202605-0121,2026-05-13,660.00,616.82,43.18,,,SKIPPED,PERIOD_CLOSED
SH010,REC-SH010-202605-0120,2026-05-13,4980.00,4654.21,325.79,,,SKIPPED,PERIOD_CLOSED
SH026,REC-SH026-202605-0122,2026-05-13,190.00,177.57,12.43,,,SKIPPED,PERIOD_CLOSED
SH026,REC-SH026-202605-0123,2026-05-13,450.00,420.56,29.44,,,SKIPPED,PERIOD_CLOSED
SH006,REC-SH006-202605-0213,2026-05-13,1320.00,1233.64,86.36,,,SKIPPED,PERIOD_CLOSED
SH006,REC-SH006-202605-0214,2026-05-13,450.00,420.56,29.44,,,SKIPPED,PERIOD_CLOSED
SH012,REC-SH012-202605-0099,2026-05-13,310.00,289.72,20.28,,,SKIPPED,PERIOD_CLOSED
SH010,REC-SH010-202605-0121,2026-05-13,120.00,112.15,7.85,,,SKIPPED,PERIOD_CLOSED
SH010,REC-SH010-202605-0122,2026-05-13,120.00,112.15,7.85,,,SKIPPED,PERIOD_CLOSED
SH012,REC-SH012-202605-0100,2026-05-13,780.00,728.97,51.03,,,SKIPPED,PERIOD_CLOSED
SH001,REC-SH001-202605-0096,2026-05-13,1380.00,1289.72,90.28,,,SKIPPED,PERIOD_CLOSED
SH026,REC-SH026-202605-0124,2026-05-13,240.00,224.30,15.70,,,SKIPPED,PERIOD_CLOSED
SH006,REC-SH006-202605-0215,2026-05-13,700.00,654.21,45.79,,,SKIPPED,PERIOD_CLOSED
SH006,REC-SH006-202605-0216,2026-05-13,320.00,299.07,20.93,,,SKIPPED,PERIOD_CLOSED
SH026,REC-SH026-202605-0125,2026-05-13,180.00,168.22,11.78,,,SKIPPED,PERIOD_CLOSED
SH026,REC-SH026-202605-0126,2026-05-13,120.00,112.15,7.85,,,SKIPPED,PERIOD_CLOSED
SH006,REC-SH006-202605-0217,2026-05-13,240.00,224.30,15.70,,,SKIPPED,PERIOD_CLOSED
SH006,REC-SH006-202605-0218,2026-05-13,160.00,149.53,10.47,,,SKIPPED,PERIOD_CLOSED
SH010,REC-SH010-202605-0123,2026-05-13,330.00,308.41,21.59,,,SKIPPED,PERIOD_CLOSED
SH026,REC-SH026-202605-0127,2026-05-13,240.00,224.30,15.70,,,SKIPPED,PERIOD_CLOSED
SH006,REC-SH006-202605-0219,2026-05-13,240.00,224.30,15.70,,,SKIPPED,PERIOD_CLOSED
SH006,REC-SH006-202605-0220,2026-05-13,1400.00,1308.41,91.59,,,SKIPPED,PERIOD_CLOSED
SH010,REC-SH010-202605-0124,2026-05-13,80.00,74.77,5.23,,,SKIPPED,PERIOD_CLOSED
SH010,REC-SH010-202605-0125,2026-05-13,410.00,383.18,26.82,,,SKIPPED,PERIOD_CLOSED
SH010,REC-SH010-202605-0126,2026-05-13,160.00,149.53,10.47,,,SKIPPED,PERIOD_CLOSED
SH006,REC-SH006-202605-0221,2026-05-13,240.00,224.30,15.70,,,SKIPPED,PERIOD_CLOSED
SH006,REC-SH006-202605-0222,2026-05-13,80.00,74.77,5.23,,,SKIPPED,PERIOD_CLOSED
SH001,REC-SH001-202605-0097,2026-05-13,80.00,74.77,5.23,,,SKIPPED,PERIOD_CLOSED
SH006,REC-SH006-202605-0223,2026-05-13,460.00,429.91,30.09,,,SKIPPED,PERIOD_CLOSED
SH001,REC-SH001-202605-0098,2026-05-13,1230.00,1149.53,80.47,,,SKIPPED,PERIOD_CLOSED
SH025,REC-SH025-202605-0103,2026-05-13,240.00,224.30,15.70,,,SKIPPED,PERIOD_CLOSED
SH012,REC-SH012-202605-0101,2026-05-13,190.00,177.57,12.43,,,SKIPPED,PERIOD_CLOSED
SH001,REC-SH001-202605-0099,2026-05-13,2460.00,2299.07,160.93,,,SKIPPED,PERIOD_CLOSED
SH025,REC-SH025-202605-0104,2026-05-13,989.00,924.30,64.70,,,SKIPPED,PERIOD_CLOSED
SH006,REC-SH006-202605-0224,2026-05-13,160.00,149.53,10.47,,,SKIPPED,PERIOD_CLOSED
SH025,REC-SH025-202605-0105,2026-05-13,240.00,224.30,15.70,,,SKIPPED,PERIOD_CLOSED
SH024,REC-SH024-202605-0081,2026-05-13,120.00,112.15,7.85,,,SKIPPED,PERIOD_CLOSED
SH024,REC-SH024-202605-0082,2026-05-13,200.00,186.92,13.08,,,SKIPPED,PERIOD_CLOSED
SH024,REC-SH024-202605-0083,2026-05-13,330.00,308.41,21.59,,,SKIPPED,PERIOD_CLOSED
SH024,REC-SH024-202605-0084,2026-05-13,100.00,93.46,6.54,,,SKIPPED,PERIOD_CLOSED
SH028,REC-SH028-202605-0034,2026-05-13,1250.00,1168.22,81.78,,,SKIPPED,PERIOD_CLOSED
SH012,REC-SH012-202605-0102,2026-05-13,280.00,261.68,18.32,,,SKIPPED,PERIOD_CLOSED
SH006,REC-SH006-202605-0225,2026-05-13,450.00,420.56,29.44,,,SKIPPED,PERIOD_CLOSED
SH012,REC-SH012-202605-0103,2026-05-13,460.00,429.91,30.09,,,SKIPPED,PERIOD_CLOSED
SH012,REC-SH012-202605-0104,2026-05-13,190.00,177.57,12.43,,,SKIPPED,PERIOD_CLOSED
SH001,REC-SH001-202605-0100,2026-05-13,580.00,542.06,37.94,,,SKIPPED,PERIOD_CLOSED
SH030,REC-SH030-202605-0017,2026-05-13,1250.00,1168.22,81.78,,,SKIPPED,PERIOD_CLOSED
SH030,REC-SH030-202605-0018,2026-05-13,80.00,74.77,5.23,,,SKIPPED,PERIOD_CLOSED
SH024,REC-SH024-202605-0085,2026-05-13,240.00,224.30,15.70,,,SKIPPED,PERIOD_CLOSED
SH001,REC-SH001-202605-0101,2026-05-14,660.00,616.82,43.18,,,SKIPPED,PERIOD_CLOSED
SH010,REC-SH010-202605-0127,2026-05-14,190.00,177.57,12.43,,,SKIPPED,PERIOD_CLOSED
SH026,REC-SH026-202605-0128,2026-05-14,120.00,112.15,7.85,,,SKIPPED,PERIOD_CLOSED
SH001,REC-SH001-202605-0102,2026-05-14,160.00,149.53,10.47,,,SKIPPED,PERIOD_CLOSED
SH010,REC-SH010-202605-0128,2026-05-14,1560.00,1457.94,102.06,,,SKIPPED,PERIOD_CLOSED
SH012,REC-SH012-202605-0105,2026-05-14,80.00,74.77,5.23,,,SKIPPED,PERIOD_CLOSED
SH024,REC-SH024-202605-0086,2026-05-14,320.00,299.07,20.93,,,SKIPPED,PERIOD_CLOSED
SH006,REC-SH006-202605-0226,2026-05-14,580.00,542.06,37.94,,,SKIPPED,PERIOD_CLOSED
SH024,REC-SH024-202605-0087,2026-05-14,330.00,308.41,21.59,,,SKIPPED,PERIOD_CLOSED
SH006,REC-SH006-202605-0227,2026-05-14,120.00,112.15,7.85,,,SKIPPED,PERIOD_CLOSED
SH025,REC-SH025-202605-0106,2026-05-14,160.00,149.53,10.47,,,SKIPPED,PERIOD_CLOSED
SH026,REC-SH026-202605-0129,2026-05-14,280.00,261.68,18.32,,,SKIPPED,PERIOD_CLOSED
SH026,REC-SH026-202605-0130,2026-05-14,120.00,112.15,7.85,,,SKIPPED,PERIOD_CLOSED
SH012,REC-SH012-202605-0106,2026-05-14,160.00,149.53,10.47,,,SKIPPED,PERIOD_CLOSED
SH012,REC-SH012-202605-0107,2026-05-14,980.00,915.89,64.11,,,SKIPPED,PERIOD_CLOSED
SH012,REC-SH012-202605-0108,2026-05-14,240.00,224.30,15.70,,,SKIPPED,PERIOD_CLOSED
SH026,REC-SH026-202605-0131,2026-05-14,120.00,112.15,7.85,,,SKIPPED,PERIOD_CLOSED
SH012,REC-SH012-202605-0109,2026-05-14,1230.00,1149.53,80.47,,,SKIPPED,PERIOD_CLOSED
SH030,REC-SH030-202605-0019,2026-05-14,120.00,112.15,7.85,,,SKIPPED,PERIOD_CLOSED
SH012,REC-SH012-202605-0110,2026-05-14,450.00,420.56,29.44,,,SKIPPED,PERIOD_CLOSED
SH012,REC-SH012-202605-0111,2026-05-14,450.00,420.56,29.44,,,SKIPPED,PERIOD_CLOSED
SH024,REC-SH024-202605-0088,2026-05-14,330.00,308.41,21.59,,,SKIPPED,PERIOD_CLOSED
SH001,REC-SH001-202605-0103,2026-05-14,80.00,74.77,5.23,,,SKIPPED,PERIOD_CLOSED
SH010,REC-SH010-202605-0129,2026-05-14,320.00,299.07,20.93,,,SKIPPED,PERIOD_CLOSED
SH010,REC-SH010-202605-0130,2026-05-14,1150.00,1074.77,75.23,,,SKIPPED,PERIOD_CLOSED
SH025,REC-SH025-202605-0107,2026-05-14,140.00,130.84,9.16,,,SKIPPED,PERIOD_CLOSED
SH026,REC-SH026-202605-0132,2026-05-14,500.00,467.29,32.71,,,SKIPPED,PERIOD_CLOSED
SH026,REC-SH026-202605-0133,2026-05-14,920.00,859.81,60.19,,,SKIPPED,PERIOD_CLOSED
SH024,REC-SH024-202605-0089,2026-05-14,160.00,149.53,10.47,,,SKIPPED,PERIOD_CLOSED
SH026,REC-SH026-202605-0134,2026-05-14,1250.00,1168.22,81.78,,,SKIPPED,PERIOD_CLOSED
SH026,REC-SH026-202605-0135,2026-05-14,380.00,355.14,24.86,,,SKIPPED,PERIOD_CLOSED
SH001,REC-SH001-202605-0104,2026-05-14,120.00,112.15,7.85,,,SKIPPED,PERIOD_CLOSED
SH010,REC-SH010-202605-0131,2026-05-14,460.00,429.91,30.09,,,SKIPPED,PERIOD_CLOSED
SH001,REC-SH001-202605-0105,2026-05-14,400.00,373.83,26.17,,,SKIPPED,PERIOD_CLOSED
SH001,REC-SH001-202605-0106,2026-05-14,660.00,616.82,43.18,,,SKIPPED,PERIOD_CLOSED
SH006,REC-SH006-202605-0228,2026-05-14,120.00,112.15,7.85,,,SKIPPED,PERIOD_CLOSED
SH026,REC-SH026-202605-0136,2026-05-14,120.00,112.15,7.85,,,SKIPPED,PERIOD_CLOSED
SH024,REC-SH024-202605-0090,2026-05-14,330.00,308.41,21.59,,,SKIPPED,PERIOD_CLOSED
SH010,REC-SH010-202605-0132,2026-05-14,160.00,149.53,10.47,,,SKIPPED,PERIOD_CLOSED
SH026,REC-SH026-202605-0137,2026-05-14,380.00,355.14,24.86,,,SKIPPED,PERIOD_CLOSED
SH024,REC-SH024-202605-0091,2026-05-14,120.00,112.15,7.85,,,SKIPPED,PERIOD_CLOSED
SH025,REC-SH025-202605-0108,2026-05-14,410.00,383.18,26.82,,,SKIPPED,PERIOD_CLOSED
SH001,REC-SH001-202605-0107,2026-05-14,220.00,205.61,14.39,,,SKIPPED,PERIOD_CLOSED
SH026,REC-SH026-202605-0138,2026-05-14,80.00,74.77,5.23,,,SKIPPED,PERIOD_CLOSED
SH006,REC-SH006-202605-0229,2026-05-14,240.00,224.30,15.70,,,SKIPPED,PERIOD_CLOSED
SH010,REC-SH010-202605-0133,2026-05-14,80.00,74.77,5.23,,,SKIPPED,PERIOD_CLOSED
SH026,REC-SH026-202605-0139,2026-05-14,330.00,308.41,21.59,,,SKIPPED,PERIOD_CLOSED
SH010,REC-SH010-202605-0134,2026-05-14,160.00,149.53,10.47,,,SKIPPED,PERIOD_CLOSED
SH010,REC-SH010-202605-0135,2026-05-14,160.00,149.53,10.47,,,SKIPPED,PERIOD_CLOSED
SH006,REC-SH006-202605-0230,2026-05-14,240.00,224.30,15.70,,,SKIPPED,PERIOD_CLOSED
SH006,REC-SH006-202605-0231,2026-05-14,1230.00,1149.53,80.47,,,SKIPPED,PERIOD_CLOSED
SH010,REC-SH010-202605-0136,2026-05-14,1380.00,1289.72,90.28,,,SKIPPED,PERIOD_CLOSED
SH010,REC-SH010-202605-0137,2026-05-14,80.00,74.77,5.23,,,SKIPPED,PERIOD_CLOSED
SH001,REC-SH001-202605-0108,2026-05-14,500.00,467.29,32.71,,,SKIPPED,PERIOD_CLOSED
SH012,REC-SH012-202605-0112,2026-05-14,80.00,74.77,5.23,,,SKIPPED,PERIOD_CLOSED
SH026,REC-SH026-202605-0140,2026-05-14,80.00,74.77,5.23,,,SKIPPED,PERIOD_CLOSED
SH006,REC-SH006-202605-0232,2026-05-14,200.00,186.92,13.08,,,SKIPPED,PERIOD_CLOSED
SH006,REC-SH006-202605-0233,2026-05-14,220.00,205.61,14.39,,,SKIPPED,PERIOD_CLOSED
SH024,REC-SH024-202605-0092,2026-05-14,410.00,383.18,26.82,,,SKIPPED,PERIOD_CLOSED
SH006,REC-SH006-202605-0234,2026-05-14,240.00,224.30,15.70,,,SKIPPED,PERIOD_CLOSED
SH010,REC-SH010-202605-0138,2026-05-14,100.00,93.46,6.54,,,SKIPPED,PERIOD_CLOSED
SH001,REC-SH001-202605-0109,2026-05-14,330.00,308.41,21.59,,,SKIPPED,PERIOD_CLOSED
SH025,REC-SH025-202605-0109,2026-05-14,80.00,74.77,5.23,,,SKIPPED,PERIOD_CLOSED
SH006,REC-SH006-202605-0235,2026-05-14,200.00,186.92,13.08,,,SKIPPED,PERIOD_CLOSED
SH024,REC-SH024-202605-0093,2026-05-14,1690.00,1579.44,110.56,,,SKIPPED,PERIOD_CLOSED
SH010,REC-SH010-202605-0139,2026-05-14,240.00,224.30,15.70,,,SKIPPED,PERIOD_CLOSED
SH010,REC-SH010-202605-0140,2026-05-14,30.00,28.04,1.96,,,SKIPPED,PERIOD_CLOSED
SH025,REC-SH025-202605-0110,2026-05-14,325.00,303.74,21.26,,,SKIPPED,PERIOD_CLOSED
SH006,REC-SH006-202605-0236,2026-05-15,60.00,56.07,3.93,,,SKIPPED,PERIOD_CLOSED
SH030,REC-SH030-202605-0020,2026-05-15,160.00,149.53,10.47,,,SKIPPED,PERIOD_CLOSED
SH024,REC-SH024-202605-0094,2026-05-15,80.00,74.77,5.23,,,SKIPPED,PERIOD_CLOSED
SH024,REC-SH024-202605-0095,2026-05-15,1910.00,1785.05,124.95,,,SKIPPED,PERIOD_CLOSED
SH010,REC-SH010-202605-0141,2026-05-15,330.00,308.41,21.59,,,SKIPPED,PERIOD_CLOSED
SH030,REC-SH030-202605-0021,2026-05-15,320.00,299.07,20.93,,,SKIPPED,PERIOD_CLOSED
SH010,REC-SH010-202605-0142,2026-05-15,9350.00,8738.32,611.68,,,SKIPPED,PERIOD_CLOSED
SH012,REC-SH012-202605-0113,2026-05-15,460.00,429.91,30.09,,,SKIPPED,PERIOD_CLOSED
SH006,REC-SH006-202605-0237,2026-05-15,480.00,448.60,31.40,,,SKIPPED,PERIOD_CLOSED
SH026,REC-SH026-202605-0141,2026-05-15,120.00,112.15,7.85,,,SKIPPED,PERIOD_CLOSED
SH012,REC-SH012-202605-0114,2026-05-15,120.00,112.15,7.85,,,SKIPPED,PERIOD_CLOSED
SH026,REC-SH026-202605-0142,2026-05-15,160.00,149.53,10.47,,,SKIPPED,PERIOD_CLOSED
SH024,REC-SH024-202605-0096,2026-05-15,220.00,205.61,14.39,,,SKIPPED,PERIOD_CLOSED
SH001,REC-SH001-202605-0110,2026-05-15,1620.00,1514.02,105.98,,,SKIPPED,PERIOD_CLOSED
SH001,REC-SH001-202605-0111,2026-05-15,160.00,149.53,10.47,,,SKIPPED,PERIOD_CLOSED
SH001,REC-SH001-202605-0112,2026-05-15,580.00,542.06,37.94,,,SKIPPED,PERIOD_CLOSED
SH012,REC-SH012-202605-0115,2026-05-15,580.00,542.06,37.94,,,SKIPPED,PERIOD_CLOSED
SH025,REC-SH025-202605-0111,2026-05-15,330.00,308.41,21.59,,,SKIPPED,PERIOD_CLOSED
SH025,REC-SH025-202605-0112,2026-05-15,190.00,177.57,12.43,,,SKIPPED,PERIOD_CLOSED
SH028,REC-SH028-202605-0035,2026-05-15,160.00,149.53,10.47,,,SKIPPED,PERIOD_CLOSED
SH012,REC-SH012-202605-0116,2026-05-15,60.00,56.07,3.93,,,SKIPPED,PERIOD_CLOSED
SH012,REC-SH012-202605-0117,2026-05-15,400.00,373.83,26.17,,,SKIPPED,PERIOD_CLOSED
SH025,REC-SH025-202605-0113,2026-05-15,240.00,224.30,15.70,,,SKIPPED,PERIOD_CLOSED
SH012,REC-SH012-202605-0118,2026-05-15,540.00,504.67,35.33,,,SKIPPED,PERIOD_CLOSED
SH025,REC-SH025-202605-0114,2026-05-15,190.00,177.57,12.43,,,SKIPPED,PERIOD_CLOSED
SH006,REC-SH006-202605-0238,2026-05-15,920.00,859.81,60.19,,,SKIPPED,PERIOD_CLOSED
SH028,REC-SH028-202605-0036,2026-05-15,240.00,224.30,15.70,,,SKIPPED,PERIOD_CLOSED
SH006,REC-SH006-202605-0239,2026-05-15,80.00,74.77,5.23,,,SKIPPED,PERIOD_CLOSED
SH006,REC-SH006-202605-0240,2026-05-15,120.00,112.15,7.85,,,SKIPPED,PERIOD_CLOSED
SH026,REC-SH026-202605-0143,2026-05-15,330.00,308.41,21.59,,,SKIPPED,PERIOD_CLOSED
SH026,REC-SH026-202605-0144,2026-05-15,330.00,308.41,21.59,,,SKIPPED,PERIOD_CLOSED
SH006,REC-SH006-202605-0241,2026-05-15,585.00,546.73,38.27,,,SKIPPED,PERIOD_CLOSED
SH026,REC-SH026-202605-0145,2026-05-15,360.00,336.45,23.55,,,SKIPPED,PERIOD_CLOSED
SH001,REC-SH001-202605-0113,2026-05-15,1620.00,1514.02,105.98,,,SKIPPED,PERIOD_CLOSED
SH006,REC-SH006-202605-0242,2026-05-15,325.00,303.74,21.26,,,SKIPPED,PERIOD_CLOSED
SH001,REC-SH001-202605-0114,2026-05-15,80.00,74.77,5.23,,,SKIPPED,PERIOD_CLOSED
SH001,REC-SH001-202605-0115,2026-05-15,220.00,205.61,14.39,,,SKIPPED,PERIOD_CLOSED
SH012,REC-SH012-202605-0119,2026-05-15,160.00,149.53,10.47,,,SKIPPED,PERIOD_CLOSED
SH026,REC-SH026-202605-0146,2026-05-15,460.00,429.91,30.09,,,SKIPPED,PERIOD_CLOSED
SH026,REC-SH026-202605-0147,2026-05-15,160.00,149.53,10.47,,,SKIPPED,PERIOD_CLOSED
SH006,REC-SH006-202605-0243,2026-05-15,240.00,224.30,15.70,,,SKIPPED,PERIOD_CLOSED
SH026,REC-SH026-202605-0148,2026-05-15,160.00,149.53,10.47,,,SKIPPED,PERIOD_CLOSED
SH028,REC-SH028-202605-0037,2026-05-15,80.00,74.77,5.23,,,SKIPPED,PERIOD_CLOSED
SH001,REC-SH001-202605-0116,2026-05-15,1560.00,1457.94,102.06,,,SKIPPED,PERIOD_CLOSED
SH025,REC-SH025-202605-0115,2026-05-15,989.00,924.30,64.70,,,SKIPPED,PERIOD_CLOSED
SH010,REC-SH010-202605-0143,2026-05-15,1620.00,1514.02,105.98,,,SKIPPED,PERIOD_CLOSED
SH010,REC-SH010-202605-0144,2026-05-15,3700.00,3457.94,242.06,,,SKIPPED,PERIOD_CLOSED
SH026,REC-SH026-202605-0149,2026-05-15,460.00,429.91,30.09,,,SKIPPED,PERIOD_CLOSED
SH010,REC-SH010-202605-0145,2026-05-15,80.00,74.77,5.23,,,SKIPPED,PERIOD_CLOSED
SH006,REC-SH006-202605-0244,2026-05-15,240.00,224.30,15.70,,,SKIPPED,PERIOD_CLOSED
SH010,REC-SH010-202605-0146,2026-05-15,1360.00,1271.03,88.97,,,SKIPPED,PERIOD_CLOSED
SH024,REC-SH024-202605-0097,2026-05-15,160.00,149.53,10.47,,,SKIPPED,PERIOD_CLOSED
SH001,REC-SH001-202605-0117,2026-05-15,660.00,616.82,43.18,,,SKIPPED,PERIOD_CLOSED
SH030,REC-SH030-202605-0022,2026-05-15,160.00,149.53,10.47,,,SKIPPED,PERIOD_CLOSED
SH006,REC-SH006-202605-0245,2026-05-15,80.00,74.77,5.23,,,SKIPPED,PERIOD_CLOSED
SH026,REC-SH026-202605-0150,2026-05-15,1250.00,1168.22,81.78,,,SKIPPED,PERIOD_CLOSED
SH006,REC-SH006-202605-0246,2026-05-15,325.00,303.74,21.26,,,SKIPPED,PERIOD_CLOSED
SH012,REC-SH012-202605-0120,2026-05-15,330.00,308.41,21.59,,,SKIPPED,PERIOD_CLOSED
SH006,REC-SH006-202605-0247,2026-05-15,325.00,303.74,21.26,,,SKIPPED,PERIOD_CLOSED
SH006,REC-SH006-202605-0248,2026-05-15,330.00,308.41,21.59,,,SKIPPED,PERIOD_CLOSED
SH006,REC-SH006-202605-0249,2026-05-15,60.00,56.07,3.93,,,SKIPPED,PERIOD_CLOSED
SH010,REC-SH010-202605-0147,2026-05-15,585.00,546.73,38.27,,,SKIPPED,PERIOD_CLOSED
SH010,REC-SH010-202605-0148,2026-05-15,160.00,149.53,10.47,,,SKIPPED,PERIOD_CLOSED
SH001,REC-SH001-202605-0118,2026-05-15,1320.00,1233.64,86.36,,,SKIPPED,PERIOD_CLOSED
SH001,REC-SH001-202605-0119,2026-05-15,5490.00,5130.84,359.16,,,SKIPPED,PERIOD_CLOSED
SH001,REC-SH001-202605-0120,2026-05-15,1210.00,1130.84,79.16,,,SKIPPED,PERIOD_CLOSED
SH025,REC-SH025-202605-0116,2026-05-15,160.00,149.53,10.47,,,SKIPPED,PERIOD_CLOSED
SH028,REC-SH028-202605-0038,2026-05-16,1470.00,1373.83,96.17,,,SKIPPED,PERIOD_CLOSED
SH010,REC-SH010-202605-0149,2026-05-16,1380.00,1289.72,90.28,,,SKIPPED,PERIOD_CLOSED
SH006,REC-SH006-202605-0250,2026-05-16,130.00,121.50,8.50,,,SKIPPED,PERIOD_CLOSED
SH001,REC-SH001-202605-0121,2026-05-16,160.00,149.53,10.47,,,SKIPPED,PERIOD_CLOSED
SH006,REC-SH006-202605-0251,2026-05-16,80.00,74.77,5.23,,,SKIPPED,PERIOD_CLOSED
SH030,REC-SH030-202605-0023,2026-05-16,160.00,149.53,10.47,,,SKIPPED,PERIOD_CLOSED
SH024,REC-SH024-202605-0098,2026-05-16,160.00,149.53,10.47,,,SKIPPED,PERIOD_CLOSED
SH026,REC-SH026-202605-0151,2026-05-16,80.00,74.77,5.23,,,SKIPPED,PERIOD_CLOSED
SH001,REC-SH001-202605-0122,2026-05-16,120.00,112.15,7.85,,,SKIPPED,PERIOD_CLOSED
SH010,REC-SH010-202605-0150,2026-05-16,80.00,74.77,5.23,,,SKIPPED,PERIOD_CLOSED
SH006,REC-SH006-202605-0252,2026-05-16,200.00,186.92,13.08,,,SKIPPED,PERIOD_CLOSED
SH010,REC-SH010-202605-0151,2026-05-16,420.00,392.52,27.48,,,SKIPPED,PERIOD_CLOSED
SH001,REC-SH001-202605-0123,2026-05-16,240.00,224.30,15.70,,,SKIPPED,PERIOD_CLOSED
SH006,REC-SH006-202605-0253,2026-05-16,325.00,303.74,21.26,,,SKIPPED,PERIOD_CLOSED
SH001,REC-SH001-202605-0124,2026-05-16,2500.00,2336.45,163.55,,,SKIPPED,PERIOD_CLOSED
SH025,REC-SH025-202605-0117,2026-05-16,60.00,56.07,3.93,,,SKIPPED,PERIOD_CLOSED
SH024,REC-SH024-202605-0099,2026-05-16,160.00,149.53,10.47,,,SKIPPED,PERIOD_CLOSED
SH006,REC-SH006-202605-0254,2026-05-16,120.00,112.15,7.85,,,SKIPPED,PERIOD_CLOSED
SH006,REC-SH006-202605-0255,2026-05-16,80.00,74.77,5.23,,,SKIPPED,PERIOD_CLOSED
SH001,REC-SH001-202605-0125,2026-05-16,80.00,74.77,5.23,,,SKIPPED,PERIOD_CLOSED
SH030,REC-SH030-202605-0024,2026-05-16,160.00,149.53,10.47,,,SKIPPED,PERIOD_CLOSED
SH001,REC-SH001-202605-0126,2026-05-16,1320.00,1233.64,86.36,,,SKIPPED,PERIOD_CLOSED
SH024,REC-SH024-202605-0100,2026-05-16,1320.00,1233.64,86.36,,,SKIPPED,PERIOD_CLOSED
SH012,REC-SH012-202605-0121,2026-05-16,80.00,74.77,5.23,,,SKIPPED,PERIOD_CLOSED
SH001,REC-SH001-202605-0127,2026-05-16,80.00,74.77,5.23,,,SKIPPED,PERIOD_CLOSED
SH006,REC-SH006-202605-0256,2026-05-16,920.00,859.81,60.19,,,SKIPPED,PERIOD_CLOSED
SH001,REC-SH001-202605-0128,2026-05-16,2120.00,1981.31,138.69,,,SKIPPED,PERIOD_CLOSED
SH010,REC-SH010-202605-0152,2026-05-16,600.00,560.75,39.25,,,SKIPPED,PERIOD_CLOSED
SH025,REC-SH025-202605-0118,2026-05-16,240.00,224.30,15.70,,,SKIPPED,PERIOD_CLOSED
SH010,REC-SH010-202605-0153,2026-05-16,410.00,383.18,26.82,,,SKIPPED,PERIOD_CLOSED
SH006,REC-SH006-202605-0257,2026-05-16,80.00,74.77,5.23,,,SKIPPED,PERIOD_CLOSED
SH001,REC-SH001-202605-0129,2026-05-16,120.00,112.15,7.85,,,SKIPPED,PERIOD_CLOSED
SH026,REC-SH026-202605-0152,2026-05-16,80.00,74.77,5.23,,,SKIPPED,PERIOD_CLOSED
SH026,REC-SH026-202605-0153,2026-05-16,80.00,74.77,5.23,,,SKIPPED,PERIOD_CLOSED
SH024,REC-SH024-202605-0101,2026-05-16,480.00,448.60,31.40,,,SKIPPED,PERIOD_CLOSED
SH010,REC-SH010-202605-0154,2026-05-16,80.00,74.77,5.23,,,SKIPPED,PERIOD_CLOSED
SH001,REC-SH001-202605-0130,2026-05-16,1320.00,1233.64,86.36,,,SKIPPED,PERIOD_CLOSED
SH006,REC-SH006-202605-0258,2026-05-16,80.00,74.77,5.23,,,SKIPPED,PERIOD_CLOSED
SH010,REC-SH010-202605-0155,2026-05-16,330.00,308.41,21.59,,,SKIPPED,PERIOD_CLOSED
SH006,REC-SH006-202605-0259,2026-05-16,120.00,112.15,7.85,,,SKIPPED,PERIOD_CLOSED
SH012,REC-SH012-202605-0122,2026-05-16,80.00,74.77,5.23,,,SKIPPED,PERIOD_CLOSED
SH006,REC-SH006-202605-0260,2026-05-16,240.00,224.30,15.70,,,SKIPPED,PERIOD_CLOSED
SH012,REC-SH012-202605-0123,2026-05-16,580.00,542.06,37.94,,,SKIPPED,PERIOD_CLOSED
SH026,REC-SH026-202605-0154,2026-05-16,2500.00,2336.45,163.55,,,SKIPPED,PERIOD_CLOSED
SH024,REC-SH024-202605-0102,2026-05-16,160.00,149.53,10.47,,,SKIPPED,PERIOD_CLOSED
SH001,REC-SH001-202605-0131,2026-05-16,1320.00,1233.64,86.36,,,SKIPPED,PERIOD_CLOSED
SH025,REC-SH025-202605-0119,2026-05-16,400.00,373.83,26.17,,,SKIPPED,PERIOD_CLOSED
SH012,REC-SH012-202605-0124,2026-05-16,120.00,112.15,7.85,,,SKIPPED,PERIOD_CLOSED
SH026,REC-SH026-202605-0155,2026-05-16,160.00,149.53,10.47,,,SKIPPED,PERIOD_CLOSED
SH025,REC-SH025-202605-0120,2026-05-16,80.00,74.77,5.23,,,SKIPPED,PERIOD_CLOSED
SH010,REC-SH010-202605-0156,2026-05-16,460.00,429.91,30.09,,,SKIPPED,PERIOD_CLOSED
SH012,REC-SH012-202605-0125,2026-05-16,580.00,542.06,37.94,,,SKIPPED,PERIOD_CLOSED
SH026,REC-SH026-202605-0156,2026-05-16,280.00,261.68,18.32,,,SKIPPED,PERIOD_CLOSED
SH026,REC-SH026-202605-0157,2026-05-16,80.00,74.77,5.23,,,SKIPPED,PERIOD_CLOSED
SH028,REC-SH028-202605-0039,2026-05-16,240.00,224.30,15.70,,,SKIPPED,PERIOD_CLOSED
SH012,REC-SH012-202605-0126,2026-05-16,1620.00,1514.02,105.98,,,SKIPPED,PERIOD_CLOSED
SH012,REC-SH012-202605-0127,2026-05-16,1250.00,1168.22,81.78,,,SKIPPED,PERIOD_CLOSED
SH001,REC-SH001-202605-0132,2026-05-16,680.00,635.51,44.49,,,SKIPPED,PERIOD_CLOSED
SH012,REC-SH012-202605-0128,2026-05-16,2020.00,1887.85,132.15,,,SKIPPED,PERIOD_CLOSED
SH006,REC-SH006-202605-0261,2026-05-16,140.00,130.84,9.16,,,SKIPPED,PERIOD_CLOSED
SH006,REC-SH006-202605-0262,2026-05-16,160.00,149.53,10.47,,,SKIPPED,PERIOD_CLOSED
SH006,REC-SH006-202605-0263,2026-05-16,80.00,74.77,5.23,,,SKIPPED,PERIOD_CLOSED
SH001,REC-SH001-202605-0133,2026-05-16,660.00,616.82,43.18,,,SKIPPED,PERIOD_CLOSED
SH010,REC-SH010-202605-0157,2026-05-16,160.00,149.53,10.47,,,SKIPPED,PERIOD_CLOSED
SH012,REC-SH012-202605-0129,2026-05-16,450.00,420.56,29.44,,,SKIPPED,PERIOD_CLOSED
SH026,REC-SH026-202605-0158,2026-05-16,80.00,74.77,5.23,,,SKIPPED,PERIOD_CLOSED
SH001,REC-SH001-202605-0134,2026-05-16,1580.00,1476.64,103.36,,,SKIPPED,PERIOD_CLOSED
SH006,REC-SH006-202605-0264,2026-05-16,80.00,74.77,5.23,,,SKIPPED,PERIOD_CLOSED
SH024,REC-SH024-202605-0103,2026-05-16,1320.00,1233.64,86.36,,,SKIPPED,PERIOD_CLOSED
SH025,REC-SH025-202605-0121,2026-05-16,240.00,224.30,15.70,,,SKIPPED,PERIOD_CLOSED
SH025,REC-SH025-202605-0122,2026-05-16,160.00,149.53,10.47,,,SKIPPED,PERIOD_CLOSED
SH026,REC-SH026-202605-0159,2026-05-16,1360.00,1271.03,88.97,,,SKIPPED,PERIOD_CLOSED
SH012,REC-SH012-202605-0130,2026-05-16,60.00,56.07,3.93,,,SKIPPED,PERIOD_CLOSED
SH025,REC-SH025-202605-0123,2026-05-16,650.00,607.48,42.52,,,SKIPPED,PERIOD_CLOSED
SH010,REC-SH010-202605-0158,2026-05-16,160.00,149.53,10.47,,,SKIPPED,PERIOD_CLOSED
SH006,REC-SH006-202605-0265,2026-05-16,240.00,224.30,15.70,,,SKIPPED,PERIOD_CLOSED
SH012,REC-SH012-202605-0131,2026-05-16,80.00,74.77,5.23,,,SKIPPED,PERIOD_CLOSED
SH024,REC-SH024-202605-0104,2026-05-16,240.00,224.30,15.70,,,SKIPPED,PERIOD_CLOSED
SH026,REC-SH026-202605-0160,2026-05-16,120.00,112.15,7.85,,,SKIPPED,PERIOD_CLOSED
SH025,REC-SH025-202605-0124,2026-05-16,160.00,149.53,10.47,,,SKIPPED,PERIOD_CLOSED
SH026,REC-SH026-202605-0161,2026-05-16,160.00,149.53,10.47,,,SKIPPED,PERIOD_CLOSED
SH026,REC-SH026-202605-0162,2026-05-16,460.00,429.91,30.09,,,SKIPPED,PERIOD_CLOSED
SH006,REC-SH006-202605-0266,2026-05-16,120.00,112.15,7.85,,,SKIPPED,PERIOD_CLOSED
SH006,REC-SH006-202605-0267,2026-05-16,160.00,149.53,10.47,,,SKIPPED,PERIOD_CLOSED
SH026,REC-SH026-202605-0163,2026-05-16,300.00,280.37,19.63,,,SKIPPED,PERIOD_CLOSED
SH026,REC-SH026-202605-0164,2026-05-16,400.00,373.83,26.17,,,SKIPPED,PERIOD_CLOSED
SH024,REC-SH024-202605-0105,2026-05-16,80.00,74.77,5.23,,,SKIPPED,PERIOD_CLOSED
SH010,REC-SH010-202605-0159,2026-05-17,1520.00,1420.56,99.44,,,SKIPPED,PERIOD_CLOSED
SH010,REC-SH010-202605-0160,2026-05-17,1890.00,1766.36,123.64,,,SKIPPED,PERIOD_CLOSED
SH010,REC-SH010-202605-0161,2026-05-17,160.00,149.53,10.47,,,SKIPPED,PERIOD_CLOSED
SH012,REC-SH012-202605-0132,2026-05-17,570.00,532.71,37.29,,,SKIPPED,PERIOD_CLOSED
SH025,REC-SH025-202605-0125,2026-05-17,460.00,429.91,30.09,,,SKIPPED,PERIOD_CLOSED
SH012,REC-SH012-202605-0133,2026-05-17,80.00,74.77,5.23,,,SKIPPED,PERIOD_CLOSED
SH001,REC-SH001-202605-0135,2026-05-17,220.00,205.61,14.39,,,SKIPPED,PERIOD_CLOSED
SH028,REC-SH028-202605-0040,2026-05-17,1230.00,1149.53,80.47,,,SKIPPED,PERIOD_CLOSED
SH006,REC-SH006-202605-0268,2026-05-17,330.00,308.41,21.59,,,SKIPPED,PERIOD_CLOSED
SH006,REC-SH006-202605-0269,2026-05-17,1230.00,1149.53,80.47,,,SKIPPED,PERIOD_CLOSED
SH006,REC-SH006-202605-0270,2026-05-17,450.00,420.56,29.44,,,SKIPPED,PERIOD_CLOSED
SH012,REC-SH012-202605-0134,2026-05-17,1230.00,1149.53,80.47,,,SKIPPED,PERIOD_CLOSED
SH012,REC-SH012-202605-0135,2026-05-17,330.00,308.41,21.59,,,SKIPPED,PERIOD_CLOSED
SH006,REC-SH006-202605-0271,2026-05-17,160.00,149.53,10.47,,,SKIPPED,PERIOD_CLOSED
SH001,REC-SH001-202605-0136,2026-05-17,1320.00,1233.64,86.36,,,SKIPPED,PERIOD_CLOSED
SH006,REC-SH006-202605-0272,2026-05-17,650.00,607.48,42.52,,,SKIPPED,PERIOD_CLOSED
SH026,REC-SH026-202605-0165,2026-05-17,80.00,74.77,5.23,,,SKIPPED,PERIOD_CLOSED
SH026,REC-SH026-202605-0166,2026-05-17,120.00,112.15,7.85,,,SKIPPED,PERIOD_CLOSED
SH026,REC-SH026-202605-0167,2026-05-17,80.00,74.77,5.23,,,SKIPPED,PERIOD_CLOSED
SH001,REC-SH001-202605-0137,2026-05-17,1380.00,1289.72,90.28,,,SKIPPED,PERIOD_CLOSED
SH006,REC-SH006-202605-0273,2026-05-17,240.00,224.30,15.70,,,SKIPPED,PERIOD_CLOSED
SH012,REC-SH012-202605-0136,2026-05-17,80.00,74.77,5.23,,,SKIPPED,PERIOD_CLOSED
SH006,REC-SH006-202605-0274,2026-05-17,460.00,429.91,30.09,,,SKIPPED,PERIOD_CLOSED
SH012,REC-SH012-202605-0137,2026-05-17,80.00,74.77,5.23,,,SKIPPED,PERIOD_CLOSED
SH001,REC-SH001-202605-0138,2026-05-17,580.00,542.06,37.94,,,SKIPPED,PERIOD_CLOSED
SH012,REC-SH012-202605-0138,2026-05-17,380.00,355.14,24.86,,,SKIPPED,PERIOD_CLOSED
SH001,REC-SH001-202605-0139,2026-05-17,500.00,467.29,32.71,,,SKIPPED,PERIOD_CLOSED
SH024,REC-SH024-202605-0106,2026-05-17,160.00,149.53,10.47,,,SKIPPED,PERIOD_CLOSED
SH026,REC-SH026-202605-0168,2026-05-17,80.00,74.77,5.23,,,SKIPPED,PERIOD_CLOSED
SH026,REC-SH026-202605-0169,2026-05-17,120.00,112.15,7.85,,,SKIPPED,PERIOD_CLOSED
SH012,REC-SH012-202605-0139,2026-05-17,360.00,336.45,23.55,,,SKIPPED,PERIOD_CLOSED
SH001,REC-SH001-202605-0140,2026-05-17,580.00,542.06,37.94,,,SKIPPED,PERIOD_CLOSED
SH026,REC-SH026-202605-0170,2026-05-17,120.00,112.15,7.85,,,SKIPPED,PERIOD_CLOSED
SH001,REC-SH001-202605-0141,2026-05-17,1320.00,1233.64,86.36,,,SKIPPED,PERIOD_CLOSED
SH026,REC-SH026-202605-0171,2026-05-17,120.00,112.15,7.85,,,SKIPPED,PERIOD_CLOSED
SH012,REC-SH012-202605-0140,2026-05-17,160.00,149.53,10.47,,,SKIPPED,PERIOD_CLOSED
SH010,REC-SH010-202605-0162,2026-05-17,160.00,149.53,10.47,,,SKIPPED,PERIOD_CLOSED
SH001,REC-SH001-202605-0142,2026-05-17,120.00,112.15,7.85,,,SKIPPED,PERIOD_CLOSED
SH026,REC-SH026-202605-0172,2026-05-17,80.00,74.77,5.23,,,SKIPPED,PERIOD_CLOSED
SH026,REC-SH026-202605-0173,2026-05-17,80.00,74.77,5.23,,,SKIPPED,PERIOD_CLOSED
SH012,REC-SH012-202605-0141,2026-05-17,240.00,224.30,15.70,,,SKIPPED,PERIOD_CLOSED
SH025,REC-SH025-202605-0126,2026-05-17,330.00,308.41,21.59,,,SKIPPED,PERIOD_CLOSED
SH025,REC-SH025-202605-0127,2026-05-17,120.00,112.15,7.85,,,SKIPPED,PERIOD_CLOSED
SH030,REC-SH030-202605-0025,2026-05-17,1620.00,1514.02,105.98,,,SKIPPED,PERIOD_CLOSED
SH010,REC-SH010-202605-0163,2026-05-17,2460.00,2299.07,160.93,,,SKIPPED,PERIOD_CLOSED
SH012,REC-SH012-202605-0142,2026-05-17,580.00,542.06,37.94,,,SKIPPED,PERIOD_CLOSED
SH026,REC-SH026-202605-0174,2026-05-17,380.00,355.14,24.86,,,SKIPPED,PERIOD_CLOSED
SH012,REC-SH012-202605-0143,2026-05-17,160.00,149.53,10.47,,,SKIPPED,PERIOD_CLOSED
SH010,REC-SH010-202605-0164,2026-05-17,80.00,74.77,5.23,,,SKIPPED,PERIOD_CLOSED
SH006,REC-SH006-202605-0275,2026-05-17,240.00,224.30,15.70,,,SKIPPED,PERIOD_CLOSED
SH006,REC-SH006-202605-0276,2026-05-17,580.00,542.06,37.94,,,SKIPPED,PERIOD_CLOSED
SH026,REC-SH026-202605-0175,2026-05-17,680.00,635.51,44.49,,,SKIPPED,PERIOD_CLOSED
SH012,REC-SH012-202605-0144,2026-05-17,1620.00,1514.02,105.98,,,SKIPPED,PERIOD_CLOSED
SH025,REC-SH025-202605-0128,2026-05-17,160.00,149.53,10.47,,,SKIPPED,PERIOD_CLOSED
SH025,REC-SH025-202605-0129,2026-05-17,780.00,728.97,51.03,,,SKIPPED,PERIOD_CLOSED
SH006,REC-SH006-202605-0277,2026-05-17,120.00,112.15,7.85,,,SKIPPED,PERIOD_CLOSED
SH006,REC-SH006-202605-0278,2026-05-17,80.00,74.77,5.23,,,SKIPPED,PERIOD_CLOSED
SH010,REC-SH010-202605-0165,2026-05-17,325.00,303.74,21.26,,,SKIPPED,PERIOD_CLOSED
SH006,REC-SH006-202605-0279,2026-05-17,360.00,336.45,23.55,,,SKIPPED,PERIOD_CLOSED
SH006,REC-SH006-202605-0280,2026-05-17,60.00,56.07,3.93,,,SKIPPED,PERIOD_CLOSED
SH025,REC-SH025-202605-0130,2026-05-17,160.00,149.53,10.47,,,SKIPPED,PERIOD_CLOSED
SH001,REC-SH001-202605-0143,2026-05-18,550.00,514.02,35.98,,,SKIPPED,PERIOD_CLOSED
SH026,REC-SH026-202605-0176,2026-05-18,330.00,308.41,21.59,,,SKIPPED,PERIOD_CLOSED
SH012,REC-SH012-202605-0145,2026-05-18,130.00,121.50,8.50,,,SKIPPED,PERIOD_CLOSED
SH010,REC-SH010-202605-0166,2026-05-18,1560.00,1457.94,102.06,,,SKIPPED,PERIOD_CLOSED
SH012,REC-SH012-202605-0146,2026-05-18,240.00,224.30,15.70,,,SKIPPED,PERIOD_CLOSED
SH026,REC-SH026-202605-0177,2026-05-18,1230.00,1149.53,80.47,,,SKIPPED,PERIOD_CLOSED
SH012,REC-SH012-202605-0147,2026-05-18,160.00,149.53,10.47,,,SKIPPED,PERIOD_CLOSED
SH024,REC-SH024-202605-0107,2026-05-18,600.00,560.75,39.25,,,SKIPPED,PERIOD_CLOSED
SH028,REC-SH028-202605-0041,2026-05-18,1620.00,1514.02,105.98,,,SKIPPED,PERIOD_CLOSED
SH006,REC-SH006-202605-0281,2026-05-18,80.00,74.77,5.23,,,SKIPPED,PERIOD_CLOSED
SH006,REC-SH006-202605-0282,2026-05-18,240.00,224.30,15.70,,,SKIPPED,PERIOD_CLOSED
SH026,REC-SH026-202605-0178,2026-05-18,330.00,308.41,21.59,,,SKIPPED,PERIOD_CLOSED
SH026,REC-SH026-202605-0179,2026-05-18,2480.00,2317.76,162.24,,,SKIPPED,PERIOD_CLOSED
SH028,REC-SH028-202605-0042,2026-05-18,1010.00,943.93,66.07,,,SKIPPED,PERIOD_CLOSED
SH001,REC-SH001-202605-0144,2026-05-18,1620.00,1514.02,105.98,,,SKIPPED,PERIOD_CLOSED
SH025,REC-SH025-202605-0131,2026-05-18,80.00,74.77,5.23,,,SKIPPED,PERIOD_CLOSED
SH001,REC-SH001-202605-0145,2026-05-18,480.00,448.60,31.40,,,SKIPPED,PERIOD_CLOSED
SH006,REC-SH006-202605-0283,2026-05-18,330.00,308.41,21.59,,,SKIPPED,PERIOD_CLOSED
SH026,REC-SH026-202605-0180,2026-05-18,280.00,261.68,18.32,,,SKIPPED,PERIOD_CLOSED
SH006,REC-SH006-202605-0284,2026-05-18,580.00,542.06,37.94,,,SKIPPED,PERIOD_CLOSED
SH012,REC-SH012-202605-0148,2026-05-18,2285.00,2135.51,149.49,,,SKIPPED,PERIOD_CLOSED
SH006,REC-SH006-202605-0285,2026-05-18,240.00,224.30,15.70,,,SKIPPED,PERIOD_CLOSED
SH024,REC-SH024-202605-0108,2026-05-18,330.00,308.41,21.59,,,SKIPPED,PERIOD_CLOSED
SH024,REC-SH024-202605-0109,2026-05-18,120.00,112.15,7.85,,,SKIPPED,PERIOD_CLOSED
SH026,REC-SH026-202605-0181,2026-05-18,1230.00,1149.53,80.47,,,SKIPPED,PERIOD_CLOSED
SH001,REC-SH001-202605-0146,2026-05-18,220.00,205.61,14.39,,,SKIPPED,PERIOD_CLOSED
SH001,REC-SH001-202605-0147,2026-05-18,1380.00,1289.72,90.28,,,SKIPPED,PERIOD_CLOSED
SH006,REC-SH006-202605-0286,2026-05-18,320.00,299.07,20.93,,,SKIPPED,PERIOD_CLOSED
SH001,REC-SH001-202605-0148,2026-05-18,220.00,205.61,14.39,,,SKIPPED,PERIOD_CLOSED
SH006,REC-SH006-202605-0287,2026-05-18,2870.00,2682.24,187.76,,,SKIPPED,PERIOD_CLOSED
SH010,REC-SH010-202605-0167,2026-05-18,2300.00,2149.53,150.47,,,SKIPPED,PERIOD_CLOSED
SH026,REC-SH026-202605-0182,2026-05-18,400.00,373.83,26.17,,,SKIPPED,PERIOD_CLOSED
SH001,REC-SH001-202605-0149,2026-05-18,660.00,616.82,43.18,,,SKIPPED,PERIOD_CLOSED
SH024,REC-SH024-202605-0110,2026-05-18,120.00,112.15,7.85,,,SKIPPED,PERIOD_CLOSED
SH010,REC-SH010-202605-0168,2026-05-18,1380.00,1289.72,90.28,,,SKIPPED,PERIOD_CLOSED
SH006,REC-SH006-202605-0288,2026-05-18,1340.00,1252.34,87.66,,,SKIPPED,PERIOD_CLOSED
SH006,REC-SH006-202605-0289,2026-05-18,240.00,224.30,15.70,,,SKIPPED,PERIOD_CLOSED
SH012,REC-SH012-202605-0149,2026-05-18,580.00,542.06,37.94,,,SKIPPED,PERIOD_CLOSED
SH024,REC-SH024-202605-0111,2026-05-18,120.00,112.15,7.85,,,SKIPPED,PERIOD_CLOSED
SH028,REC-SH028-202605-0043,2026-05-18,120.00,112.15,7.85,,,SKIPPED,PERIOD_CLOSED
SH025,REC-SH025-202605-0132,2026-05-18,80.00,74.77,5.23,,,SKIPPED,PERIOD_CLOSED
SH026,REC-SH026-202605-0183,2026-05-18,80.00,74.77,5.23,,,SKIPPED,PERIOD_CLOSED
SH028,REC-SH028-202605-0044,2026-05-18,330.00,308.41,21.59,,,SKIPPED,PERIOD_CLOSED
SH001,REC-SH001-202605-0150,2026-05-18,330.00,308.41,21.59,,,SKIPPED,PERIOD_CLOSED
SH012,REC-SH012-202605-0150,2026-05-18,80.00,74.77,5.23,,,SKIPPED,PERIOD_CLOSED
SH001,REC-SH001-202605-0151,2026-05-18,1380.00,1289.72,90.28,,,SKIPPED,PERIOD_CLOSED
SH026,REC-SH026-202605-0184,2026-05-18,220.00,205.61,14.39,,,SKIPPED,PERIOD_CLOSED
SH006,REC-SH006-202605-0290,2026-05-18,330.00,308.41,21.59,,,SKIPPED,PERIOD_CLOSED
SH001,REC-SH001-202605-0152,2026-05-18,580.00,542.06,37.94,,,SKIPPED,PERIOD_CLOSED
SH028,REC-SH028-202605-0045,2026-05-18,1320.00,1233.64,86.36,,,SKIPPED,PERIOD_CLOSED
SH026,REC-SH026-202605-0185,2026-05-18,120.00,112.15,7.85,,,SKIPPED,PERIOD_CLOSED
SH010,REC-SH010-202605-0169,2026-05-18,80.00,74.77,5.23,,,SKIPPED,PERIOD_CLOSED
SH006,REC-SH006-202605-0291,2026-05-18,160.00,149.53,10.47,,,SKIPPED,PERIOD_CLOSED
SH006,REC-SH006-202605-0292,2026-05-18,330.00,308.41,21.59,,,SKIPPED,PERIOD_CLOSED
SH025,REC-SH025-202605-0133,2026-05-18,400.00,373.83,26.17,,,SKIPPED,PERIOD_CLOSED
SH001,REC-SH001-202605-0153,2026-05-18,680.00,635.51,44.49,,,SKIPPED,PERIOD_CLOSED
SH012,REC-SH012-202605-0151,2026-05-18,80.00,74.77,5.23,,,SKIPPED,PERIOD_CLOSED
SH010,REC-SH010-202605-0170,2026-05-18,2460.00,2299.07,160.93,,,SKIPPED,PERIOD_CLOSED
SH025,REC-SH025-202605-0134,2026-05-18,160.00,149.53,10.47,,,SKIPPED,PERIOD_CLOSED
SH001,REC-SH001-202605-0154,2026-05-18,330.00,308.41,21.59,,,SKIPPED,PERIOD_CLOSED
SH006,REC-SH006-202605-0293,2026-05-18,1560.00,1457.94,102.06,,,SKIPPED,PERIOD_CLOSED
SH006,REC-SH006-202605-0294,2026-05-18,60.00,56.07,3.93,,,SKIPPED,PERIOD_CLOSED
SH026,REC-SH026-202605-0186,2026-05-18,120.00,112.15,7.85,,,SKIPPED,PERIOD_CLOSED
SH010,REC-SH010-202605-0171,2026-05-18,240.00,224.30,15.70,,,SKIPPED,PERIOD_CLOSED
SH001,REC-SH001-202605-0155,2026-05-18,4800.00,4485.98,314.02,,,SKIPPED,PERIOD_CLOSED
SH028,REC-SH028-202605-0046,2026-05-18,330.00,308.41,21.59,,,SKIPPED,PERIOD_CLOSED
SH006,REC-SH006-202605-0296,2026-05-18,0.00,0.00,0.00,,,SKIPPED,MISSING_POSTING_DATA
SH006,REC-SH006-202605-0295,2026-05-18,280.00,261.68,18.32,,,SKIPPED,PERIOD_CLOSED
SH030,REC-SH030-202605-0026,2026-05-18,2460.00,2299.07,160.93,,,SKIPPED,PERIOD_CLOSED
SH006,REC-SH006-202605-0297,2026-05-18,160.00,149.53,10.47,,,SKIPPED,PERIOD_CLOSED
SH012,REC-SH012-202605-0152,2026-05-18,190.00,177.57,12.43,,,SKIPPED,PERIOD_CLOSED
SH024,REC-SH024-202605-0112,2026-05-18,120.00,112.15,7.85,,,SKIPPED,PERIOD_CLOSED
SH025,REC-SH025-202605-0135,2026-05-18,380.00,355.14,24.86,,,SKIPPED,PERIOD_CLOSED
SH025,REC-SH025-202605-0136,2026-05-18,320.00,299.07,20.93,,,SKIPPED,PERIOD_CLOSED
SH025,REC-SH025-202605-0137,2026-05-18,160.00,149.53,10.47,,,SKIPPED,PERIOD_CLOSED
SH010,REC-SH010-202605-0172,2026-05-18,480.00,448.60,31.40,,,SKIPPED,PERIOD_CLOSED
SH025,REC-SH025-202605-0138,2026-05-19,650.00,607.48,42.52,,,SKIPPED,PERIOD_CLOSED
SH026,REC-SH026-202605-0187,2026-05-19,120.00,112.15,7.85,,,SKIPPED,PERIOD_CLOSED
SH006,REC-SH006-202605-0298,2026-05-19,80.00,74.77,5.23,,,SKIPPED,PERIOD_CLOSED
SH025,REC-SH025-202605-0139,2026-05-19,240.00,224.30,15.70,,,SKIPPED,PERIOD_CLOSED
SH012,REC-SH012-202605-0153,2026-05-19,160.00,149.53,10.47,,,SKIPPED,PERIOD_CLOSED
SH026,REC-SH026-202605-0188,2026-05-19,160.00,149.53,10.47,,,SKIPPED,PERIOD_CLOSED
SH024,REC-SH024-202605-0113,2026-05-19,1700.00,1588.79,111.21,,,SKIPPED,PERIOD_CLOSED
SH010,REC-SH010-202605-0173,2026-05-19,120.00,112.15,7.85,,,SKIPPED,PERIOD_CLOSED
SH012,REC-SH012-202605-0154,2026-05-19,1620.00,1514.02,105.98,,,SKIPPED,PERIOD_CLOSED
SH012,REC-SH012-202605-0155,2026-05-19,2285.00,2135.51,149.49,,,SKIPPED,PERIOD_CLOSED
SH026,REC-SH026-202605-0189,2026-05-19,280.00,261.68,18.32,,,SKIPPED,PERIOD_CLOSED
SH010,REC-SH010-202605-0174,2026-05-19,410.00,383.18,26.82,,,SKIPPED,PERIOD_CLOSED
SH001,REC-SH001-202605-0156,2026-05-19,1250.00,1168.22,81.78,,,SKIPPED,PERIOD_CLOSED
SH025,REC-SH025-202605-0140,2026-05-19,580.00,542.06,37.94,,,SKIPPED,PERIOD_CLOSED
SH006,REC-SH006-202605-0299,2026-05-19,900.00,841.12,58.88,,,SKIPPED,PERIOD_CLOSED
SH010,REC-SH010-202605-0175,2026-05-19,330.00,308.41,21.59,,,SKIPPED,PERIOD_CLOSED
SH025,REC-SH025-202605-0141,2026-05-19,80.00,74.77,5.23,,,SKIPPED,PERIOD_CLOSED
SH006,REC-SH006-202605-0300,2026-05-19,60.00,56.07,3.93,,,SKIPPED,PERIOD_CLOSED
SH006,REC-SH006-202605-0301,2026-05-19,580.00,542.06,37.94,,,SKIPPED,PERIOD_CLOSED
SH006,REC-SH006-202605-0302,2026-05-19,120.00,112.15,7.85,,,SKIPPED,PERIOD_CLOSED
SH006,REC-SH006-202605-0303,2026-05-19,450.00,420.56,29.44,,,SKIPPED,PERIOD_CLOSED
SH010,REC-SH010-202605-0176,2026-05-19,2760.00,2579.44,180.56,,,SKIPPED,PERIOD_CLOSED
SH025,REC-SH025-202605-0142,2026-05-19,60.00,56.07,3.93,,,SKIPPED,PERIOD_CLOSED
SH012,REC-SH012-202605-0156,2026-05-19,1250.00,1168.22,81.78,,,SKIPPED,PERIOD_CLOSED
SH010,REC-SH010-202605-0177,2026-05-19,1380.00,1289.72,90.28,,,SKIPPED,PERIOD_CLOSED
SH026,REC-SH026-202605-0190,2026-05-19,400.00,373.83,26.17,,,SKIPPED,PERIOD_CLOSED
SH010,REC-SH010-202605-0178,2026-05-19,80.00,74.77,5.23,,,SKIPPED,PERIOD_CLOSED
SH012,REC-SH012-202605-0157,2026-05-19,240.00,224.30,15.70,,,SKIPPED,PERIOD_CLOSED
SH001,REC-SH001-202605-0157,2026-05-19,370.00,345.79,24.21,,,SKIPPED,PERIOD_CLOSED
SH025,REC-SH025-202605-0143,2026-05-19,240.00,224.30,15.70,,,SKIPPED,PERIOD_CLOSED
SH010,REC-SH010-202605-0179,2026-05-19,23250.00,21728.97,1521.03,,,SKIPPED,PERIOD_CLOSED
SH001,REC-SH001-202605-0158,2026-05-19,80.00,74.77,5.23,,,SKIPPED,PERIOD_CLOSED
SH010,REC-SH010-202605-0180,2026-05-19,1750.00,1635.51,114.49,,,SKIPPED,PERIOD_CLOSED
SH001,REC-SH001-202605-0159,2026-05-19,780.00,728.97,51.03,,,SKIPPED,PERIOD_CLOSED
SH006,REC-SH006-202605-0304,2026-05-19,2960.00,2766.36,193.64,,,SKIPPED,PERIOD_CLOSED
SH010,REC-SH010-202605-0181,2026-05-19,160.00,149.53,10.47,,,SKIPPED,PERIOD_CLOSED
SH001,REC-SH001-202605-0160,2026-05-19,120.00,112.15,7.85,,,SKIPPED,PERIOD_CLOSED
SH006,REC-SH006-202605-0305,2026-05-19,580.00,542.06,37.94,,,SKIPPED,PERIOD_CLOSED
SH026,REC-SH026-202605-0191,2026-05-19,200.00,186.92,13.08,,,SKIPPED,PERIOD_CLOSED
SH024,REC-SH024-202605-0114,2026-05-19,380.00,355.14,24.86,,,SKIPPED,PERIOD_CLOSED
SH006,REC-SH006-202605-0306,2026-05-19,1100.00,1028.04,71.96,,,SKIPPED,PERIOD_CLOSED
SH024,REC-SH024-202605-0115,2026-05-19,280.00,261.68,18.32,,,SKIPPED,PERIOD_CLOSED
SH010,REC-SH010-202605-0182,2026-05-19,2460.00,2299.07,160.93,,,SKIPPED,PERIOD_CLOSED
SH006,REC-SH006-202605-0307,2026-05-19,325.00,303.74,21.26,,,SKIPPED,PERIOD_CLOSED
SH026,REC-SH026-202605-0192,2026-05-19,160.00,149.53,10.47,,,SKIPPED,PERIOD_CLOSED
SH006,REC-SH006-202605-0308,2026-05-19,460.00,429.91,30.09,,,SKIPPED,PERIOD_CLOSED
SH010,REC-SH010-202605-0183,2026-05-19,160.00,149.53,10.47,,,SKIPPED,PERIOD_CLOSED
SH030,REC-SH030-202605-0027,2026-05-19,80.00,74.77,5.23,,,SKIPPED,PERIOD_CLOSED
SH010,REC-SH010-202605-0184,2026-05-19,160.00,149.53,10.47,,,SKIPPED,PERIOD_CLOSED
SH025,REC-SH025-202605-0144,2026-05-19,120.00,112.15,7.85,,,SKIPPED,PERIOD_CLOSED
SH025,REC-SH025-202605-0145,2026-05-19,660.00,616.82,43.18,,,SKIPPED,PERIOD_CLOSED
SH010,REC-SH010-202605-0185,2026-05-19,320.00,299.07,20.93,,,SKIPPED,PERIOD_CLOSED
SH001,REC-SH001-202605-0161,2026-05-19,80.00,74.77,5.23,,,SKIPPED,PERIOD_CLOSED
SH010,REC-SH010-202605-0186,2026-05-19,1560.00,1457.94,102.06,,,SKIPPED,PERIOD_CLOSED
SH010,REC-SH010-202605-0187,2026-05-19,2460.00,2299.07,160.93,,,SKIPPED,PERIOD_CLOSED
SH026,REC-SH026-202605-0193,2026-05-19,460.00,429.91,30.09,,,SKIPPED,PERIOD_CLOSED
SH001,REC-SH001-202605-0162,2026-05-19,330.00,308.41,21.59,,,SKIPPED,PERIOD_CLOSED
SH010,REC-SH010-202605-0188,2026-05-19,2050.00,1915.89,134.11,,,SKIPPED,PERIOD_CLOSED
SH025,REC-SH025-202605-0146,2026-05-19,380.00,355.14,24.86,,,SKIPPED,PERIOD_CLOSED
SH010,REC-SH010-202605-0189,2026-05-19,240.00,224.30,15.70,,,SKIPPED,PERIOD_CLOSED
SH025,REC-SH025-202605-0147,2026-05-19,120.00,112.15,7.85,,,SKIPPED,PERIOD_CLOSED
SH006,REC-SH006-202605-0309,2026-05-19,120.00,112.15,7.85,,,SKIPPED,PERIOD_CLOSED
SH028,REC-SH028-202605-0047,2026-05-19,2680.00,2504.67,175.33,,,SKIPPED,PERIOD_CLOSED
SH025,REC-SH025-202605-0148,2026-05-19,160.00,149.53,10.47,,,SKIPPED,PERIOD_CLOSED
SH025,REC-SH025-202605-0149,2026-05-19,140.00,130.84,9.16,,,SKIPPED,PERIOD_CLOSED
SH001,REC-SH001-202605-0163,2026-05-19,1320.00,1233.64,86.36,,,SKIPPED,PERIOD_CLOSED
SH025,REC-SH025-202605-0150,2026-05-20,120.00,112.15,7.85,,,SKIPPED,PERIOD_CLOSED
SH010,REC-SH010-202605-0190,2026-05-20,2760.00,2579.44,180.56,,,SKIPPED,PERIOD_CLOSED
SH001,REC-SH001-202605-0164,2026-05-20,4860.00,4542.06,317.94,,,SKIPPED,PERIOD_CLOSED
SH028,REC-SH028-202605-0048,2026-05-20,120.00,112.15,7.85,,,SKIPPED,PERIOD_CLOSED
SH006,REC-SH006-202605-0310,2026-05-20,1080.00,1009.35,70.65,,,SKIPPED,PERIOD_CLOSED
SH025,REC-SH025-202605-0151,2026-05-20,60.00,56.07,3.93,,,SKIPPED,PERIOD_CLOSED
SH026,REC-SH026-202605-0194,2026-05-20,460.00,429.91,30.09,,,SKIPPED,PERIOD_CLOSED
SH024,REC-SH024-202605-0116,2026-05-20,330.00,308.41,21.59,,,SKIPPED,PERIOD_CLOSED
SH006,REC-SH006-202605-0311,2026-05-20,120.00,112.15,7.85,,,SKIPPED,PERIOD_CLOSED
SH006,REC-SH006-202605-0312,2026-05-20,460.00,429.91,30.09,,,SKIPPED,PERIOD_CLOSED
SH026,REC-SH026-202605-0195,2026-05-20,80.00,74.77,5.23,,,SKIPPED,PERIOD_CLOSED
SH026,REC-SH026-202605-0196,2026-05-20,120.00,112.15,7.85,,,SKIPPED,PERIOD_CLOSED
SH001,REC-SH001-202605-0165,2026-05-20,1320.00,1233.64,86.36,,,SKIPPED,PERIOD_CLOSED
SH012,REC-SH012-202605-0158,2026-05-20,120.00,112.15,7.85,,,SKIPPED,PERIOD_CLOSED
SH010,REC-SH010-202605-0191,2026-05-20,680.00,635.51,44.49,,,SKIPPED,PERIOD_CLOSED
SH026,REC-SH026-202605-0197,2026-05-20,450.00,420.56,29.44,,,SKIPPED,PERIOD_CLOSED
SH001,REC-SH001-202605-0166,2026-05-20,2280.00,2130.84,149.16,,,SKIPPED,PERIOD_CLOSED
SH026,REC-SH026-202605-0198,2026-05-20,560.00,523.36,36.64,,,SKIPPED,PERIOD_CLOSED
SH012,REC-SH012-202605-0159,2026-05-20,480.00,448.60,31.40,,,SKIPPED,PERIOD_CLOSED
SH001,REC-SH001-202605-0167,2026-05-20,1380.00,1289.72,90.28,,,SKIPPED,PERIOD_CLOSED
SH030,REC-SH030-202605-0028,2026-05-20,240.00,224.30,15.70,,,SKIPPED,PERIOD_CLOSED
SH010,REC-SH010-202605-0192,2026-05-20,585.00,546.73,38.27,,,SKIPPED,PERIOD_CLOSED
SH010,REC-SH010-202605-0193,2026-05-20,330.00,308.41,21.59,,,SKIPPED,PERIOD_CLOSED
SH024,REC-SH024-202605-0117,2026-05-20,80.00,74.77,5.23,,,SKIPPED,PERIOD_CLOSED
SH024,REC-SH024-202605-0118,2026-05-20,380.00,355.14,24.86,,,SKIPPED,PERIOD_CLOSED
SH001,REC-SH001-202605-0168,2026-05-20,80.00,74.77,5.23,,,SKIPPED,PERIOD_CLOSED
SH026,REC-SH026-202605-0199,2026-05-20,1650.00,1542.06,107.94,,,SKIPPED,PERIOD_CLOSED
SH012,REC-SH012-202605-0160,2026-05-20,1320.00,1233.64,86.36,,,SKIPPED,PERIOD_CLOSED
SH010,REC-SH010-202605-0194,2026-05-20,820.00,766.36,53.64,,,SKIPPED,PERIOD_CLOSED
SH012,REC-SH012-202605-0161,2026-05-20,4510.00,4214.95,295.05,,,SKIPPED,PERIOD_CLOSED
SH001,REC-SH001-202605-0169,2026-05-20,80.00,74.77,5.23,,,SKIPPED,PERIOD_CLOSED
SH026,REC-SH026-202605-0200,2026-05-20,60.00,56.07,3.93,,,SKIPPED,PERIOD_CLOSED
SH025,REC-SH025-202605-0152,2026-05-20,240.00,224.30,15.70,,,SKIPPED,PERIOD_CLOSED
SH006,REC-SH006-202605-0313,2026-05-20,240.00,224.30,15.70,,,SKIPPED,PERIOD_CLOSED
SH001,REC-SH001-202605-0170,2026-05-20,370.00,345.79,24.21,,,SKIPPED,PERIOD_CLOSED
SH026,REC-SH026-202605-0201,2026-05-20,450.00,420.56,29.44,,,SKIPPED,PERIOD_CLOSED
SH001,REC-SH001-202605-0171,2026-05-20,220.00,205.61,14.39,,,SKIPPED,PERIOD_CLOSED
SH006,REC-SH006-202605-0314,2026-05-20,240.00,224.30,15.70,,,SKIPPED,PERIOD_CLOSED
SH026,REC-SH026-202605-0202,2026-05-20,370.00,345.79,24.21,,,SKIPPED,PERIOD_CLOSED
SH001,REC-SH001-202605-0172,2026-05-20,2460.00,2299.07,160.93,,,SKIPPED,PERIOD_CLOSED
SH001,REC-SH001-202605-0173,2026-05-20,80.00,74.77,5.23,,,SKIPPED,PERIOD_CLOSED
SH006,REC-SH006-202605-0315,2026-05-20,240.00,224.30,15.70,,,SKIPPED,PERIOD_CLOSED
SH026,REC-SH026-202605-0203,2026-05-20,450.00,420.56,29.44,,,SKIPPED,PERIOD_CLOSED
SH028,REC-SH028-202605-0049,2026-05-20,1470.00,1373.83,96.17,,,SKIPPED,PERIOD_CLOSED
SH006,REC-SH006-202605-0316,2026-05-20,1230.00,1149.53,80.47,,,SKIPPED,PERIOD_CLOSED
SH012,REC-SH012-202605-0162,2026-05-20,390.00,364.49,25.51,,,SKIPPED,PERIOD_CLOSED
SH025,REC-SH025-202605-0153,2026-05-20,560.00,523.36,36.64,,,SKIPPED,PERIOD_CLOSED
SH010,REC-SH010-202605-0195,2026-05-20,30.00,28.04,1.96,,,SKIPPED,PERIOD_CLOSED
SH006,REC-SH006-202605-0317,2026-05-20,120.00,112.15,7.85,,,SKIPPED,PERIOD_CLOSED
SH010,REC-SH010-202605-0196,2026-05-20,480.00,448.60,31.40,,,SKIPPED,PERIOD_CLOSED
SH030,REC-SH030-202605-0029,2026-05-20,160.00,149.53,10.47,,,SKIPPED,PERIOD_CLOSED
SH001,REC-SH001-202605-0174,2026-05-20,3330.00,3112.15,217.85,,,SKIPPED,PERIOD_CLOSED
SH006,REC-SH006-202605-0318,2026-05-20,585.00,546.73,38.27,,,SKIPPED,PERIOD_CLOSED
SH025,REC-SH025-202605-0154,2026-05-20,480.00,448.60,31.40,,,SKIPPED,PERIOD_CLOSED
SH026,REC-SH026-202605-0204,2026-05-20,80.00,74.77,5.23,,,SKIPPED,PERIOD_CLOSED
SH006,REC-SH006-202605-0319,2026-05-20,120.00,112.15,7.85,,,SKIPPED,PERIOD_CLOSED
SH026,REC-SH026-202605-0205,2026-05-20,120.00,112.15,7.85,,,SKIPPED,PERIOD_CLOSED
SH010,REC-SH010-202605-0197,2026-05-20,330.00,308.41,21.59,,,SKIPPED,PERIOD_CLOSED
SH026,REC-SH026-202605-0206,2026-05-20,380.00,355.14,24.86,,,SKIPPED,PERIOD_CLOSED
SH010,REC-SH010-202605-0198,2026-05-20,1070.00,1000.00,70.00,,,SKIPPED,PERIOD_CLOSED
SH001,REC-SH001-202605-0175,2026-05-20,380.00,355.14,24.86,,,SKIPPED,PERIOD_CLOSED
SH006,REC-SH006-202605-0320,2026-05-20,160.00,149.53,10.47,,,SKIPPED,PERIOD_CLOSED
SH024,REC-SH024-202605-0119,2026-05-20,80.00,74.77,5.23,,,SKIPPED,PERIOD_CLOSED
SH024,REC-SH024-202605-0120,2026-05-20,450.00,420.56,29.44,,,SKIPPED,PERIOD_CLOSED
SH024,REC-SH024-202605-0121,2026-05-20,60.00,56.07,3.93,,,SKIPPED,PERIOD_CLOSED
SH025,REC-SH025-202605-0155,2026-05-20,160.00,149.53,10.47,,,SKIPPED,PERIOD_CLOSED
SH006,REC-SH006-202605-0321,2026-05-20,120.00,112.15,7.85,,,SKIPPED,PERIOD_CLOSED
SH001,REC-SH001-202605-0176,2026-05-20,330.00,308.41,21.59,,,SKIPPED,PERIOD_CLOSED
SH025,REC-SH025-202605-0156,2026-05-20,190.00,177.57,12.43,,,SKIPPED,PERIOD_CLOSED
SH025,REC-SH025-202605-0157,2026-05-20,325.00,303.74,21.26,,,SKIPPED,PERIOD_CLOSED
SH012,REC-SH012-202605-0163,2026-05-21,580.00,542.06,37.94,,,SKIPPED,PERIOD_CLOSED
SH012,REC-SH012-202605-0164,2026-05-21,200.00,186.92,13.08,,,SKIPPED,PERIOD_CLOSED
SH001,REC-SH001-202605-0177,2026-05-21,1250.00,1168.22,81.78,,,SKIPPED,PERIOD_CLOSED
SH028,REC-SH028-202605-0050,2026-05-21,4920.00,4598.13,321.87,,,SKIPPED,PERIOD_CLOSED
SH006,REC-SH006-202605-0322,2026-05-21,2500.00,2336.45,163.55,,,SKIPPED,PERIOD_CLOSED
SH025,REC-SH025-202605-0158,2026-05-21,80.00,74.77,5.23,,,SKIPPED,PERIOD_CLOSED
SH024,REC-SH024-202605-0122,2026-05-21,1620.00,1514.02,105.98,,,SKIPPED,PERIOD_CLOSED
SH001,REC-SH001-202605-0178,2026-05-21,5250.00,4906.54,343.46,,,SKIPPED,PERIOD_CLOSED
SH010,REC-SH010-202605-0199,2026-05-21,60.00,56.07,3.93,,,SKIPPED,PERIOD_CLOSED
SH025,REC-SH025-202605-0159,2026-05-21,320.00,299.07,20.93,,,SKIPPED,PERIOD_CLOSED
SH006,REC-SH006-202605-0323,2026-05-21,240.00,224.30,15.70,,,SKIPPED,PERIOD_CLOSED
SH012,REC-SH012-202605-0165,2026-05-21,1100.00,1028.04,71.96,,,SKIPPED,PERIOD_CLOSED
SH006,REC-SH006-202605-0324,2026-05-21,450.00,420.56,29.44,,,SKIPPED,PERIOD_CLOSED
SH006,REC-SH006-202605-0325,2026-05-21,240.00,224.30,15.70,,,SKIPPED,PERIOD_CLOSED
SH006,REC-SH006-202605-0326,2026-05-21,2500.00,2336.45,163.55,,,SKIPPED,PERIOD_CLOSED
SH001,REC-SH001-202605-0179,2026-05-21,220.00,205.61,14.39,,,SKIPPED,PERIOD_CLOSED
SH024,REC-SH024-202605-0123,2026-05-21,120.00,112.15,7.85,,,SKIPPED,PERIOD_CLOSED
SH026,REC-SH026-202605-0207,2026-05-21,120.00,112.15,7.85,,,SKIPPED,PERIOD_CLOSED
SH001,REC-SH001-202605-0180,2026-05-21,160.00,149.53,10.47,,,SKIPPED,PERIOD_CLOSED
SH006,REC-SH006-202605-0327,2026-05-21,160.00,149.53,10.47,,,SKIPPED,PERIOD_CLOSED
SH012,REC-SH012-202605-0166,2026-05-21,460.00,429.91,30.09,,,SKIPPED,PERIOD_CLOSED
SH010,REC-SH010-202605-0200,2026-05-21,180.00,168.22,11.78,,,SKIPPED,PERIOD_CLOSED
SH024,REC-SH024-202605-0124,2026-05-21,330.00,308.41,21.59,,,SKIPPED,PERIOD_CLOSED
SH026,REC-SH026-202605-0208,2026-05-21,240.00,224.30,15.70,,,SKIPPED,PERIOD_CLOSED
SH001,REC-SH001-202605-0181,2026-05-21,80.00,74.77,5.23,,,SKIPPED,PERIOD_CLOSED
SH001,REC-SH001-202605-0182,2026-05-21,240.00,224.30,15.70,,,SKIPPED,PERIOD_CLOSED
SH010,REC-SH010-202605-0201,2026-05-21,1280.00,1196.26,83.74,,,SKIPPED,PERIOD_CLOSED
SH001,REC-SH001-202605-0183,2026-05-21,350.00,327.10,22.90,,,SKIPPED,PERIOD_CLOSED
SH024,REC-SH024-202605-0125,2026-05-21,160.00,149.53,10.47,,,SKIPPED,PERIOD_CLOSED
SH010,REC-SH010-202605-0202,2026-05-21,80.00,74.77,5.23,,,SKIPPED,PERIOD_CLOSED
SH006,REC-SH006-202605-0328,2026-05-21,80.00,74.77,5.23,,,SKIPPED,PERIOD_CLOSED
SH025,REC-SH025-202605-0160,2026-05-21,540.00,504.67,35.33,,,SKIPPED,PERIOD_CLOSED
SH030,REC-SH030-202605-0030,2026-05-21,740.00,691.59,48.41,,,SKIPPED,PERIOD_CLOSED
SH006,REC-SH006-202605-0329,2026-05-21,330.00,308.41,21.59,,,SKIPPED,PERIOD_CLOSED
SH012,REC-SH012-202605-0167,2026-05-21,160.00,149.53,10.47,,,SKIPPED,PERIOD_CLOSED
SH026,REC-SH026-202605-0209,2026-05-21,240.00,224.30,15.70,,,SKIPPED,PERIOD_CLOSED
SH001,REC-SH001-202605-0184,2026-05-21,760.00,710.28,49.72,,,SKIPPED,PERIOD_CLOSED
SH030,REC-SH030-202605-0031,2026-05-21,160.00,149.53,10.47,,,SKIPPED,PERIOD_CLOSED
SH026,REC-SH026-202605-0210,2026-05-21,240.00,224.30,15.70,,,SKIPPED,PERIOD_CLOSED
SH012,REC-SH012-202605-0168,2026-05-21,140.00,130.84,9.16,,,SKIPPED,PERIOD_CLOSED
SH025,REC-SH025-202605-0161,2026-05-21,240.00,224.30,15.70,,,SKIPPED,PERIOD_CLOSED
SH010,REC-SH010-202605-0203,2026-05-21,80.00,74.77,5.23,,,SKIPPED,PERIOD_CLOSED
SH026,REC-SH026-202605-0211,2026-05-21,1140.00,1065.42,74.58,,,SKIPPED,PERIOD_CLOSED
SH006,REC-SH006-202605-0330,2026-05-21,240.00,224.30,15.70,,,SKIPPED,PERIOD_CLOSED
SH006,REC-SH006-202605-0331,2026-05-21,1380.00,1289.72,90.28,,,SKIPPED,PERIOD_CLOSED
SH026,REC-SH026-202605-0212,2026-05-21,120.00,112.15,7.85,,,SKIPPED,PERIOD_CLOSED
SH006,REC-SH006-202605-0332,2026-05-21,240.00,224.30,15.70,,,SKIPPED,PERIOD_CLOSED
SH026,REC-SH026-202605-0213,2026-05-21,1930.00,1803.74,126.26,,,SKIPPED,PERIOD_CLOSED
SH010,REC-SH010-202605-0204,2026-05-21,2000.00,1869.16,130.84,,,SKIPPED,PERIOD_CLOSED
SH026,REC-SH026-202605-0214,2026-05-21,480.00,448.60,31.40,,,SKIPPED,PERIOD_CLOSED
SH001,REC-SH001-202605-0185,2026-05-21,870.00,813.08,56.92,,,SKIPPED,PERIOD_CLOSED
SH001,REC-SH001-202605-0186,2026-05-22,1320.00,1233.64,86.36,,,SKIPPED,PERIOD_CLOSED
SH012,REC-SH012-202605-0169,2026-05-22,1560.00,1457.94,102.06,,,SKIPPED,PERIOD_CLOSED
SH010,REC-SH010-202605-0205,2026-05-22,60.00,56.07,3.93,,,SKIPPED,PERIOD_CLOSED
SH006,REC-SH006-202605-0333,2026-05-22,450.00,420.56,29.44,,,SKIPPED,PERIOD_CLOSED
SH026,REC-SH026-202605-0215,2026-05-22,80.00,74.77,5.23,,,SKIPPED,PERIOD_CLOSED
SH026,REC-SH026-202605-0216,2026-05-22,160.00,149.53,10.47,,,SKIPPED,PERIOD_CLOSED
SH024,REC-SH024-202605-0126,2026-05-22,380.00,355.14,24.86,,,SKIPPED,PERIOD_CLOSED
SH026,REC-SH026-202605-0217,2026-05-22,80.00,74.77,5.23,,,SKIPPED,PERIOD_CLOSED
SH026,REC-SH026-202605-0218,2026-05-22,80.00,74.77,5.23,,,SKIPPED,PERIOD_CLOSED
SH001,REC-SH001-202605-0187,2026-05-22,80.00,74.77,5.23,,,SKIPPED,PERIOD_CLOSED
SH024,REC-SH024-202605-0127,2026-05-22,660.00,616.82,43.18,,,SKIPPED,PERIOD_CLOSED
SH030,REC-SH030-202605-0032,2026-05-22,580.00,542.06,37.94,,,SKIPPED,PERIOD_CLOSED
SH010,REC-SH010-202605-0206,2026-05-22,80.00,74.77,5.23,,,SKIPPED,PERIOD_CLOSED
SH010,REC-SH010-202605-0207,2026-05-22,410.00,383.18,26.82,,,SKIPPED,PERIOD_CLOSED
SH028,REC-SH028-202605-0051,2026-05-22,370.00,345.79,24.21,,,SKIPPED,PERIOD_CLOSED
SH010,REC-SH010-202605-0208,2026-05-22,330.00,308.41,21.59,,,SKIPPED,PERIOD_CLOSED
SH026,REC-SH026-202605-0219,2026-05-22,120.00,112.15,7.85,,,SKIPPED,PERIOD_CLOSED
SH025,REC-SH025-202605-0162,2026-05-22,1320.00,1233.64,86.36,,,SKIPPED,PERIOD_CLOSED
SH006,REC-SH006-202605-0334,2026-05-22,350.00,327.10,22.90,,,SKIPPED,PERIOD_CLOSED
SH006,REC-SH006-202605-0335,2026-05-22,120.00,112.15,7.85,,,SKIPPED,PERIOD_CLOSED
SH030,REC-SH030-202605-0033,2026-05-22,160.00,149.53,10.47,,,SKIPPED,PERIOD_CLOSED
SH010,REC-SH010-202605-0209,2026-05-22,120.00,112.15,7.85,,,SKIPPED,PERIOD_CLOSED
SH026,REC-SH026-202605-0220,2026-05-22,60.00,56.07,3.93,,,SKIPPED,PERIOD_CLOSED
SH025,REC-SH025-202605-0163,2026-05-22,80.00,74.77,5.23,,,SKIPPED,PERIOD_CLOSED
SH010,REC-SH010-202605-0210,2026-05-22,160.00,149.53,10.47,,,SKIPPED,PERIOD_CLOSED
SH012,REC-SH012-202605-0170,2026-05-22,80.00,74.77,5.23,,,SKIPPED,PERIOD_CLOSED
SH001,REC-SH001-202605-0188,2026-05-22,1620.00,1514.02,105.98,,,SKIPPED,PERIOD_CLOSED
SH010,REC-SH010-202605-0211,2026-05-22,320.00,299.07,20.93,,,SKIPPED,PERIOD_CLOSED
SH001,REC-SH001-202605-0189,2026-05-22,1620.00,1514.02,105.98,,,SKIPPED,PERIOD_CLOSED
SH024,REC-SH024-202605-0128,2026-05-22,190.00,177.57,12.43,,,SKIPPED,PERIOD_CLOSED
SH024,REC-SH024-202605-0129,2026-05-22,160.00,149.53,10.47,,,SKIPPED,PERIOD_CLOSED
SH001,REC-SH001-202605-0190,2026-05-22,580.00,542.06,37.94,,,SKIPPED,PERIOD_CLOSED
SH026,REC-SH026-202605-0221,2026-05-22,120.00,112.15,7.85,,,SKIPPED,PERIOD_CLOSED
SH006,REC-SH006-202605-0336,2026-05-22,120.00,112.15,7.85,,,SKIPPED,PERIOD_CLOSED
SH010,REC-SH010-202605-0212,2026-05-22,240.00,224.30,15.70,,,SKIPPED,PERIOD_CLOSED
SH012,REC-SH012-202605-0171,2026-05-22,120.00,112.15,7.85,,,SKIPPED,PERIOD_CLOSED
SH006,REC-SH006-202605-0337,2026-05-22,680.00,635.51,44.49,,,SKIPPED,PERIOD_CLOSED
SH010,REC-SH010-202605-0213,2026-05-22,260.00,242.99,17.01,,,SKIPPED,PERIOD_CLOSED
SH001,REC-SH001-202605-0191,2026-05-22,330.00,308.41,21.59,,,SKIPPED,PERIOD_CLOSED
SH001,REC-SH001-202605-0192,2026-05-22,3000.00,2803.74,196.26,,,SKIPPED,PERIOD_CLOSED
SH012,REC-SH012-202605-0172,2026-05-22,400.00,373.83,26.17,,,SKIPPED,PERIOD_CLOSED
SH006,REC-SH006-202605-0338,2026-05-22,80.00,74.77,5.23,,,SKIPPED,PERIOD_CLOSED
SH028,REC-SH028-202605-0052,2026-05-22,80.00,74.77,5.23,,,SKIPPED,PERIOD_CLOSED
SH026,REC-SH026-202605-0222,2026-05-22,120.00,112.15,7.85,,,SKIPPED,PERIOD_CLOSED
SH010,REC-SH010-202605-0214,2026-05-22,1230.00,1149.53,80.47,,,SKIPPED,PERIOD_CLOSED
SH024,REC-SH024-202605-0130,2026-05-22,60.00,56.07,3.93,,,SKIPPED,PERIOD_CLOSED
SH026,REC-SH026-202605-0223,2026-05-22,320.00,299.07,20.93,,,SKIPPED,PERIOD_CLOSED
SH012,REC-SH012-202605-0173,2026-05-22,460.00,429.91,30.09,,,SKIPPED,PERIOD_CLOSED
SH025,REC-SH025-202605-0164,2026-05-22,60.00,56.07,3.93,,,SKIPPED,PERIOD_CLOSED
SH006,REC-SH006-202605-0339,2026-05-22,120.00,112.15,7.85,,,SKIPPED,PERIOD_CLOSED
SH028,REC-SH028-202605-0053,2026-05-22,1360.00,1271.03,88.97,,,SKIPPED,PERIOD_CLOSED
SH006,REC-SH006-202605-0340,2026-05-22,240.00,224.30,15.70,,,SKIPPED,PERIOD_CLOSED
SH006,REC-SH006-202605-0341,2026-05-22,160.00,149.53,10.47,,,SKIPPED,PERIOD_CLOSED
SH026,REC-SH026-202605-0224,2026-05-22,400.00,373.83,26.17,,,SKIPPED,PERIOD_CLOSED
SH026,REC-SH026-202605-0225,2026-05-22,120.00,112.15,7.85,,,SKIPPED,PERIOD_CLOSED
SH012,REC-SH012-202605-0174,2026-05-22,160.00,149.53,10.47,,,SKIPPED,PERIOD_CLOSED
SH010,REC-SH010-202605-0215,2026-05-22,120.00,112.15,7.85,,,SKIPPED,PERIOD_CLOSED
SH026,REC-SH026-202605-0226,2026-05-22,600.00,560.75,39.25,,,SKIPPED,PERIOD_CLOSED
SH025,REC-SH025-202605-0165,2026-05-22,140.00,130.84,9.16,,,SKIPPED,PERIOD_CLOSED
SH026,REC-SH026-202605-0227,2026-05-22,330.00,308.41,21.59,,,SKIPPED,PERIOD_CLOSED
SH012,REC-SH012-202605-0175,2026-05-22,450.00,420.56,29.44,,,SKIPPED,PERIOD_CLOSED
SH010,REC-SH010-202605-0216,2026-05-22,460.00,429.91,30.09,,,SKIPPED,PERIOD_CLOSED
SH025,REC-SH025-202605-0166,2026-05-22,80.00,74.77,5.23,,,SKIPPED,PERIOD_CLOSED
SH025,REC-SH025-202605-0167,2026-05-22,320.00,299.07,20.93,,,SKIPPED,PERIOD_CLOSED
SH006,REC-SH006-202605-0342,2026-05-22,360.00,336.45,23.55,,,SKIPPED,PERIOD_CLOSED
SH006,REC-SH006-202605-0343,2026-05-22,60.00,56.07,3.93,,,SKIPPED,PERIOD_CLOSED
SH010,REC-SH010-202605-0217,2026-05-22,80.00,74.77,5.23,,,SKIPPED,PERIOD_CLOSED
SH010,REC-SH010-202605-0218,2026-05-22,80.00,74.77,5.23,,,SKIPPED,PERIOD_CLOSED
SH010,REC-SH010-202605-0219,2026-05-22,1620.00,1514.02,105.98,,,SKIPPED,PERIOD_CLOSED
SH010,REC-SH010-202605-0220,2026-05-22,1620.00,1514.02,105.98,,,SKIPPED,PERIOD_CLOSED
SH006,REC-SH006-202605-0344,2026-05-22,120.00,112.15,7.85,,,SKIPPED,PERIOD_CLOSED
SH025,REC-SH025-202605-0168,2026-05-22,540.00,504.67,35.33,,,SKIPPED,PERIOD_CLOSED
SH006,REC-SH006-202605-0345,2026-05-22,160.00,149.53,10.47,,,SKIPPED,PERIOD_CLOSED
SH024,REC-SH024-202605-0131,2026-05-22,60.00,56.07,3.93,,,SKIPPED,PERIOD_CLOSED
SH024,REC-SH024-202605-0132,2026-05-22,680.00,635.51,44.49,,,SKIPPED,PERIOD_CLOSED
SH024,REC-SH024-202605-0133,2026-05-22,1250.00,1168.22,81.78,,,SKIPPED,PERIOD_CLOSED
SH025,REC-SH025-202605-0169,2026-05-22,380.00,355.14,24.86,,,SKIPPED,PERIOD_CLOSED
SH025,REC-SH025-202605-0170,2026-05-22,330.00,308.41,21.59,,,SKIPPED,PERIOD_CLOSED
SH010,REC-SH010-202605-0221,2026-05-23,325.00,303.74,21.26,,,SKIPPED,PERIOD_CLOSED
SH026,REC-SH026-202605-0228,2026-05-23,120.00,112.15,7.85,,,SKIPPED,PERIOD_CLOSED
SH026,REC-SH026-202605-0229,2026-05-23,460.00,429.91,30.09,,,SKIPPED,PERIOD_CLOSED
SH012,REC-SH012-202605-0176,2026-05-23,60.00,56.07,3.93,,,SKIPPED,PERIOD_CLOSED
SH010,REC-SH010-202605-0222,2026-05-23,330.00,308.41,21.59,,,SKIPPED,PERIOD_CLOSED
SH006,REC-SH006-202605-0346,2026-05-23,580.00,542.06,37.94,,,SKIPPED,PERIOD_CLOSED
SH012,REC-SH012-202605-0177,2026-05-23,520.00,485.98,34.02,,,SKIPPED,PERIOD_CLOSED
SH026,REC-SH026-202605-0230,2026-05-23,460.00,429.91,30.09,,,SKIPPED,PERIOD_CLOSED
SH010,REC-SH010-202605-0223,2026-05-23,1560.00,1457.94,102.06,,,SKIPPED,PERIOD_CLOSED
SH012,REC-SH012-202605-0178,2026-05-23,4860.00,4542.06,317.94,,,SKIPPED,PERIOD_CLOSED
SH001,REC-SH001-202605-0193,2026-05-23,220.00,205.61,14.39,,,SKIPPED,PERIOD_CLOSED
SH006,REC-SH006-202605-0347,2026-05-23,80.00,74.77,5.23,,,SKIPPED,PERIOD_CLOSED
SH006,REC-SH006-202605-0348,2026-05-23,350.00,327.10,22.90,,,SKIPPED,PERIOD_CLOSED
SH010,REC-SH010-202605-0224,2026-05-23,2460.00,2299.07,160.93,,,SKIPPED,PERIOD_CLOSED
SH012,REC-SH012-202605-0179,2026-05-23,950.00,887.85,62.15,,,SKIPPED,PERIOD_CLOSED
SH012,REC-SH012-202605-0180,2026-05-23,120.00,112.15,7.85,,,SKIPPED,PERIOD_CLOSED
SH030,REC-SH030-202605-0034,2026-05-23,580.00,542.06,37.94,,,SKIPPED,PERIOD_CLOSED
SH024,REC-SH024-202605-0134,2026-05-23,680.00,635.51,44.49,,,SKIPPED,PERIOD_CLOSED
SH030,REC-SH030-202605-0035,2026-05-23,80.00,74.77,5.23,,,SKIPPED,PERIOD_CLOSED
SH001,REC-SH001-202605-0194,2026-05-23,120.00,112.15,7.85,,,SKIPPED,PERIOD_CLOSED
SH026,REC-SH026-202605-0231,2026-05-23,330.00,308.41,21.59,,,SKIPPED,PERIOD_CLOSED
SH012,REC-SH012-202605-0181,2026-05-23,240.00,224.30,15.70,,,SKIPPED,PERIOD_CLOSED
SH001,REC-SH001-202605-0195,2026-05-23,1380.00,1289.72,90.28,,,SKIPPED,PERIOD_CLOSED
SH024,REC-SH024-202605-0135,2026-05-23,450.00,420.56,29.44,,,SKIPPED,PERIOD_CLOSED
SH026,REC-SH026-202605-0232,2026-05-23,1250.00,1168.22,81.78,,,SKIPPED,PERIOD_CLOSED
SH001,REC-SH001-202605-0196,2026-05-23,1380.00,1289.72,90.28,,,SKIPPED,PERIOD_CLOSED
SH028,REC-SH028-202605-0054,2026-05-23,1470.00,1373.83,96.17,,,SKIPPED,PERIOD_CLOSED
SH006,REC-SH006-202605-0349,2026-05-23,330.00,308.41,21.59,,,SKIPPED,PERIOD_CLOSED
SH026,REC-SH026-202605-0233,2026-05-23,120.00,112.15,7.85,,,SKIPPED,PERIOD_CLOSED
SH025,REC-SH025-202605-0171,2026-05-23,1019.00,952.34,66.66,,,SKIPPED,PERIOD_CLOSED
SH006,REC-SH006-202605-0350,2026-05-23,80.00,74.77,5.23,,,SKIPPED,PERIOD_CLOSED
SH006,REC-SH006-202605-0351,2026-05-23,330.00,308.41,21.59,,,SKIPPED,PERIOD_CLOSED
SH010,REC-SH010-202605-0225,2026-05-23,500.00,467.29,32.71,,,SKIPPED,PERIOD_CLOSED
SH010,REC-SH010-202605-0226,2026-05-23,410.00,383.18,26.82,,,SKIPPED,PERIOD_CLOSED
SH025,REC-SH025-202605-0172,2026-05-23,80.00,74.77,5.23,,,SKIPPED,PERIOD_CLOSED
SH006,REC-SH006-202605-0352,2026-05-23,1830.00,1710.28,119.72,,,SKIPPED,PERIOD_CLOSED
SH001,REC-SH001-202605-0197,2026-05-23,220.00,205.61,14.39,,,SKIPPED,PERIOD_CLOSED
SH026,REC-SH026-202605-0234,2026-05-23,120.00,112.15,7.85,,,SKIPPED,PERIOD_CLOSED
SH026,REC-SH026-202605-0235,2026-05-23,240.00,224.30,15.70,,,SKIPPED,PERIOD_CLOSED
SH001,REC-SH001-202605-0198,2026-05-23,220.00,205.61,14.39,,,SKIPPED,PERIOD_CLOSED
SH024,REC-SH024-202605-0136,2026-05-23,650.00,607.48,42.52,,,SKIPPED,PERIOD_CLOSED
SH001,REC-SH001-202605-0199,2026-05-23,700.00,654.21,45.79,,,SKIPPED,PERIOD_CLOSED
SH026,REC-SH026-202605-0236,2026-05-23,1620.00,1514.02,105.98,,,SKIPPED,PERIOD_CLOSED
SH024,REC-SH024-202605-0137,2026-05-23,60.00,56.07,3.93,,,SKIPPED,PERIOD_CLOSED
SH006,REC-SH006-202605-0353,2026-05-23,240.00,224.30,15.70,,,SKIPPED,PERIOD_CLOSED
SH026,REC-SH026-202605-0237,2026-05-23,80.00,74.77,5.23,,,SKIPPED,PERIOD_CLOSED
SH006,REC-SH006-202605-0354,2026-05-23,160.00,149.53,10.47,,,SKIPPED,PERIOD_CLOSED
SH001,REC-SH001-202605-0200,2026-05-23,80.00,74.77,5.23,,,SKIPPED,PERIOD_CLOSED
SH006,REC-SH006-202605-0355,2026-05-23,160.00,149.53,10.47,,,SKIPPED,PERIOD_CLOSED
SH026,REC-SH026-202605-0238,2026-05-23,680.00,635.51,44.49,,,SKIPPED,PERIOD_CLOSED
SH006,REC-SH006-202605-0356,2026-05-23,240.00,224.30,15.70,,,SKIPPED,PERIOD_CLOSED
SH006,REC-SH006-202605-0357,2026-05-23,240.00,224.30,15.70,,,SKIPPED,PERIOD_CLOSED
SH026,REC-SH026-202605-0239,2026-05-23,1320.00,1233.64,86.36,,,SKIPPED,PERIOD_CLOSED
SH001,REC-SH001-202605-0201,2026-05-23,4150.00,3878.50,271.50,,,SKIPPED,PERIOD_CLOSED
SH001,REC-SH001-202605-0202,2026-05-23,220.00,205.61,14.39,,,SKIPPED,PERIOD_CLOSED
SH001,REC-SH001-202605-0203,2026-05-23,1620.00,1514.02,105.98,,,SKIPPED,PERIOD_CLOSED
SH026,REC-SH026-202605-0240,2026-05-23,460.00,429.91,30.09,,,SKIPPED,PERIOD_CLOSED
SH010,REC-SH010-202605-0227,2026-05-23,585.00,546.73,38.27,,,SKIPPED,PERIOD_CLOSED
SH026,REC-SH026-202605-0241,2026-05-23,1250.00,1168.22,81.78,,,SKIPPED,PERIOD_CLOSED
SH006,REC-SH006-202605-0358,2026-05-23,450.00,420.56,29.44,,,SKIPPED,PERIOD_CLOSED
SH026,REC-SH026-202605-0242,2026-05-23,600.00,560.75,39.25,,,SKIPPED,PERIOD_CLOSED
SH006,REC-SH006-202605-0359,2026-05-23,650.00,607.48,42.52,,,SKIPPED,PERIOD_CLOSED
SH006,REC-SH006-202605-0360,2026-05-23,780.00,728.97,51.03,,,SKIPPED,PERIOD_CLOSED
SH006,REC-SH006-202605-0361,2026-05-23,680.00,635.51,44.49,,,SKIPPED,PERIOD_CLOSED
SH006,REC-SH006-202605-0362,2026-05-23,240.00,224.30,15.70,,,SKIPPED,PERIOD_CLOSED
SH001,REC-SH001-202605-0204,2026-05-23,80.00,74.77,5.23,,,SKIPPED,PERIOD_CLOSED
SH001,REC-SH001-202605-0205,2026-05-23,1620.00,1514.02,105.98,,,SKIPPED,PERIOD_CLOSED
SH001,REC-SH001-202605-0206,2026-05-23,160.00,149.53,10.47,,,SKIPPED,PERIOD_CLOSED
SH024,REC-SH024-202605-0138,2026-05-23,120.00,112.15,7.85,,,SKIPPED,PERIOD_CLOSED
SH025,REC-SH025-202605-0173,2026-05-23,80.00,74.77,5.23,,,SKIPPED,PERIOD_CLOSED
SH028,REC-SH028-202605-0055,2026-05-24,1250.00,1168.22,81.78,,,SKIPPED,PERIOD_CLOSED
SH001,REC-SH001-202605-0207,2026-05-24,1250.00,1168.22,81.78,,,SKIPPED,PERIOD_CLOSED
SH006,REC-SH006-202605-0363,2026-05-24,360.00,336.45,23.55,,,SKIPPED,PERIOD_CLOSED
SH006,REC-SH006-202605-0364,2026-05-24,280.00,261.68,18.32,,,SKIPPED,PERIOD_CLOSED
SH006,REC-SH006-202605-0365,2026-05-24,600.00,560.75,39.25,,,SKIPPED,PERIOD_CLOSED
SH012,REC-SH012-202605-0182,2026-05-24,1320.00,1233.64,86.36,,,SKIPPED,PERIOD_CLOSED
SH012,REC-SH012-202605-0183,2026-05-24,580.00,542.06,37.94,,,SKIPPED,PERIOD_CLOSED
SH010,REC-SH010-202605-0228,2026-05-24,310.00,289.72,20.28,,,SKIPPED,PERIOD_CLOSED
SH025,REC-SH025-202605-0174,2026-05-24,80.00,74.77,5.23,,,SKIPPED,PERIOD_CLOSED
SH006,REC-SH006-202605-0366,2026-05-24,190.00,177.57,12.43,,,SKIPPED,PERIOD_CLOSED
SH012,REC-SH012-202605-0184,2026-05-24,120.00,112.15,7.85,,,SKIPPED,PERIOD_CLOSED
SH025,REC-SH025-202605-0175,2026-05-24,480.00,448.60,31.40,,,SKIPPED,PERIOD_CLOSED
SH001,REC-SH001-202605-0208,2026-05-24,1620.00,1514.02,105.98,,,SKIPPED,PERIOD_CLOSED
SH010,REC-SH010-202605-0229,2026-05-24,160.00,149.53,10.47,,,SKIPPED,PERIOD_CLOSED
SH024,REC-SH024-202605-0139,2026-05-24,240.00,224.30,15.70,,,SKIPPED,PERIOD_CLOSED
SH012,REC-SH012-202605-0185,2026-05-24,260.00,242.99,17.01,,,SKIPPED,PERIOD_CLOSED
SH024,REC-SH024-202605-0140,2026-05-24,560.00,523.36,36.64,,,SKIPPED,PERIOD_CLOSED
SH028,REC-SH028-202605-0056,2026-05-24,120.00,112.15,7.85,,,SKIPPED,PERIOD_CLOSED
SH006,REC-SH006-202605-0367,2026-05-24,450.00,420.56,29.44,,,SKIPPED,PERIOD_CLOSED
SH024,REC-SH024-202605-0141,2026-05-24,80.00,74.77,5.23,,,SKIPPED,PERIOD_CLOSED
SH006,REC-SH006-202605-0368,2026-05-24,4960.00,4635.51,324.49,,,SKIPPED,PERIOD_CLOSED
SH006,REC-SH006-202605-0369,2026-05-24,1730.00,1616.82,113.18,,,SKIPPED,PERIOD_CLOSED
SH025,REC-SH025-202605-0176,2026-05-24,460.00,429.91,30.09,,,SKIPPED,PERIOD_CLOSED
SH012,REC-SH012-202605-0186,2026-05-24,460.00,429.91,30.09,,,SKIPPED,PERIOD_CLOSED
SH012,REC-SH012-202605-0187,2026-05-24,120.00,112.15,7.85,,,SKIPPED,PERIOD_CLOSED
SH012,REC-SH012-202605-0188,2026-05-24,990.00,925.23,64.77,,,SKIPPED,PERIOD_CLOSED
SH024,REC-SH024-202605-0142,2026-05-24,330.00,308.41,21.59,,,SKIPPED,PERIOD_CLOSED
SH026,REC-SH026-202605-0243,2026-05-24,220.00,205.61,14.39,,,SKIPPED,PERIOD_CLOSED
SH026,REC-SH026-202605-0244,2026-05-24,80.00,74.77,5.23,,,SKIPPED,PERIOD_CLOSED
SH010,REC-SH010-202605-0230,2026-05-24,120.00,112.15,7.85,,,SKIPPED,PERIOD_CLOSED
SH010,REC-SH010-202605-0231,2026-05-24,1380.00,1289.72,90.28,,,SKIPPED,PERIOD_CLOSED
SH010,REC-SH010-202605-0232,2026-05-24,400.00,373.83,26.17,,,SKIPPED,PERIOD_CLOSED
SH025,REC-SH025-202605-0177,2026-05-24,460.00,429.91,30.09,,,SKIPPED,PERIOD_CLOSED
SH006,REC-SH006-202605-0370,2026-05-24,480.00,448.60,31.40,,,SKIPPED,PERIOD_CLOSED
SH026,REC-SH026-202605-0245,2026-05-24,1230.00,1149.53,80.47,,,SKIPPED,PERIOD_CLOSED
SH006,REC-SH006-202605-0371,2026-05-24,80.00,74.77,5.23,,,SKIPPED,PERIOD_CLOSED
SH006,REC-SH006-202605-0372,2026-05-24,80.00,74.77,5.23,,,SKIPPED,PERIOD_CLOSED
SH025,REC-SH025-202605-0178,2026-05-24,160.00,149.53,10.47,,,SKIPPED,PERIOD_CLOSED
SH012,REC-SH012-202605-0189,2026-05-24,1320.00,1233.64,86.36,,,SKIPPED,PERIOD_CLOSED
SH006,REC-SH006-202605-0373,2026-05-24,1620.00,1514.02,105.98,,,SKIPPED,PERIOD_CLOSED
SH025,REC-SH025-202605-0179,2026-05-24,240.00,224.30,15.70,,,SKIPPED,PERIOD_CLOSED
SH028,REC-SH028-202605-0057,2026-05-24,1250.00,1168.22,81.78,,,SKIPPED,PERIOD_CLOSED
SH001,REC-SH001-202605-0209,2026-05-24,680.00,635.51,44.49,,,SKIPPED,PERIOD_CLOSED
SH006,REC-SH006-202605-0374,2026-05-24,580.00,542.06,37.94,,,SKIPPED,PERIOD_CLOSED
SH006,REC-SH006-202605-0375,2026-05-24,700.00,654.21,45.79,,,SKIPPED,PERIOD_CLOSED
SH010,REC-SH010-202605-0233,2026-05-24,80.00,74.77,5.23,,,SKIPPED,PERIOD_CLOSED
SH012,REC-SH012-202605-0190,2026-05-24,580.00,542.06,37.94,,,SKIPPED,PERIOD_CLOSED
SH001,REC-SH001-202605-0210,2026-05-24,2940.00,2747.66,192.34,,,SKIPPED,PERIOD_CLOSED
SH025,REC-SH025-202605-0180,2026-05-24,1560.00,1457.94,102.06,,,SKIPPED,PERIOD_CLOSED
SH025,REC-SH025-202605-0181,2026-05-24,330.00,308.41,21.59,,,SKIPPED,PERIOD_CLOSED
SH006,REC-SH006-202605-0376,2026-05-24,700.00,654.21,45.79,,,SKIPPED,PERIOD_CLOSED
SH024,REC-SH024-202605-0143,2026-05-24,800.00,747.66,52.34,,,SKIPPED,PERIOD_CLOSED
SH024,REC-SH024-202605-0144,2026-05-24,80.00,74.77,5.23,,,SKIPPED,PERIOD_CLOSED
SH001,REC-SH001-202605-0211,2026-05-24,4490.00,4196.26,293.74,,,SKIPPED,PERIOD_CLOSED
SH026,REC-SH026-202605-0246,2026-05-24,240.00,224.30,15.70,,,SKIPPED,PERIOD_CLOSED
SH012,REC-SH012-202605-0191,2026-05-24,240.00,224.30,15.70,,,SKIPPED,PERIOD_CLOSED
SH010,REC-SH010-202605-0234,2026-05-24,80.00,74.77,5.23,,,SKIPPED,PERIOD_CLOSED
SH006,REC-SH006-202605-0377,2026-05-24,80.00,74.77,5.23,,,SKIPPED,PERIOD_CLOSED
SH010,REC-SH010-202605-0235,2026-05-24,80.00,74.77,5.23,,,SKIPPED,PERIOD_CLOSED
SH006,REC-SH006-202605-0378,2026-05-24,120.00,112.15,7.85,,,SKIPPED,PERIOD_CLOSED
SH006,REC-SH006-202605-0379,2026-05-24,700.00,654.21,45.79,,,SKIPPED,PERIOD_CLOSED
SH010,REC-SH010-202605-0236,2026-05-24,330.00,308.41,21.59,,,SKIPPED,PERIOD_CLOSED
SH028,REC-SH028-202605-0058,2026-05-24,1600.00,1495.33,104.67,,,SKIPPED,PERIOD_CLOSED
SH026,REC-SH026-202605-0247,2026-05-24,1530.00,1429.91,100.09,,,SKIPPED,PERIOD_CLOSED
SH001,REC-SH001-202605-0212,2026-05-24,130.00,121.50,8.50,,,SKIPPED,PERIOD_CLOSED
SH010,REC-SH010-202605-0237,2026-05-24,240.00,224.30,15.70,,,SKIPPED,PERIOD_CLOSED
SH024,REC-SH024-202605-0145,2026-05-24,120.00,112.15,7.85,,,SKIPPED,PERIOD_CLOSED
SH010,REC-SH010-202605-0238,2026-05-24,180.00,168.22,11.78,,,SKIPPED,PERIOD_CLOSED
SH006,REC-SH006-202605-0380,2026-05-24,80.00,74.77,5.23,,,SKIPPED,PERIOD_CLOSED
SH001,REC-SH001-202605-0213,2026-05-24,1620.00,1514.02,105.98,,,SKIPPED,PERIOD_CLOSED
SH001,REC-SH001-202605-0214,2026-05-24,2460.00,2299.07,160.93,,,SKIPPED,PERIOD_CLOSED
SH001,REC-SH001-202605-0215,2026-05-24,120.00,112.15,7.85,,,SKIPPED,PERIOD_CLOSED
SH028,REC-SH028-202605-0059,2026-05-25,2870.00,2682.24,187.76,,,SKIPPED,PERIOD_CLOSED
SH010,REC-SH010-202605-0239,2026-05-25,320.00,299.07,20.93,,,SKIPPED,PERIOD_CLOSED
SH026,REC-SH026-202605-0248,2026-05-25,160.00,149.53,10.47,,,SKIPPED,PERIOD_CLOSED
SH001,REC-SH001-202605-0216,2026-05-25,680.00,635.51,44.49,,,SKIPPED,PERIOD_CLOSED
SH001,REC-SH001-202605-0217,2026-05-25,3180.00,2971.96,208.04,,,SKIPPED,PERIOD_CLOSED
SH006,REC-SH006-202605-0381,2026-05-25,80.00,74.77,5.23,,,SKIPPED,PERIOD_CLOSED
SH025,REC-SH025-202605-0182,2026-05-25,80.00,74.77,5.23,,,SKIPPED,PERIOD_CLOSED
SH012,REC-SH012-202605-0192,2026-05-25,760.00,710.28,49.72,,,SKIPPED,PERIOD_CLOSED
SH012,REC-SH012-202605-0193,2026-05-25,60.00,56.07,3.93,,,SKIPPED,PERIOD_CLOSED
SH010,REC-SH010-202605-0240,2026-05-25,460.00,429.91,30.09,,,SKIPPED,PERIOD_CLOSED
SH001,REC-SH001-202605-0218,2026-05-25,1750.00,1635.51,114.49,,,SKIPPED,PERIOD_CLOSED
SH012,REC-SH012-202605-0194,2026-05-25,60.00,56.07,3.93,,,SKIPPED,PERIOD_CLOSED
SH006,REC-SH006-202605-0382,2026-05-25,120.00,112.15,7.85,,,SKIPPED,PERIOD_CLOSED
SH012,REC-SH012-202605-0195,2026-05-25,60.00,56.07,3.93,,,SKIPPED,PERIOD_CLOSED
SH025,REC-SH025-202605-0183,2026-05-25,590.00,551.40,38.60,,,SKIPPED,PERIOD_CLOSED
SH025,REC-SH025-202605-0184,2026-05-25,80.00,74.77,5.23,,,SKIPPED,PERIOD_CLOSED
SH026,REC-SH026-202605-0249,2026-05-25,460.00,429.91,30.09,,,SKIPPED,PERIOD_CLOSED
SH024,REC-SH024-202605-0146,2026-05-25,380.00,355.14,24.86,,,SKIPPED,PERIOD_CLOSED
SH010,REC-SH010-202605-0241,2026-05-25,650.00,607.48,42.52,,,SKIPPED,PERIOD_CLOSED
SH024,REC-SH024-202605-0147,2026-05-25,240.00,224.30,15.70,,,SKIPPED,PERIOD_CLOSED
SH006,REC-SH006-202605-0383,2026-05-25,3350.00,3130.84,219.16,,,SKIPPED,PERIOD_CLOSED
SH025,REC-SH025-202605-0185,2026-05-25,200.00,186.92,13.08,,,SKIPPED,PERIOD_CLOSED
SH026,REC-SH026-202605-0250,2026-05-25,80.00,74.77,5.23,,,SKIPPED,PERIOD_CLOSED
SH026,REC-SH026-202605-0251,2026-05-25,120.00,112.15,7.85,,,SKIPPED,PERIOD_CLOSED
SH025,REC-SH025-202605-0186,2026-05-25,160.00,149.53,10.47,,,SKIPPED,PERIOD_CLOSED
SH012,REC-SH012-202605-0196,2026-05-25,320.00,299.07,20.93,,,SKIPPED,PERIOD_CLOSED
SH006,REC-SH006-202605-0384,2026-05-25,600.00,560.75,39.25,,,SKIPPED,PERIOD_CLOSED
SH006,REC-SH006-202605-0385,2026-05-25,330.00,308.41,21.59,,,SKIPPED,PERIOD_CLOSED
SH006,REC-SH006-202605-0386,2026-05-25,700.00,654.21,45.79,,,SKIPPED,PERIOD_CLOSED
SH025,REC-SH025-202605-0187,2026-05-25,1600.00,1495.33,104.67,,,SKIPPED,PERIOD_CLOSED
SH001,REC-SH001-202605-0219,2026-05-25,1250.00,1168.22,81.78,,,SKIPPED,PERIOD_CLOSED
SH026,REC-SH026-202605-0252,2026-05-25,330.00,308.41,21.59,,,SKIPPED,PERIOD_CLOSED
SH028,REC-SH028-202605-0060,2026-05-25,370.00,345.79,24.21,,,SKIPPED,PERIOD_CLOSED
SH006,REC-SH006-202605-0387,2026-05-25,580.00,542.06,37.94,,,SKIPPED,PERIOD_CLOSED
SH010,REC-SH010-202605-0242,2026-05-25,80.00,74.77,5.23,,,SKIPPED,PERIOD_CLOSED
SH026,REC-SH026-202605-0253,2026-05-25,1250.00,1168.22,81.78,,,SKIPPED,PERIOD_CLOSED
SH006,REC-SH006-202605-0388,2026-05-25,600.00,560.75,39.25,,,SKIPPED,PERIOD_CLOSED
SH010,REC-SH010-202605-0243,2026-05-25,330.00,308.41,21.59,,,SKIPPED,PERIOD_CLOSED
SH025,REC-SH025-202605-0188,2026-05-25,560.00,523.36,36.64,,,SKIPPED,PERIOD_CLOSED
SH006,REC-SH006-202605-0389,2026-05-25,80.00,74.77,5.23,,,SKIPPED,PERIOD_CLOSED
SH006,REC-SH006-202605-0390,2026-05-25,1360.00,1271.03,88.97,,,SKIPPED,PERIOD_CLOSED
SH025,REC-SH025-202605-0189,2026-05-25,780.00,728.97,51.03,,,SKIPPED,PERIOD_CLOSED
SH006,REC-SH006-202605-0391,2026-05-25,80.00,74.77,5.23,,,SKIPPED,PERIOD_CLOSED
SH026,REC-SH026-202605-0254,2026-05-25,450.00,420.56,29.44,,,SKIPPED,PERIOD_CLOSED
SH010,REC-SH010-202605-0244,2026-05-25,160.00,149.53,10.47,,,SKIPPED,PERIOD_CLOSED
SH024,REC-SH024-202605-0148,2026-05-25,330.00,308.41,21.59,,,SKIPPED,PERIOD_CLOSED
SH024,REC-SH024-202605-0149,2026-05-25,1620.00,1514.02,105.98,,,SKIPPED,PERIOD_CLOSED
SH025,REC-SH025-202605-0190,2026-05-25,780.00,728.97,51.03,,,SKIPPED,PERIOD_CLOSED
SH010,REC-SH010-202605-0245,2026-05-25,160.00,149.53,10.47,,,SKIPPED,PERIOD_CLOSED
SH006,REC-SH006-202605-0392,2026-05-25,120.00,112.15,7.85,,,SKIPPED,PERIOD_CLOSED
SH012,REC-SH012-202605-0197,2026-05-25,240.00,224.30,15.70,,,SKIPPED,PERIOD_CLOSED
SH025,REC-SH025-202605-0191,2026-05-25,380.00,355.14,24.86,,,SKIPPED,PERIOD_CLOSED
SH010,REC-SH010-202605-0246,2026-05-25,2870.00,2682.24,187.76,,,SKIPPED,PERIOD_CLOSED
SH006,REC-SH006-202605-0393,2026-05-25,480.00,448.60,31.40,,,SKIPPED,PERIOD_CLOSED
SH010,REC-SH010-202605-0247,2026-05-25,80.00,74.77,5.23,,,SKIPPED,PERIOD_CLOSED
SH012,REC-SH012-202605-0198,2026-05-25,460.00,429.91,30.09,,,SKIPPED,PERIOD_CLOSED
SH006,REC-SH006-202605-0394,2026-05-25,1560.00,1457.94,102.06,,,SKIPPED,PERIOD_CLOSED
SH010,REC-SH010-202605-0248,2026-05-25,460.00,429.91,30.09,,,SKIPPED,PERIOD_CLOSED
SH012,REC-SH012-202605-0199,2026-05-25,240.00,224.30,15.70,,,SKIPPED,PERIOD_CLOSED
SH006,REC-SH006-202605-0395,2026-05-25,300.00,280.37,19.63,,,SKIPPED,PERIOD_CLOSED
SH001,REC-SH001-202605-0220,2026-05-25,3240.00,3028.04,211.96,,,SKIPPED,PERIOD_CLOSED
SH006,REC-SH006-202605-0396,2026-05-25,240.00,224.30,15.70,,,SKIPPED,PERIOD_CLOSED
SH001,REC-SH001-202605-0221,2026-05-25,370.00,345.79,24.21,,,SKIPPED,PERIOD_CLOSED
SH010,REC-SH010-202605-0249,2026-05-25,80.00,74.77,5.23,,,SKIPPED,PERIOD_CLOSED
SH001,REC-SH001-202605-0222,2026-05-26,580.00,542.06,37.94,,,SKIPPED,PERIOD_CLOSED
SH010,REC-SH010-202605-0250,2026-05-26,330.00,308.41,21.59,,,SKIPPED,PERIOD_CLOSED
SH006,REC-SH006-202605-0397,2026-05-26,320.00,299.07,20.93,,,SKIPPED,PERIOD_CLOSED
SH001,REC-SH001-202605-0223,2026-05-26,1620.00,1514.02,105.98,,,SKIPPED,PERIOD_CLOSED
SH006,REC-SH006-202605-0398,2026-05-26,160.00,149.53,10.47,,,SKIPPED,PERIOD_CLOSED
SH026,REC-SH026-202605-0255,2026-05-26,120.00,112.15,7.85,,,SKIPPED,PERIOD_CLOSED
SH001,REC-SH001-202605-0224,2026-05-26,1620.00,1514.02,105.98,,,SKIPPED,PERIOD_CLOSED
SH001,REC-SH001-202605-0225,2026-05-26,1920.00,1794.39,125.61,,,SKIPPED,PERIOD_CLOSED
SH006,REC-SH006-202605-0399,2026-05-26,120.00,112.15,7.85,,,SKIPPED,PERIOD_CLOSED
SH012,REC-SH012-202605-0200,2026-05-26,80.00,74.77,5.23,,,SKIPPED,PERIOD_CLOSED
SH001,REC-SH001-202605-0226,2026-05-26,580.00,542.06,37.94,,,SKIPPED,PERIOD_CLOSED
SH010,REC-SH010-202605-0251,2026-05-26,330.00,308.41,21.59,,,SKIPPED,PERIOD_CLOSED
SH006,REC-SH006-202605-0400,2026-05-26,1360.00,1271.03,88.97,,,SKIPPED,PERIOD_CLOSED
SH010,REC-SH010-202605-0252,2026-05-26,330.00,308.41,21.59,,,SKIPPED,PERIOD_CLOSED
SH010,REC-SH010-202605-0253,2026-05-26,80.00,74.77,5.23,,,SKIPPED,PERIOD_CLOSED
SH012,REC-SH012-202605-0201,2026-05-26,580.00,542.06,37.94,,,SKIPPED,PERIOD_CLOSED
SH025,REC-SH025-202605-0192,2026-05-26,240.00,224.30,15.70,,,SKIPPED,PERIOD_CLOSED
SH026,REC-SH026-202605-0256,2026-05-26,460.00,429.91,30.09,,,SKIPPED,PERIOD_CLOSED
SH012,REC-SH012-202605-0202,2026-05-26,2760.00,2579.44,180.56,,,SKIPPED,PERIOD_CLOSED
SH001,REC-SH001-202605-0227,2026-05-26,120.00,112.15,7.85,,,SKIPPED,PERIOD_CLOSED
SH024,REC-SH024-202605-0150,2026-05-26,120.00,112.15,7.85,,,SKIPPED,PERIOD_CLOSED
SH024,REC-SH024-202605-0151,2026-05-26,60.00,56.07,3.93,,,SKIPPED,PERIOD_CLOSED
SH026,REC-SH026-202605-0257,2026-05-26,580.00,542.06,37.94,,,SKIPPED,PERIOD_CLOSED
SH001,REC-SH001-202605-0228,2026-05-26,1250.00,1168.22,81.78,,,SKIPPED,PERIOD_CLOSED
SH012,REC-SH012-202605-0203,2026-05-26,240.00,224.30,15.70,,,SKIPPED,PERIOD_CLOSED
SH001,REC-SH001-202605-0229,2026-05-26,330.00,308.41,21.59,,,SKIPPED,PERIOD_CLOSED
SH010,REC-SH010-202605-0254,2026-05-26,160.00,149.53,10.47,,,SKIPPED,PERIOD_CLOSED
SH010,REC-SH010-202605-0255,2026-05-26,160.00,149.53,10.47,,,SKIPPED,PERIOD_CLOSED
SH010,REC-SH010-202605-0256,2026-05-26,80.00,74.77,5.23,,,SKIPPED,PERIOD_CLOSED
SH010,REC-SH010-202605-0257,2026-05-26,80.00,74.77,5.23,,,SKIPPED,PERIOD_CLOSED
SH012,REC-SH012-202605-0204,2026-05-26,1100.00,1028.04,71.96,,,SKIPPED,PERIOD_CLOSED
SH026,REC-SH026-202605-0258,2026-05-26,2500.00,2336.45,163.55,,,SKIPPED,PERIOD_CLOSED
SH012,REC-SH012-202605-0205,2026-05-26,790.00,738.32,51.68,,,SKIPPED,PERIOD_CLOSED
SH010,REC-SH010-202605-0258,2026-05-26,460.00,429.91,30.09,,,SKIPPED,PERIOD_CLOSED
SH025,REC-SH025-202605-0193,2026-05-26,330.00,308.41,21.59,,,SKIPPED,PERIOD_CLOSED
SH012,REC-SH012-202605-0206,2026-05-26,1160.00,1084.11,75.89,,,SKIPPED,PERIOD_CLOSED
SH026,REC-SH026-202605-0259,2026-05-26,160.00,149.53,10.47,,,SKIPPED,PERIOD_CLOSED
SH025,REC-SH025-202605-0194,2026-05-26,80.00,74.77,5.23,,,SKIPPED,PERIOD_CLOSED
SH012,REC-SH012-202605-0207,2026-05-26,1360.00,1271.03,88.97,,,SKIPPED,PERIOD_CLOSED
SH024,REC-SH024-202605-0152,2026-05-26,220.00,205.61,14.39,,,SKIPPED,PERIOD_CLOSED
SH012,REC-SH012-202605-0208,2026-05-26,120.00,112.15,7.85,,,SKIPPED,PERIOD_CLOSED
SH025,REC-SH025-202605-0195,2026-05-26,160.00,149.53,10.47,,,SKIPPED,PERIOD_CLOSED
SH001,REC-SH001-202605-0230,2026-05-26,150.00,140.19,9.81,,,SKIPPED,PERIOD_CLOSED
SH028,REC-SH028-202605-0061,2026-05-26,80.00,74.77,5.23,,,SKIPPED,PERIOD_CLOSED
SH001,REC-SH001-202605-0231,2026-05-26,330.00,308.41,21.59,,,SKIPPED,PERIOD_CLOSED
SH006,REC-SH006-202605-0401,2026-05-26,120.00,112.15,7.85,,,SKIPPED,PERIOD_CLOSED
SH006,REC-SH006-202605-0402,2026-05-26,240.00,224.30,15.70,,,SKIPPED,PERIOD_CLOSED
SH010,REC-SH010-202605-0259,2026-05-26,120.00,112.15,7.85,,,SKIPPED,PERIOD_CLOSED
SH012,REC-SH012-202605-0209,2026-05-26,1430.00,1336.45,93.55,,,SKIPPED,PERIOD_CLOSED
SH001,REC-SH001-202605-0232,2026-05-26,580.00,542.06,37.94,,,SKIPPED,PERIOD_CLOSED
SH025,REC-SH025-202605-0196,2026-05-26,80.00,74.77,5.23,,,SKIPPED,PERIOD_CLOSED
SH030,REC-SH030-202605-0036,2026-05-26,240.00,224.30,15.70,,,SKIPPED,PERIOD_CLOSED
SH006,REC-SH006-202605-0403,2026-05-26,720.00,672.90,47.10,,,SKIPPED,PERIOD_CLOSED
SH026,REC-SH026-202605-0260,2026-05-26,320.00,299.07,20.93,,,SKIPPED,PERIOD_CLOSED
SH006,REC-SH006-202605-0404,2026-05-26,80.00,74.77,5.23,,,SKIPPED,PERIOD_CLOSED
SMOKE01,R-61bdcaba-20260527-0001,2026-05-27,50.00,46.73,3.27,,,SKIPPED,PERIOD_CLOSED
SMOKE01,R-61bdcaba-20260527-0002,2026-05-27,50.00,46.73,3.27,,,SKIPPED,PERIOD_CLOSED
SMOKE01,R-61bdcaba-20260527-0003,2026-05-27,50.00,46.73,3.27,,,SKIPPED,PERIOD_CLOSED
SMOKE01,R-61bdcaba-20260527-0004,2026-05-27,50.00,46.73,3.27,,,SKIPPED,PERIOD_CLOSED
SMOKE01,R-61bdcaba-20260527-0005,2026-05-27,50.00,46.73,3.27,,,SKIPPED,PERIOD_CLOSED
SMOKE01,R-61bdcaba-20260527-0006,2026-05-27,50.00,46.73,3.27,,,SKIPPED,PERIOD_CLOSED
SH026,REC-SH026-202605-0261,2026-05-27,580.00,542.06,37.94,,,SKIPPED,PERIOD_CLOSED
SH012,REC-SH012-202605-0210,2026-05-27,80.00,74.77,5.23,,,SKIPPED,PERIOD_CLOSED
SH006,REC-SH006-202605-0405,2026-05-27,80.00,74.77,5.23,,,SKIPPED,PERIOD_CLOSED
SH026,REC-SH026-202605-0262,2026-05-27,450.00,420.56,29.44,,,SKIPPED,PERIOD_CLOSED
SH006,REC-SH006-202605-0406,2026-05-27,80.00,74.77,5.23,,,SKIPPED,PERIOD_CLOSED
SH006,REC-SH006-202605-0407,2026-05-27,1360.00,1271.03,88.97,,,SKIPPED,PERIOD_CLOSED
SH025,REC-SH025-202605-0197,2026-05-27,240.00,224.30,15.70,,,SKIPPED,PERIOD_CLOSED
SH028,REC-SH028-202605-0062,2026-05-27,580.00,542.06,37.94,,,SKIPPED,PERIOD_CLOSED
SH025,REC-SH025-202605-0198,2026-05-27,380.00,355.14,24.86,,,SKIPPED,PERIOD_CLOSED
SH006,REC-SH006-202605-0408,2026-05-27,180.00,168.22,11.78,,,SKIPPED,PERIOD_CLOSED
SH012,REC-SH012-202605-0211,2026-05-27,220.00,205.61,14.39,,,SKIPPED,PERIOD_CLOSED
SH006,REC-SH006-202605-0409,2026-05-27,120.00,112.15,7.85,,,SKIPPED,PERIOD_CLOSED
SH006,REC-SH006-202605-0410,2026-05-27,100.00,93.46,6.54,,,SKIPPED,PERIOD_CLOSED
SH025,REC-SH025-202605-0199,2026-05-27,460.00,429.91,30.09,,,SKIPPED,PERIOD_CLOSED
SH024,REC-SH024-202605-0153,2026-05-27,650.00,607.48,42.52,,,SKIPPED,PERIOD_CLOSED
SH001,REC-SH001-202605-0233,2026-05-27,1750.00,1635.51,114.49,,,SKIPPED,PERIOD_CLOSED
SH006,REC-SH006-202605-0411,2026-05-27,160.00,149.53,10.47,,,SKIPPED,PERIOD_CLOSED
SH012,REC-SH012-202605-0212,2026-05-27,790.00,738.32,51.68,,,SKIPPED,PERIOD_CLOSED
SH026,REC-SH026-202605-0263,2026-05-27,240.00,224.30,15.70,,,SKIPPED,PERIOD_CLOSED
SH026,REC-SH026-202605-0264,2026-05-27,160.00,149.53,10.47,,,SKIPPED,PERIOD_CLOSED
SH026,REC-SH026-202605-0265,2026-05-27,330.00,308.41,21.59,,,SKIPPED,PERIOD_CLOSED
SH001,REC-SH001-202605-0234,2026-05-27,1620.00,1514.02,105.98,,,SKIPPED,PERIOD_CLOSED
SH012,REC-SH012-202605-0213,2026-05-27,480.00,448.60,31.40,,,SKIPPED,PERIOD_CLOSED
SH026,REC-SH026-202605-0266,2026-05-27,80.00,74.77,5.23,,,SKIPPED,PERIOD_CLOSED
SH012,REC-SH012-202605-0214,2026-05-27,580.00,542.06,37.94,,,SKIPPED,PERIOD_CLOSED
SH006,REC-SH006-202605-0412,2026-05-27,325.00,303.74,21.26,,,SKIPPED,PERIOD_CLOSED
SH001,REC-SH001-202605-0235,2026-05-27,60.00,56.07,3.93,,,SKIPPED,PERIOD_CLOSED
SH012,REC-SH012-202605-0215,2026-05-27,580.00,542.06,37.94,,,SKIPPED,PERIOD_CLOSED
SH025,REC-SH025-202605-0200,2026-05-27,240.00,224.30,15.70,,,SKIPPED,PERIOD_CLOSED
SH001,REC-SH001-202605-0236,2026-05-27,220.00,205.61,14.39,,,SKIPPED,PERIOD_CLOSED
SH001,REC-SH001-202605-0237,2026-05-27,220.00,205.61,14.39,,,SKIPPED,PERIOD_CLOSED
SH006,REC-SH006-202605-0413,2026-05-27,600.00,560.75,39.25,,,SKIPPED,PERIOD_CLOSED
SH001,REC-SH001-202605-0238,2026-05-27,1250.00,1168.22,81.78,,,SKIPPED,PERIOD_CLOSED
SH001,REC-SH001-202605-0239,2026-05-27,220.00,205.61,14.39,,,SKIPPED,PERIOD_CLOSED
SH006,REC-SH006-202605-0414,2026-05-27,325.00,303.74,21.26,,,SKIPPED,PERIOD_CLOSED
SH010,REC-SH010-202605-0260,2026-05-27,240.00,224.30,15.70,,,SKIPPED,PERIOD_CLOSED
SH006,REC-SH006-202605-0415,2026-05-27,120.00,112.15,7.85,,,SKIPPED,PERIOD_CLOSED
SH006,REC-SH006-202605-0416,2026-05-27,1320.00,1233.64,86.36,,,SKIPPED,PERIOD_CLOSED
SH012,REC-SH012-202605-0216,2026-05-27,80.00,74.77,5.23,,,SKIPPED,PERIOD_CLOSED
SH001,REC-SH001-202605-0240,2026-05-27,220.00,205.61,14.39,,,SKIPPED,PERIOD_CLOSED
SH025,REC-SH025-202605-0201,2026-05-27,160.00,149.53,10.47,,,SKIPPED,PERIOD_CLOSED
SH026,REC-SH026-202605-0267,2026-05-27,660.00,616.82,43.18,,,SKIPPED,PERIOD_CLOSED
SH030,REC-SH030-202605-0037,2026-05-27,240.00,224.30,15.70,,,SKIPPED,PERIOD_CLOSED
SH030,REC-SH030-202605-0038,2026-05-27,480.00,448.60,31.40,,,SKIPPED,PERIOD_CLOSED
SH026,REC-SH026-202605-0268,2026-05-27,580.00,542.06,37.94,,,SKIPPED,PERIOD_CLOSED
SH026,REC-SH026-202605-0269,2026-05-27,160.00,149.53,10.47,,,SKIPPED,PERIOD_CLOSED
SH006,REC-SH006-202605-0417,2026-05-27,130.00,121.50,8.50,,,SKIPPED,PERIOD_CLOSED
SH010,REC-SH010-202605-0261,2026-05-27,80.00,74.77,5.23,,,SKIPPED,PERIOD_CLOSED
SH026,REC-SH026-202605-0270,2026-05-27,680.00,635.51,44.49,,,SKIPPED,PERIOD_CLOSED
SH025,REC-SH025-202605-0202,2026-05-27,60.00,56.07,3.93,,,SKIPPED,PERIOD_CLOSED
SH026,REC-SH026-202605-0271,2026-05-27,450.00,420.56,29.44,,,SKIPPED,PERIOD_CLOSED
SH010,REC-SH010-202605-0262,2026-05-27,650.00,607.48,42.52,,,SKIPPED,PERIOD_CLOSED
SH010,REC-SH010-202605-0263,2026-05-27,80.00,74.77,5.23,,,SKIPPED,PERIOD_CLOSED
SH024,REC-SH024-202605-0154,2026-05-27,440.00,411.21,28.79,,,SKIPPED,PERIOD_CLOSED
SH010,REC-SH010-202605-0264,2026-05-27,1380.00,1289.72,90.28,,,SKIPPED,PERIOD_CLOSED
SH024,REC-SH024-202605-0155,2026-05-27,1620.00,1514.02,105.98,,,SKIPPED,PERIOD_CLOSED
SH025,REC-SH025-202605-0203,2026-05-27,190.00,177.57,12.43,,,SKIPPED,PERIOD_CLOSED
SH006,REC-SH006-202605-0418,2026-05-27,120.00,112.15,7.85,,,SKIPPED,PERIOD_CLOSED
SH006,REC-SH006-202605-0419,2026-05-27,580.00,542.06,37.94,,,SKIPPED,PERIOD_CLOSED
SH026,REC-SH026-202605-0272,2026-05-27,120.00,112.15,7.85,,,SKIPPED,PERIOD_CLOSED
SH001,REC-SH001-202605-0241,2026-05-27,1250.00,1168.22,81.78,,,SKIPPED,PERIOD_CLOSED
SH012,REC-SH012-202605-0217,2026-05-27,120.00,112.15,7.85,,,SKIPPED,PERIOD_CLOSED
SH026,REC-SH026-202605-0273,2026-05-27,690.00,644.86,45.14,,,SKIPPED,PERIOD_CLOSED
SH006,REC-SH006-202605-0420,2026-05-27,330.00,308.41,21.59,,,SKIPPED,PERIOD_CLOSED
SH024,REC-SH024-202605-0156,2026-05-27,410.00,383.18,26.82,,,SKIPPED,PERIOD_CLOSED
SH024,REC-SH024-202605-0157,2026-05-27,325.00,303.74,21.26,,,SKIPPED,PERIOD_CLOSED
SH001,REC-SH001-202605-0242,2026-05-27,3330.00,3112.15,217.85,,,SKIPPED,PERIOD_CLOSED
SH024,REC-SH024-202605-0158,2026-05-27,240.00,224.30,15.70,,,SKIPPED,PERIOD_CLOSED
SH010,REC-SH010-202605-0265,2026-05-27,80.00,74.77,5.23,,,SKIPPED,PERIOD_CLOSED
SH001,REC-SH001-202605-0243,2026-05-27,1560.00,1457.94,102.06,,,SKIPPED,PERIOD_CLOSED
SH025,REC-SH025-202605-0204,2026-05-27,80.00,74.77,5.23,,,SKIPPED,PERIOD_CLOSED
SH025,REC-SH025-202605-0205,2026-05-27,80.00,74.77,5.23,,,SKIPPED,PERIOD_CLOSED
SH025,REC-SH025-202605-0206,2026-05-27,240.00,224.30,15.70,,,SKIPPED,PERIOD_CLOSED
SH025,REC-SH025-202605-0207,2026-05-27,80.00,74.77,5.23,,,SKIPPED,PERIOD_CLOSED
SH030,REC-SH030-202605-0039,2026-05-28,240.00,224.30,15.70,,,SKIPPED,PERIOD_CLOSED
SH010,REC-SH010-202605-0266,2026-05-28,120.00,112.15,7.85,,,SKIPPED,PERIOD_CLOSED
SH001,REC-SH001-202605-0244,2026-05-28,660.00,616.82,43.18,,,SKIPPED,PERIOD_CLOSED
SH010,REC-SH010-202605-0267,2026-05-28,460.00,429.91,30.09,,,SKIPPED,PERIOD_CLOSED
SH010,REC-SH010-202605-0268,2026-05-28,1380.00,1289.72,90.28,,,SKIPPED,PERIOD_CLOSED
SH006,REC-SH006-202605-0421,2026-05-28,1320.00,1233.64,86.36,,,SKIPPED,PERIOD_CLOSED
SH010,REC-SH010-202605-0269,2026-05-28,460.00,429.91,30.09,,,SKIPPED,PERIOD_CLOSED
SH006,REC-SH006-202605-0422,2026-05-28,1400.00,1308.41,91.59,,,SKIPPED,PERIOD_CLOSED
SH028,REC-SH028-202605-0063,2026-05-28,160.00,149.53,10.47,,,SKIPPED,PERIOD_CLOSED
SH024,REC-SH024-202605-0159,2026-05-28,2830.00,2644.86,185.14,,,SKIPPED,PERIOD_CLOSED
SH001,REC-SH001-202605-0245,2026-05-28,4800.00,4485.98,314.02,,,SKIPPED,PERIOD_CLOSED
SH024,REC-SH024-202605-0160,2026-05-28,130.00,121.50,8.50,,,SKIPPED,PERIOD_CLOSED
SH025,REC-SH025-202605-0208,2026-05-28,120.00,112.15,7.85,,,SKIPPED,PERIOD_CLOSED
SH024,REC-SH024-202605-0161,2026-05-28,1320.00,1233.64,86.36,,,SKIPPED,PERIOD_CLOSED
SH026,REC-SH026-202605-0274,2026-05-28,80.00,74.77,5.23,,,SKIPPED,PERIOD_CLOSED
SH012,REC-SH012-202605-0218,2026-05-28,120.00,112.15,7.85,,,SKIPPED,PERIOD_CLOSED
SH030,REC-SH030-202605-0040,2026-05-28,80.00,74.77,5.23,,,SKIPPED,PERIOD_CLOSED
SH006,REC-SH006-202605-0423,2026-05-28,480.00,448.60,31.40,,,SKIPPED,PERIOD_CLOSED
SH001,REC-SH001-202605-0246,2026-05-28,660.00,616.82,43.18,,,SKIPPED,PERIOD_CLOSED
SH026,REC-SH026-202605-0275,2026-05-28,460.00,429.91,30.09,,,SKIPPED,PERIOD_CLOSED
SH026,REC-SH026-202605-0276,2026-05-28,440.00,411.21,28.79,,,SKIPPED,PERIOD_CLOSED
SH024,REC-SH024-202605-0162,2026-05-28,80.00,74.77,5.23,,,SKIPPED,PERIOD_CLOSED
SH012,REC-SH012-202605-0219,2026-05-28,130.00,121.50,8.50,,,SKIPPED,PERIOD_CLOSED
SH012,REC-SH012-202605-0220,2026-05-28,220.00,205.61,14.39,,,SKIPPED,PERIOD_CLOSED
SH006,REC-SH006-202605-0424,2026-05-28,120.00,112.15,7.85,,,SKIPPED,PERIOD_CLOSED
SH026,REC-SH026-202605-0277,2026-05-28,160.00,149.53,10.47,,,SKIPPED,PERIOD_CLOSED
SH006,REC-SH006-202605-0425,2026-05-28,240.00,224.30,15.70,,,SKIPPED,PERIOD_CLOSED
SH010,REC-SH010-202605-0270,2026-05-28,3290.00,3074.77,215.23,,,SKIPPED,PERIOD_CLOSED
SH001,REC-SH001-202605-0247,2026-05-28,240.00,224.30,15.70,,,SKIPPED,PERIOD_CLOSED
SH006,REC-SH006-202605-0426,2026-05-28,120.00,112.15,7.85,,,SKIPPED,PERIOD_CLOSED
SH012,REC-SH012-202605-0221,2026-05-28,2720.00,2542.06,177.94,,,SKIPPED,PERIOD_CLOSED
SH006,REC-SH006-202605-0427,2026-05-28,160.00,149.53,10.47,,,SKIPPED,PERIOD_CLOSED
SH012,REC-SH012-202605-0222,2026-05-28,130.00,121.50,8.50,,,SKIPPED,PERIOD_CLOSED
SH006,REC-SH006-202605-0428,2026-05-28,325.00,303.74,21.26,,,SKIPPED,PERIOD_CLOSED
SH025,REC-SH025-202605-0209,2026-05-28,325.00,303.74,21.26,,,SKIPPED,PERIOD_CLOSED
SH001,REC-SH001-202605-0248,2026-05-28,320.00,299.07,20.93,,,SKIPPED,PERIOD_CLOSED
SH028,REC-SH028-202605-0064,2026-05-28,80.00,74.77,5.23,,,SKIPPED,PERIOD_CLOSED
SH024,REC-SH024-202605-0163,2026-05-28,180.00,168.22,11.78,,,SKIPPED,PERIOD_CLOSED
SH025,REC-SH025-202605-0210,2026-05-28,300.00,280.37,19.63,,,SKIPPED,PERIOD_CLOSED
SH024,REC-SH024-202605-0164,2026-05-28,240.00,224.30,15.70,,,SKIPPED,PERIOD_CLOSED
SH001,REC-SH001-202605-0249,2026-05-28,1380.00,1289.72,90.28,,,SKIPPED,PERIOD_CLOSED
SH001,REC-SH001-202605-0250,2026-05-28,1620.00,1514.02,105.98,,,SKIPPED,PERIOD_CLOSED
SH025,REC-SH025-202605-0211,2026-05-28,200.00,186.92,13.08,,,SKIPPED,PERIOD_CLOSED
SH006,REC-SH006-202605-0429,2026-05-28,240.00,224.30,15.70,,,SKIPPED,PERIOD_CLOSED
SH001,REC-SH001-202605-0251,2026-05-28,120.00,112.15,7.85,,,SKIPPED,PERIOD_CLOSED
SH024,REC-SH024-202605-0165,2026-05-28,400.00,373.83,26.17,,,SKIPPED,PERIOD_CLOSED
SH006,REC-SH006-202605-0430,2026-05-28,325.00,303.74,21.26,,,SKIPPED,PERIOD_CLOSED
SH010,REC-SH010-202605-0271,2026-05-28,3990.00,3728.97,261.03,,,SKIPPED,PERIOD_CLOSED
SH026,REC-SH026-202605-0278,2026-05-28,100.00,93.46,6.54,,,SKIPPED,PERIOD_CLOSED
SH001,REC-SH001-202605-0252,2026-05-28,1320.00,1233.64,86.36,,,SKIPPED,PERIOD_CLOSED
SH010,REC-SH010-202605-0272,2026-05-28,160.00,149.53,10.47,,,SKIPPED,PERIOD_CLOSED
SH006,REC-SH006-202605-0431,2026-05-28,120.00,112.15,7.85,,,SKIPPED,PERIOD_CLOSED
SH010,REC-SH010-202605-0273,2026-05-28,2760.00,2579.44,180.56,,,SKIPPED,PERIOD_CLOSED
SH006,REC-SH006-202605-0432,2026-05-28,80.00,74.77,5.23,,,SKIPPED,PERIOD_CLOSED
SH026,REC-SH026-202605-0279,2026-05-28,80.00,74.77,5.23,,,SKIPPED,PERIOD_CLOSED
SH025,REC-SH025-202605-0212,2026-05-28,80.00,74.77,5.23,,,SKIPPED,PERIOD_CLOSED
SH010,REC-SH010-202605-0274,2026-05-28,200.00,186.92,13.08,,,SKIPPED,PERIOD_CLOSED
SH010,REC-SH010-202605-0275,2026-05-28,140.00,130.84,9.16,,,SKIPPED,PERIOD_CLOSED
SH026,REC-SH026-202605-0280,2026-05-28,660.00,616.82,43.18,,,SKIPPED,PERIOD_CLOSED
SH010,REC-SH010-202605-0276,2026-05-28,120.00,112.15,7.85,,,SKIPPED,PERIOD_CLOSED
SH001,REC-SH001-202605-0253,2026-05-28,680.00,635.51,44.49,,,SKIPPED,PERIOD_CLOSED
SH025,REC-SH025-202605-0213,2026-05-28,160.00,149.53,10.47,,,SKIPPED,PERIOD_CLOSED
SH028,REC-SH028-202605-0065,2026-05-28,1620.00,1514.02,105.98,,,SKIPPED,PERIOD_CLOSED
SH006,REC-SH006-202605-0433,2026-05-28,240.00,224.30,15.70,,,SKIPPED,PERIOD_CLOSED
SH024,REC-SH024-202605-0166,2026-05-29,240.00,224.30,15.70,,,SKIPPED,PERIOD_CLOSED
SH012,REC-SH012-202605-0223,2026-05-29,380.00,355.14,24.86,,,SKIPPED,PERIOD_CLOSED
SH012,REC-SH012-202605-0224,2026-05-29,450.00,420.56,29.44,,,SKIPPED,PERIOD_CLOSED
SH012,REC-SH012-202605-0225,2026-05-29,1320.00,1233.64,86.36,,,SKIPPED,PERIOD_CLOSED
SH006,REC-SH006-202605-0434,2026-05-29,325.00,303.74,21.26,,,SKIPPED,PERIOD_CLOSED
SH026,REC-SH026-202605-0281,2026-05-29,120.00,112.15,7.85,,,SKIPPED,PERIOD_CLOSED
SH006,REC-SH006-202605-0435,2026-05-29,150.00,140.19,9.81,,,SKIPPED,PERIOD_CLOSED
SH010,REC-SH010-202605-0277,2026-05-29,240.00,224.30,15.70,,,SKIPPED,PERIOD_CLOSED
SH010,REC-SH010-202605-0278,2026-05-29,80.00,74.77,5.23,,,SKIPPED,PERIOD_CLOSED
SH001,REC-SH001-202605-0254,2026-05-29,80.00,74.77,5.23,,,SKIPPED,PERIOD_CLOSED
SH006,REC-SH006-202605-0436,2026-05-29,150.00,140.19,9.81,,,SKIPPED,PERIOD_CLOSED
SH001,REC-SH001-202605-0255,2026-05-29,120.00,112.15,7.85,,,SKIPPED,PERIOD_CLOSED
SH012,REC-SH012-202605-0226,2026-05-29,160.00,149.53,10.47,,,SKIPPED,PERIOD_CLOSED
SH026,REC-SH026-202605-0282,2026-05-29,460.00,429.91,30.09,,,SKIPPED,PERIOD_CLOSED
SH026,REC-SH026-202605-0283,2026-05-29,300.00,280.37,19.63,,,SKIPPED,PERIOD_CLOSED
SH010,REC-SH010-202605-0279,2026-05-29,1710.00,1598.13,111.87,,,SKIPPED,PERIOD_CLOSED
SH012,REC-SH012-202605-0227,2026-05-29,120.00,112.15,7.85,,,SKIPPED,PERIOD_CLOSED
SH026,REC-SH026-202605-0284,2026-05-29,330.00,308.41,21.59,,,SKIPPED,PERIOD_CLOSED
SH006,REC-SH006-202605-0437,2026-05-29,80.00,74.77,5.23,,,SKIPPED,PERIOD_CLOSED
SH025,REC-SH025-202605-0214,2026-05-29,1600.00,1495.33,104.67,,,SKIPPED,PERIOD_CLOSED
SH012,REC-SH012-202605-0228,2026-05-29,80.00,74.77,5.23,,,SKIPPED,PERIOD_CLOSED
SH026,REC-SH026-202605-0285,2026-05-29,1140.00,1065.42,74.58,,,SKIPPED,PERIOD_CLOSED
SH012,REC-SH012-202605-0229,2026-05-29,2870.00,2682.24,187.76,,,SKIPPED,PERIOD_CLOSED
SH001,REC-SH001-202605-0256,2026-05-29,1250.00,1168.22,81.78,,,SKIPPED,PERIOD_CLOSED
SH012,REC-SH012-202605-0230,2026-05-29,1620.00,1514.02,105.98,,,SKIPPED,PERIOD_CLOSED
SH012,REC-SH012-202605-0231,2026-05-29,3240.00,3028.04,211.96,,,SKIPPED,PERIOD_CLOSED
SH030,REC-SH030-202605-0041,2026-05-29,240.00,224.30,15.70,,,SKIPPED,PERIOD_CLOSED
SH012,REC-SH012-202605-0232,2026-05-29,240.00,224.30,15.70,,,SKIPPED,PERIOD_CLOSED
SH012,REC-SH012-202605-0233,2026-05-29,80.00,74.77,5.23,,,SKIPPED,PERIOD_CLOSED
SH025,REC-SH025-202605-0215,2026-05-29,160.00,149.53,10.47,,,SKIPPED,PERIOD_CLOSED
SH026,REC-SH026-202605-0286,2026-05-29,410.00,383.18,26.82,,,SKIPPED,PERIOD_CLOSED
SH026,REC-SH026-202605-0287,2026-05-29,220.00,205.61,14.39,,,SKIPPED,PERIOD_CLOSED
SH010,REC-SH010-202605-0280,2026-05-29,80.00,74.77,5.23,,,SKIPPED,PERIOD_CLOSED
SH010,REC-SH010-202605-0281,2026-05-29,80.00,74.77,5.23,,,SKIPPED,PERIOD_CLOSED
SH025,REC-SH025-202605-0216,2026-05-29,330.00,308.41,21.59,,,SKIPPED,PERIOD_CLOSED
SH001,REC-SH001-202605-0257,2026-05-29,1620.00,1514.02,105.98,,,SKIPPED,PERIOD_CLOSED
SH001,REC-SH001-202605-0258,2026-05-29,370.00,345.79,24.21,,,SKIPPED,PERIOD_CLOSED
SH006,REC-SH006-202605-0438,2026-05-29,700.00,654.21,45.79,,,SKIPPED,PERIOD_CLOSED
SH006,REC-SH006-202605-0439,2026-05-29,445.00,415.89,29.11,,,SKIPPED,PERIOD_CLOSED
SH025,REC-SH025-202605-0217,2026-05-29,160.00,149.53,10.47,,,SKIPPED,PERIOD_CLOSED
SH026,REC-SH026-202605-0288,2026-05-29,160.00,149.53,10.47,,,SKIPPED,PERIOD_CLOSED
SH010,REC-SH010-202605-0282,2026-05-29,325.00,303.74,21.26,,,SKIPPED,PERIOD_CLOSED
SH006,REC-SH006-202605-0440,2026-05-29,160.00,149.53,10.47,,,SKIPPED,PERIOD_CLOSED
SH024,REC-SH024-202605-0167,2026-05-29,330.00,308.41,21.59,,,SKIPPED,PERIOD_CLOSED
SH024,REC-SH024-202605-0168,2026-05-29,300.00,280.37,19.63,,,SKIPPED,PERIOD_CLOSED
SH024,REC-SH024-202605-0169,2026-05-29,60.00,56.07,3.93,,,SKIPPED,PERIOD_CLOSED
SH006,REC-SH006-202605-0441,2026-05-29,160.00,149.53,10.47,,,SKIPPED,PERIOD_CLOSED
SH010,REC-SH010-202605-0283,2026-05-29,120.00,112.15,7.85,,,SKIPPED,PERIOD_CLOSED
SH025,REC-SH025-202605-0218,2026-05-29,460.00,429.91,30.09,,,SKIPPED,PERIOD_CLOSED
SH006,REC-SH006-202605-0442,2026-05-29,400.00,373.83,26.17,,,SKIPPED,PERIOD_CLOSED
SH006,REC-SH006-202605-0443,2026-05-29,240.00,224.30,15.70,,,SKIPPED,PERIOD_CLOSED
SH025,REC-SH025-202605-0219,2026-05-29,80.00,74.77,5.23,,,SKIPPED,PERIOD_CLOSED
SH010,REC-SH010-202605-0284,2026-05-29,320.00,299.07,20.93,,,SKIPPED,PERIOD_CLOSED
SH006,REC-SH006-202605-0444,2026-05-29,2460.00,2299.07,160.93,,,SKIPPED,PERIOD_CLOSED
SH006,REC-SH006-202605-0445,2026-05-29,80.00,74.77,5.23,,,SKIPPED,PERIOD_CLOSED
SH006,REC-SH006-202605-0446,2026-05-29,700.00,654.21,45.79,,,SKIPPED,PERIOD_CLOSED
SH006,REC-SH006-202605-0447,2026-05-29,150.00,140.19,9.81,,,SKIPPED,PERIOD_CLOSED
SH024,REC-SH024-202605-0170,2026-05-29,60.00,56.07,3.93,,,SKIPPED,PERIOD_CLOSED
SH024,REC-SH024-202605-0171,2026-05-29,30.00,28.04,1.96,,,SKIPPED,PERIOD_CLOSED
SH012,REC-SH012-202605-0234,2026-05-30,580.00,542.06,37.94,,,SKIPPED,PERIOD_CLOSED
SH028,REC-SH028-202605-0066,2026-05-30,2200.00,2056.07,143.93,,,SKIPPED,PERIOD_CLOSED
SH026,REC-SH026-202605-0289,2026-05-30,120.00,112.15,7.85,,,SKIPPED,PERIOD_CLOSED
SH012,REC-SH012-202605-0235,2026-05-30,80.00,74.77,5.23,,,SKIPPED,PERIOD_CLOSED
SH010,REC-SH010-202605-0285,2026-05-30,160.00,149.53,10.47,,,SKIPPED,PERIOD_CLOSED
SH010,REC-SH010-202605-0286,2026-05-30,160.00,149.53,10.47,,,SKIPPED,PERIOD_CLOSED
SH010,REC-SH010-202605-0287,2026-05-30,290.00,271.03,18.97,,,SKIPPED,PERIOD_CLOSED
SH026,REC-SH026-202605-0290,2026-05-30,120.00,112.15,7.85,,,SKIPPED,PERIOD_CLOSED
SH001,REC-SH001-202605-0259,2026-05-30,1380.00,1289.72,90.28,,,SKIPPED,PERIOD_CLOSED
SH012,REC-SH012-202605-0236,2026-05-30,410.00,383.18,26.82,,,SKIPPED,PERIOD_CLOSED
SH012,REC-SH012-202605-0237,2026-05-30,60.00,56.07,3.93,,,SKIPPED,PERIOD_CLOSED
SH025,REC-SH025-202605-0220,2026-05-30,160.00,149.53,10.47,,,SKIPPED,PERIOD_CLOSED
SH006,REC-SH006-202605-0448,2026-05-30,700.00,654.21,45.79,,,SKIPPED,PERIOD_CLOSED
SH026,REC-SH026-202605-0291,2026-05-30,120.00,112.15,7.85,,,SKIPPED,PERIOD_CLOSED
SH006,REC-SH006-202605-0449,2026-05-30,100.00,93.46,6.54,,,SKIPPED,PERIOD_CLOSED
SH025,REC-SH025-202605-0221,2026-05-30,80.00,74.77,5.23,,,SKIPPED,PERIOD_CLOSED
SH024,REC-SH024-202605-0172,2026-05-30,660.00,616.82,43.18,,,SKIPPED,PERIOD_CLOSED
SH006,REC-SH006-202605-0450,2026-05-30,325.00,303.74,21.26,,,SKIPPED,PERIOD_CLOSED
SH010,REC-SH010-202605-0288,2026-05-30,330.00,308.41,21.59,,,SKIPPED,PERIOD_CLOSED
SH010,REC-SH010-202605-0289,2026-05-30,60.00,56.07,3.93,,,SKIPPED,PERIOD_CLOSED
SH001,REC-SH001-202605-0260,2026-05-30,4550.00,4252.34,297.66,,,SKIPPED,PERIOD_CLOSED
SH025,REC-SH025-202605-0222,2026-05-30,800.00,747.66,52.34,,,SKIPPED,PERIOD_CLOSED
SH026,REC-SH026-202605-0292,2026-05-30,2460.00,2299.07,160.93,,,SKIPPED,PERIOD_CLOSED
SH010,REC-SH010-202605-0290,2026-05-30,120.00,112.15,7.85,,,SKIPPED,PERIOD_CLOSED
SH006,REC-SH006-202605-0451,2026-05-30,80.00,74.77,5.23,,,SKIPPED,PERIOD_CLOSED
SH006,REC-SH006-202605-0452,2026-05-30,1690.00,1579.44,110.56,,,SKIPPED,PERIOD_CLOSED
SH025,REC-SH025-202605-0223,2026-05-30,220.00,205.61,14.39,,,SKIPPED,PERIOD_CLOSED
SH001,REC-SH001-202605-0261,2026-05-30,80.00,74.77,5.23,,,SKIPPED,PERIOD_CLOSED
SH001,REC-SH001-202605-0262,2026-05-30,80.00,74.77,5.23,,,SKIPPED,PERIOD_CLOSED
SH006,REC-SH006-202605-0453,2026-05-30,320.00,299.07,20.93,,,SKIPPED,PERIOD_CLOSED
SH001,REC-SH001-202605-0263,2026-05-30,1580.00,1476.64,103.36,,,SKIPPED,PERIOD_CLOSED
SH012,REC-SH012-202605-0238,2026-05-30,240.00,224.30,15.70,,,SKIPPED,PERIOD_CLOSED
SH001,REC-SH001-202605-0264,2026-05-30,330.00,308.41,21.59,,,SKIPPED,PERIOD_CLOSED
SH012,REC-SH012-202605-0239,2026-05-30,120.00,112.15,7.85,,,SKIPPED,PERIOD_CLOSED
SH026,REC-SH026-202605-0293,2026-05-30,330.00,308.41,21.59,,,SKIPPED,PERIOD_CLOSED
SH006,REC-SH006-202605-0454,2026-05-30,240.00,224.30,15.70,,,SKIPPED,PERIOD_CLOSED
SH001,REC-SH001-202605-0265,2026-05-30,1580.00,1476.64,103.36,,,SKIPPED,PERIOD_CLOSED
SH024,REC-SH024-202605-0173,2026-05-30,490.00,457.94,32.06,,,SKIPPED,PERIOD_CLOSED
SH006,REC-SH006-202605-0455,2026-05-30,325.00,303.74,21.26,,,SKIPPED,PERIOD_CLOSED
SH024,REC-SH024-202605-0174,2026-05-30,120.00,112.15,7.85,,,SKIPPED,PERIOD_CLOSED
SH024,REC-SH024-202605-0175,2026-05-30,330.00,308.41,21.59,,,SKIPPED,PERIOD_CLOSED
SH026,REC-SH026-202605-0294,2026-05-30,80.00,74.77,5.23,,,SKIPPED,PERIOD_CLOSED
SH025,REC-SH025-202605-0224,2026-05-30,989.00,924.30,64.70,,,SKIPPED,PERIOD_CLOSED
SH010,REC-SH010-202605-0291,2026-05-30,480.00,448.60,31.40,,,SKIPPED,PERIOD_CLOSED
SH006,REC-SH006-202605-0456,2026-05-30,530.00,495.33,34.67,,,SKIPPED,PERIOD_CLOSED
SH001,REC-SH001-202605-0266,2026-05-30,2870.00,2682.24,187.76,,,SKIPPED,PERIOD_CLOSED
SH024,REC-SH024-202605-0176,2026-05-30,80.00,74.77,5.23,,,SKIPPED,PERIOD_CLOSED
SH006,REC-SH006-202605-0457,2026-05-30,400.00,373.83,26.17,,,SKIPPED,PERIOD_CLOSED
SH010,REC-SH010-202605-0292,2026-05-30,3130.00,2925.23,204.77,,,SKIPPED,PERIOD_CLOSED
SH010,REC-SH010-202605-0293,2026-05-30,2460.00,2299.07,160.93,,,SKIPPED,PERIOD_CLOSED
SH010,REC-SH010-202605-0294,2026-05-30,1710.00,1598.13,111.87,,,SKIPPED,PERIOD_CLOSED
SH024,REC-SH024-202605-0177,2026-05-30,780.00,728.97,51.03,,,SKIPPED,PERIOD_CLOSED
SH030,REC-SH030-202605-0042,2026-05-30,240.00,224.30,15.70,,,SKIPPED,PERIOD_CLOSED
SH012,REC-SH012-202605-0240,2026-05-30,120.00,112.15,7.85,,,SKIPPED,PERIOD_CLOSED
SH010,REC-SH010-202605-0295,2026-05-30,130.00,121.50,8.50,,,SKIPPED,PERIOD_CLOSED
SH006,REC-SH006-202605-0458,2026-05-30,120.00,112.15,7.85,,,SKIPPED,PERIOD_CLOSED
SH006,REC-SH006-202605-0459,2026-05-30,240.00,224.30,15.70,,,SKIPPED,PERIOD_CLOSED
SH026,REC-SH026-202605-0295,2026-05-30,120.00,112.15,7.85,,,SKIPPED,PERIOD_CLOSED
SH010,REC-SH010-202605-0296,2026-05-30,80.00,74.77,5.23,,,SKIPPED,PERIOD_CLOSED
SH006,REC-SH006-202605-0460,2026-05-30,360.00,336.45,23.55,,,SKIPPED,PERIOD_CLOSED
SH006,REC-SH006-202605-0461,2026-05-30,325.00,303.74,21.26,,,SKIPPED,PERIOD_CLOSED
SH006,REC-SH006-202605-0462,2026-05-30,240.00,224.30,15.70,,,SKIPPED,PERIOD_CLOSED
SH026,REC-SH026-202605-0296,2026-05-30,80.00,74.77,5.23,,,SKIPPED,PERIOD_CLOSED
SH025,REC-SH025-202605-0225,2026-05-30,240.00,224.30,15.70,,,SKIPPED,PERIOD_CLOSED
SH001,REC-SH001-202605-0267,2026-05-30,220.00,205.61,14.39,,,SKIPPED,PERIOD_CLOSED
SH012,REC-SH012-202605-0241,2026-05-30,160.00,149.53,10.47,,,SKIPPED,PERIOD_CLOSED
SH025,REC-SH025-202605-0226,2026-05-30,240.00,224.30,15.70,,,SKIPPED,PERIOD_CLOSED
SH006,REC-SH006-202605-0463,2026-05-30,120.00,112.15,7.85,,,SKIPPED,PERIOD_CLOSED
SH026,REC-SH026-202605-0297,2026-05-30,120.00,112.15,7.85,,,SKIPPED,PERIOD_CLOSED
SH010,REC-SH010-202605-0297,2026-05-30,160.00,149.53,10.47,,,SKIPPED,PERIOD_CLOSED
SH012,REC-SH012-202605-0242,2026-05-30,900.00,841.12,58.88,,,SKIPPED,PERIOD_CLOSED
SH030,REC-SH030-202605-0043,2026-05-30,1580.00,1476.64,103.36,,,SKIPPED,PERIOD_CLOSED
SH006,REC-SH006-202605-0464,2026-05-30,290.00,271.03,18.97,,,SKIPPED,PERIOD_CLOSED
SH012,REC-SH012-202605-0243,2026-05-30,120.00,112.15,7.85,,,SKIPPED,PERIOD_CLOSED
SH006,REC-SH006-202605-0465,2026-05-30,160.00,149.53,10.47,,,SKIPPED,PERIOD_CLOSED
SH006,REC-SH006-202605-0466,2026-05-30,350.00,327.10,22.90,,,SKIPPED,PERIOD_CLOSED
SH012,REC-SH012-202605-0244,2026-05-30,200.00,186.92,13.08,,,SKIPPED,PERIOD_CLOSED
SH006,REC-SH006-202605-0467,2026-05-30,80.00,74.77,5.23,,,SKIPPED,PERIOD_CLOSED
SH010,REC-SH010-202605-0298,2026-05-30,320.00,299.07,20.93,,,SKIPPED,PERIOD_CLOSED
SH026,REC-SH026-202605-0298,2026-05-30,160.00,149.53,10.47,,,SKIPPED,PERIOD_CLOSED
SH025,REC-SH025-202605-0227,2026-05-30,840.00,785.05,54.95,,,SKIPPED,PERIOD_CLOSED
SH001,REC-SH001-202605-0268,2026-05-30,1620.00,1514.02,105.98,,,SKIPPED,PERIOD_CLOSED
SH025,REC-SH025-202605-0228,2026-05-30,400.00,373.83,26.17,,,SKIPPED,PERIOD_CLOSED
SH024,REC-SH024-202605-0178,2026-05-30,80.00,74.77,5.23,,,SKIPPED,PERIOD_CLOSED
SH024,REC-SH024-202605-0179,2026-05-30,240.00,224.30,15.70,,,SKIPPED,PERIOD_CLOSED
SH001,REC-SH001-202605-0269,2026-05-30,1540.00,1439.25,100.75,,,SKIPPED,PERIOD_CLOSED
SH001,REC-SH001-202605-0270,2026-05-31,1580.00,1476.64,103.36,,,SKIPPED,PERIOD_CLOSED
SH001,REC-SH001-202605-0271,2026-05-31,580.00,542.06,37.94,,,SKIPPED,PERIOD_CLOSED
SH012,REC-SH012-202605-0245,2026-05-31,160.00,149.53,10.47,,,SKIPPED,PERIOD_CLOSED
SH006,REC-SH006-202605-0468,2026-05-31,1690.00,1579.44,110.56,,,SKIPPED,PERIOD_CLOSED
SH026,REC-SH026-202605-0299,2026-05-31,360.00,336.45,23.55,,,SKIPPED,PERIOD_CLOSED
SH010,REC-SH010-202605-0299,2026-05-31,190.00,177.57,12.43,,,SKIPPED,PERIOD_CLOSED
SH006,REC-SH006-202605-0469,2026-05-31,240.00,224.30,15.70,,,SKIPPED,PERIOD_CLOSED
SH025,REC-SH025-202605-0229,2026-05-31,460.00,429.91,30.09,,,SKIPPED,PERIOD_CLOSED
SH010,REC-SH010-202605-0300,2026-05-31,80.00,74.77,5.23,,,SKIPPED,PERIOD_CLOSED
SH012,REC-SH012-202605-0246,2026-05-31,80.00,74.77,5.23,,,SKIPPED,PERIOD_CLOSED
SH010,REC-SH010-202605-0301,2026-05-31,240.00,224.30,15.70,,,SKIPPED,PERIOD_CLOSED
SH025,REC-SH025-202605-0230,2026-05-31,600.00,560.75,39.25,,,SKIPPED,PERIOD_CLOSED
SH012,REC-SH012-202605-0247,2026-05-31,160.00,149.53,10.47,,,SKIPPED,PERIOD_CLOSED
SH001,REC-SH001-202605-0272,2026-05-31,1320.00,1233.64,86.36,,,SKIPPED,PERIOD_CLOSED
SH001,REC-SH001-202605-0273,2026-05-31,660.00,616.82,43.18,,,SKIPPED,PERIOD_CLOSED
SH010,REC-SH010-202605-0302,2026-05-31,410.00,383.18,26.82,,,SKIPPED,PERIOD_CLOSED
SH012,REC-SH012-202605-0248,2026-05-31,560.00,523.36,36.64,,,SKIPPED,PERIOD_CLOSED
SH012,REC-SH012-202605-0249,2026-05-31,80.00,74.77,5.23,,,SKIPPED,PERIOD_CLOSED
SH026,REC-SH026-202605-0300,2026-05-31,120.00,112.15,7.85,,,SKIPPED,PERIOD_CLOSED
SH006,REC-SH006-202605-0470,2026-05-31,120.00,112.15,7.85,,,SKIPPED,PERIOD_CLOSED
SH006,REC-SH006-202605-0471,2026-05-31,680.00,635.51,44.49,,,SKIPPED,PERIOD_CLOSED
SH024,REC-SH024-202605-0180,2026-05-31,160.00,149.53,10.47,,,SKIPPED,PERIOD_CLOSED
SH026,REC-SH026-202605-0301,2026-05-31,640.00,598.13,41.87,,,SKIPPED,PERIOD_CLOSED
SH012,REC-SH012-202605-0250,2026-05-31,580.00,542.06,37.94,,,SKIPPED,PERIOD_CLOSED
SH012,REC-SH012-202605-0251,2026-05-31,240.00,224.30,15.70,,,SKIPPED,PERIOD_CLOSED
SH001,REC-SH001-202605-0274,2026-05-31,610.00,570.09,39.91,,,SKIPPED,PERIOD_CLOSED
SH026,REC-SH026-202605-0302,2026-05-31,240.00,224.30,15.70,,,SKIPPED,PERIOD_CLOSED
SH001,REC-SH001-202605-0275,2026-05-31,260.00,242.99,17.01,,,SKIPPED,PERIOD_CLOSED
SH006,REC-SH006-202605-0472,2026-05-31,160.00,149.53,10.47,,,SKIPPED,PERIOD_CLOSED
SH010,REC-SH010-202605-0303,2026-05-31,1750.00,1635.51,114.49,,,SKIPPED,PERIOD_CLOSED
SH012,REC-SH012-202605-0252,2026-05-31,530.00,495.33,34.67,,,SKIPPED,PERIOD_CLOSED
SH001,REC-SH001-202605-0276,2026-05-31,580.00,542.06,37.94,,,SKIPPED,PERIOD_CLOSED
SH012,REC-SH012-202605-0253,2026-05-31,450.00,420.56,29.44,,,SKIPPED,PERIOD_CLOSED
SH001,REC-SH001-202605-0277,2026-05-31,1380.00,1289.72,90.28,,,SKIPPED,PERIOD_CLOSED
SH006,REC-SH006-202605-0473,2026-05-31,420.00,392.52,27.48,,,SKIPPED,PERIOD_CLOSED
SH024,REC-SH024-202605-0181,2026-05-31,330.00,308.41,21.59,,,SKIPPED,PERIOD_CLOSED
SH026,REC-SH026-202605-0303,2026-05-31,160.00,149.53,10.47,,,SKIPPED,PERIOD_CLOSED
SH026,REC-SH026-202605-0304,2026-05-31,1320.00,1233.64,86.36,,,SKIPPED,PERIOD_CLOSED
SH001,REC-SH001-202605-0278,2026-05-31,1580.00,1476.64,103.36,,,SKIPPED,PERIOD_CLOSED
SH025,REC-SH025-202605-0231,2026-05-31,760.00,710.28,49.72,,,SKIPPED,PERIOD_CLOSED
SH024,REC-SH024-202605-0182,2026-05-31,460.00,429.91,30.09,,,SKIPPED,PERIOD_CLOSED
SH026,REC-SH026-202605-0305,2026-05-31,100.00,93.46,6.54,,,SKIPPED,PERIOD_CLOSED
SH026,REC-SH026-202605-0306,2026-05-31,160.00,149.53,10.47,,,SKIPPED,PERIOD_CLOSED
SH006,REC-SH006-202605-0474,2026-05-31,120.00,112.15,7.85,,,SKIPPED,PERIOD_CLOSED
SH026,REC-SH026-202605-0307,2026-05-31,120.00,112.15,7.85,,,SKIPPED,PERIOD_CLOSED
SH006,REC-SH006-202605-0475,2026-05-31,160.00,149.53,10.47,,,SKIPPED,PERIOD_CLOSED
SH010,REC-SH010-202605-0304,2026-05-31,160.00,149.53,10.47,,,SKIPPED,PERIOD_CLOSED
SH024,REC-SH024-202605-0183,2026-05-31,120.00,112.15,7.85,,,SKIPPED,PERIOD_CLOSED
SH001,REC-SH001-202605-0279,2026-05-31,7950.00,7429.91,520.09,,,SKIPPED,PERIOD_CLOSED
SH001,REC-SH001-202605-0280,2026-05-31,120.00,112.15,7.85,,,SKIPPED,PERIOD_CLOSED
SH010,REC-SH010-202605-0305,2026-05-31,660.00,616.82,43.18,,,SKIPPED,PERIOD_CLOSED
SH010,REC-SH010-202605-0306,2026-05-31,2610.00,2439.25,170.75,,,SKIPPED,PERIOD_CLOSED
SH010,REC-SH010-202605-0307,2026-05-31,2760.00,2579.44,180.56,,,SKIPPED,PERIOD_CLOSED
SH006,REC-SH006-202605-0476,2026-05-31,240.00,224.30,15.70,,,SKIPPED,PERIOD_CLOSED
SH025,REC-SH025-202605-0232,2026-05-31,200.00,186.92,13.08,,,SKIPPED,PERIOD_CLOSED
SH006,REC-SH006-202605-0477,2026-05-31,80.00,74.77,5.23,,,SKIPPED,PERIOD_CLOSED
SH006,REC-SH006-202605-0478,2026-05-31,220.00,205.61,14.39,,,SKIPPED,PERIOD_CLOSED
SH006,REC-SH006-202605-0479,2026-05-31,480.00,448.60,31.40,,,SKIPPED,PERIOD_CLOSED
SH010,REC-SH010-202605-0308,2026-05-31,80.00,74.77,5.23,,,SKIPPED,PERIOD_CLOSED
SH024,REC-SH024-202605-0184,2026-05-31,80.00,74.77,5.23,,,SKIPPED,PERIOD_CLOSED
SH026,REC-SH026-202605-0308,2026-05-31,120.00,112.15,7.85,,,SKIPPED,PERIOD_CLOSED
SH026,REC-SH026-202605-0309,2026-05-31,280.00,261.68,18.32,,,SKIPPED,PERIOD_CLOSED
SH010,REC-SH010-202605-0309,2026-05-31,240.00,224.30,15.70,,,SKIPPED,PERIOD_CLOSED
SH006,REC-SH006-202605-0480,2026-05-31,120.00,112.15,7.85,,,SKIPPED,PERIOD_CLOSED
SH026,REC-SH026-202605-0310,2026-05-31,120.00,112.15,7.85,,,SKIPPED,PERIOD_CLOSED
SH026,REC-SH026-202605-0311,2026-05-31,80.00,74.77,5.23,,,SKIPPED,PERIOD_CLOSED
SH010,REC-SH010-202605-0310,2026-05-31,80.00,74.77,5.23,,,SKIPPED,PERIOD_CLOSED
SH025,REC-SH025-202605-0233,2026-05-31,330.00,308.41,21.59,,,SKIPPED,PERIOD_CLOSED
