Branch,ReceiptNo,SaleDate,Gross,CalculatedNet,CalculatedVAT,COGS,Tender,Status,SkipReason
SH001,REC-SH001-202603-0001,2026-03-01,3120.00,2915.89,204.11,,,SKIPPED,PERIOD_NOT_OPENED
SH006,REC-SH006-202603-0001,2026-03-01,330.00,308.41,21.59,,,SKIPPED,PERIOD_NOT_OPENED
SH006,REC-SH006-202603-0002,2026-03-01,160.00,149.53,10.47,,,SKIPPED,PERIOD_NOT_OPENED
SH010,REC-SH010-202603-0001,2026-03-01,3210.00,3000.00,210.00,,,SKIPPED,PERIOD_NOT_OPENED
SH026,REC-SH026-202603-0001,2026-03-01,1760.00,1644.86,115.14,,,SKIPPED,PERIOD_NOT_OPENED
SH010,REC-SH010-202603-0002,2026-03-01,80.00,74.77,5.23,,,SKIPPED,PERIOD_NOT_OPENED
SH001,REC-SH001-202603-0002,2026-03-01,330.00,308.41,21.59,,,SKIPPED,PERIOD_NOT_OPENED
SH012,REC-SH012-202603-0001,2026-03-01,80.00,74.77,5.23,,,SKIPPED,PERIOD_NOT_OPENED
SH001,REC-SH001-202603-0003,2026-03-01,2760.00,2579.44,180.56,,,SKIPPED,PERIOD_NOT_OPENED
SH006,REC-SH006-202603-0003,2026-03-01,120.00,112.15,7.85,,,SKIPPED,PERIOD_NOT_OPENED
SH012,REC-SH012-202603-0002,2026-03-01,430.00,401.87,28.13,,,SKIPPED,PERIOD_NOT_OPENED
SH001,REC-SH001-202603-0004,2026-03-01,330.00,308.41,21.59,,,SKIPPED,PERIOD_NOT_OPENED
SH006,REC-SH006-202603-0004,2026-03-01,290.00,271.03,18.97,,,SKIPPED,PERIOD_NOT_OPENED
SH010,REC-SH010-202603-0003,2026-03-01,325.00,303.74,21.26,,,SKIPPED,PERIOD_NOT_OPENED
SH010,REC-SH010-202603-0004,2026-03-01,680.00,635.51,44.49,,,SKIPPED,PERIOD_NOT_OPENED
SH006,REC-SH006-202603-0005,2026-03-01,320.00,299.07,20.93,,,SKIPPED,PERIOD_NOT_OPENED
SH025,REC-SH025-202603-0001,2026-03-01,80.00,74.77,5.23,,,SKIPPED,PERIOD_NOT_OPENED
SH026,REC-SH026-202603-0002,2026-03-01,330.00,308.41,21.59,,,SKIPPED,PERIOD_NOT_OPENED
SH006,REC-SH006-202603-0006,2026-03-01,120.00,112.15,7.85,,,SKIPPED,PERIOD_NOT_OPENED
SH010,REC-SH010-202603-0005,2026-03-01,780.00,728.97,51.03,,,SKIPPED,PERIOD_NOT_OPENED
SH006,REC-SH006-202603-0007,2026-03-01,80.00,74.77,5.23,,,SKIPPED,PERIOD_NOT_OPENED
SH025,REC-SH025-202603-0002,2026-03-01,330.00,308.41,21.59,,,SKIPPED,PERIOD_NOT_OPENED
SH024,REC-SH024-202603-0001,2026-03-01,460.00,429.91,30.09,,,SKIPPED,PERIOD_NOT_OPENED
SH010,REC-SH010-202603-0006,2026-03-01,1870.00,1747.66,122.34,,,SKIPPED,PERIOD_NOT_OPENED
SH026,REC-SH026-202603-0003,2026-03-01,460.00,429.91,30.09,,,SKIPPED,PERIOD_NOT_OPENED
SH012,REC-SH012-202603-0003,2026-03-01,240.00,224.30,15.70,,,SKIPPED,PERIOD_NOT_OPENED
SH010,REC-SH010-202603-0007,2026-03-01,310.00,289.72,20.28,,,SKIPPED,PERIOD_NOT_OPENED
SH028,REC-SH028-202603-0001,2026-03-01,4030.00,3766.36,263.64,,,SKIPPED,PERIOD_NOT_OPENED
SH001,REC-SH001-202603-0005,2026-03-01,1600.00,1495.33,104.67,,,SKIPPED,PERIOD_NOT_OPENED
SH010,REC-SH010-202603-0008,2026-03-01,1560.00,1457.94,102.06,,,SKIPPED,PERIOD_NOT_OPENED
SH012,REC-SH012-202603-0004,2026-03-01,1650.00,1542.06,107.94,,,SKIPPED,PERIOD_NOT_OPENED
SH024,REC-SH024-202603-0002,2026-03-01,80.00,74.77,5.23,,,SKIPPED,PERIOD_NOT_OPENED
SH024,REC-SH024-202603-0003,2026-03-01,240.00,224.30,15.70,,,SKIPPED,PERIOD_NOT_OPENED
SH001,REC-SH001-202603-0006,2026-03-01,1230.00,1149.53,80.47,,,SKIPPED,PERIOD_NOT_OPENED
SH001,REC-SH001-202603-0007,2026-03-01,120.00,112.15,7.85,,,SKIPPED,PERIOD_NOT_OPENED
SH010,REC-SH010-202603-0009,2026-03-01,2460.00,2299.07,160.93,,,SKIPPED,PERIOD_NOT_OPENED
SH025,REC-SH025-202603-0003,2026-03-01,120.00,112.15,7.85,,,SKIPPED,PERIOD_NOT_OPENED
SH026,REC-SH026-202603-0004,2026-03-01,160.00,149.53,10.47,,,SKIPPED,PERIOD_NOT_OPENED
SH001,REC-SH001-202603-0008,2026-03-01,3090.00,2887.85,202.15,,,SKIPPED,PERIOD_NOT_OPENED
SH026,REC-SH026-202603-0005,2026-03-01,460.00,429.91,30.09,,,SKIPPED,PERIOD_NOT_OPENED
SH026,REC-SH026-202603-0006,2026-03-01,80.00,74.77,5.23,,,SKIPPED,PERIOD_NOT_OPENED
SH012,REC-SH012-202603-0005,2026-03-01,160.00,149.53,10.47,,,SKIPPED,PERIOD_NOT_OPENED
SH010,REC-SH010-202603-0010,2026-03-01,160.00,149.53,10.47,,,SKIPPED,PERIOD_NOT_OPENED
SH026,REC-SH026-202603-0007,2026-03-01,1230.00,1149.53,80.47,,,SKIPPED,PERIOD_NOT_OPENED
SH006,REC-SH006-202603-0008,2026-03-01,7480.00,6990.65,489.35,,,SKIPPED,PERIOD_NOT_OPENED
SH006,REC-SH006-202603-0009,2026-03-01,80.00,74.77,5.23,,,SKIPPED,PERIOD_NOT_OPENED
SH012,REC-SH012-202603-0006,2026-03-01,240.00,224.30,15.70,,,SKIPPED,PERIOD_NOT_OPENED
SH026,REC-SH026-202603-0008,2026-03-01,380.00,355.14,24.86,,,SKIPPED,PERIOD_NOT_OPENED
SH025,REC-SH025-202603-0004,2026-03-01,380.00,355.14,24.86,,,SKIPPED,PERIOD_NOT_OPENED
SH010,REC-SH010-202603-0011,2026-03-01,240.00,224.30,15.70,,,SKIPPED,PERIOD_NOT_OPENED
SH024,REC-SH024-202603-0004,2026-03-01,60.00,56.07,3.93,,,SKIPPED,PERIOD_NOT_OPENED
SH025,REC-SH025-202603-0005,2026-03-01,160.00,149.53,10.47,,,SKIPPED,PERIOD_NOT_OPENED
SH024,REC-SH024-202603-0005,2026-03-01,200.00,186.92,13.08,,,SKIPPED,PERIOD_NOT_OPENED
SH006,REC-SH006-202603-0010,2026-03-01,325.00,303.74,21.26,,,SKIPPED,PERIOD_NOT_OPENED
SH010,REC-SH010-202603-0012,2026-03-01,80.00,74.77,5.23,,,SKIPPED,PERIOD_NOT_OPENED
SH010,REC-SH010-202603-0013,2026-03-01,80.00,74.77,5.23,,,SKIPPED,PERIOD_NOT_OPENED
SH026,REC-SH026-202603-0009,2026-03-01,120.00,112.15,7.85,,,SKIPPED,PERIOD_NOT_OPENED
SH006,REC-SH006-202603-0011,2026-03-01,1940.00,1813.08,126.92,,,SKIPPED,PERIOD_NOT_OPENED
SH006,REC-SH006-202603-0012,2026-03-01,80.00,74.77,5.23,,,SKIPPED,PERIOD_NOT_OPENED
SH006,REC-SH006-202603-0013,2026-03-01,330.00,308.41,21.59,,,SKIPPED,PERIOD_NOT_OPENED
SH006,REC-SH006-202603-0014,2026-03-01,320.00,299.07,20.93,,,SKIPPED,PERIOD_NOT_OPENED
SH006,REC-SH006-202603-0015,2026-03-01,160.00,149.53,10.47,,,SKIPPED,PERIOD_NOT_OPENED
SH006,REC-SH006-202603-0016,2026-03-01,460.00,429.91,30.09,,,SKIPPED,PERIOD_NOT_OPENED
SH024,REC-SH024-202603-0006,2026-03-01,240.00,224.30,15.70,,,SKIPPED,PERIOD_NOT_OPENED
SH010,REC-SH010-202603-0014,2026-03-01,80.00,74.77,5.23,,,SKIPPED,PERIOD_NOT_OPENED
SH006,REC-SH006-202603-0017,2026-03-01,160.00,149.53,10.47,,,SKIPPED,PERIOD_NOT_OPENED
SH010,REC-SH010-202603-0015,2026-03-01,330.00,308.41,21.59,,,SKIPPED,PERIOD_NOT_OPENED
SH001,REC-SH001-202603-0009,2026-03-01,1750.00,1635.51,114.49,,,SKIPPED,PERIOD_NOT_OPENED
SH010,REC-SH010-202603-0016,2026-03-01,160.00,149.53,10.47,,,SKIPPED,PERIOD_NOT_OPENED
SH006,REC-SH006-202603-0018,2026-03-01,80.00,74.77,5.23,,,SKIPPED,PERIOD_NOT_OPENED
SH001,REC-SH001-202603-0010,2026-03-01,540.00,504.67,35.33,,,SKIPPED,PERIOD_NOT_OPENED
SH025,REC-SH025-202603-0006,2026-03-01,190.00,177.57,12.43,,,SKIPPED,PERIOD_NOT_OPENED
SH001,REC-SH001-202603-0011,2026-03-02,1220.00,1140.19,79.81,,,SKIPPED,PERIOD_NOT_OPENED
SH026,REC-SH026-202603-0010,2026-03-02,290.00,271.03,18.97,,,SKIPPED,PERIOD_NOT_OPENED
SH010,REC-SH010-202603-0017,2026-03-02,80.00,74.77,5.23,,,SKIPPED,PERIOD_NOT_OPENED
SH001,REC-SH001-202603-0012,2026-03-02,1350.00,1261.68,88.32,,,SKIPPED,PERIOD_NOT_OPENED
SH024,REC-SH024-202603-0007,2026-03-02,1320.00,1233.64,86.36,,,SKIPPED,PERIOD_NOT_OPENED
SH012,REC-SH012-202603-0007,2026-03-02,310.00,289.72,20.28,,,SKIPPED,PERIOD_NOT_OPENED
SH010,REC-SH010-202603-0018,2026-03-02,2610.00,2439.25,170.75,,,SKIPPED,PERIOD_NOT_OPENED
SH010,REC-SH010-202603-0019,2026-03-02,2760.00,2579.44,180.56,,,SKIPPED,PERIOD_NOT_OPENED
SH026,REC-SH026-202603-0011,2026-03-02,180.00,168.22,11.78,,,SKIPPED,PERIOD_NOT_OPENED
SH024,REC-SH024-202603-0008,2026-03-02,600.00,560.75,39.25,,,SKIPPED,PERIOD_NOT_OPENED
SH001,REC-SH001-202603-0013,2026-03-02,1380.00,1289.72,90.28,,,SKIPPED,PERIOD_NOT_OPENED
SH010,REC-SH010-202603-0020,2026-03-02,130.00,121.50,8.50,,,SKIPPED,PERIOD_NOT_OPENED
SH010,REC-SH010-202603-0021,2026-03-02,2750.00,2570.09,179.91,,,SKIPPED,PERIOD_NOT_OPENED
SH010,REC-SH010-202603-0022,2026-03-02,240.00,224.30,15.70,,,SKIPPED,PERIOD_NOT_OPENED
SH025,REC-SH025-202603-0007,2026-03-02,120.00,112.15,7.85,,,SKIPPED,PERIOD_NOT_OPENED
SH006,REC-SH006-202603-0019,2026-03-02,380.00,355.14,24.86,,,SKIPPED,PERIOD_NOT_OPENED
SH010,REC-SH010-202603-0023,2026-03-02,330.00,308.41,21.59,,,SKIPPED,PERIOD_NOT_OPENED
SH001,REC-SH001-202603-0014,2026-03-02,120.00,112.15,7.85,,,SKIPPED,PERIOD_NOT_OPENED
SH025,REC-SH025-202603-0008,2026-03-02,80.00,74.77,5.23,,,SKIPPED,PERIOD_NOT_OPENED
SH006,REC-SH006-202603-0020,2026-03-02,370.00,345.79,24.21,,,SKIPPED,PERIOD_NOT_OPENED
SH006,REC-SH006-202603-0021,2026-03-02,280.00,261.68,18.32,,,SKIPPED,PERIOD_NOT_OPENED
SH006,REC-SH006-202603-0022,2026-03-02,80.00,74.77,5.23,,,SKIPPED,PERIOD_NOT_OPENED
SH028,REC-SH028-202603-0002,2026-03-02,4800.00,4485.98,314.02,,,SKIPPED,PERIOD_NOT_OPENED
SH025,REC-SH025-202603-0009,2026-03-02,440.00,411.21,28.79,,,SKIPPED,PERIOD_NOT_OPENED
SH010,REC-SH010-202603-0024,2026-03-02,440.00,411.21,28.79,,,SKIPPED,PERIOD_NOT_OPENED
SH006,REC-SH006-202603-0023,2026-03-02,60.00,56.07,3.93,,,SKIPPED,PERIOD_NOT_OPENED
SH012,REC-SH012-202603-0008,2026-03-02,160.00,149.53,10.47,,,SKIPPED,PERIOD_NOT_OPENED
SH026,REC-SH026-202603-0012,2026-03-02,120.00,112.15,7.85,,,SKIPPED,PERIOD_NOT_OPENED
SH006,REC-SH006-202603-0024,2026-03-02,120.00,112.15,7.85,,,SKIPPED,PERIOD_NOT_OPENED
SH006,REC-SH006-202603-0025,2026-03-02,480.00,448.60,31.40,,,SKIPPED,PERIOD_NOT_OPENED
SH012,REC-SH012-202603-0009,2026-03-02,380.00,355.14,24.86,,,SKIPPED,PERIOD_NOT_OPENED
SH026,REC-SH026-202603-0013,2026-03-02,80.00,74.77,5.23,,,SKIPPED,PERIOD_NOT_OPENED
SH001,REC-SH001-202603-0015,2026-03-02,80.00,74.77,5.23,,,SKIPPED,PERIOD_NOT_OPENED
SH024,REC-SH024-202603-0009,2026-03-02,160.00,149.53,10.47,,,SKIPPED,PERIOD_NOT_OPENED
SH024,REC-SH024-202603-0010,2026-03-02,80.00,74.77,5.23,,,SKIPPED,PERIOD_NOT_OPENED
SH006,REC-SH006-202603-0026,2026-03-02,330.00,308.41,21.59,,,SKIPPED,PERIOD_NOT_OPENED
SH010,REC-SH010-202603-0025,2026-03-02,680.00,635.51,44.49,,,SKIPPED,PERIOD_NOT_OPENED
SH001,REC-SH001-202603-0016,2026-03-02,220.00,205.61,14.39,,,SKIPPED,PERIOD_NOT_OPENED
SH026,REC-SH026-202603-0014,2026-03-02,360.00,336.45,23.55,,,SKIPPED,PERIOD_NOT_OPENED
SH012,REC-SH012-202603-0010,2026-03-02,1760.00,1644.86,115.14,,,SKIPPED,PERIOD_NOT_OPENED
SH010,REC-SH010-202603-0026,2026-03-02,160.00,149.53,10.47,,,SKIPPED,PERIOD_NOT_OPENED
SH010,REC-SH010-202603-0027,2026-03-02,325.00,303.74,21.26,,,SKIPPED,PERIOD_NOT_OPENED
SH025,REC-SH025-202603-0010,2026-03-02,300.00,280.37,19.63,,,SKIPPED,PERIOD_NOT_OPENED
SH025,REC-SH025-202603-0011,2026-03-02,760.00,710.28,49.72,,,SKIPPED,PERIOD_NOT_OPENED
SH006,REC-SH006-202603-0027,2026-03-02,360.00,336.45,23.55,,,SKIPPED,PERIOD_NOT_OPENED
SH024,REC-SH024-202603-0011,2026-03-02,130.00,121.50,8.50,,,SKIPPED,PERIOD_NOT_OPENED
SH006,REC-SH006-202603-0028,2026-03-02,240.00,224.30,15.70,,,SKIPPED,PERIOD_NOT_OPENED
SH012,REC-SH012-202603-0011,2026-03-02,2640.00,2467.29,172.71,,,SKIPPED,PERIOD_NOT_OPENED
SH025,REC-SH025-202603-0012,2026-03-02,1809.00,1690.65,118.35,,,SKIPPED,PERIOD_NOT_OPENED
SH010,REC-SH010-202603-0028,2026-03-02,80.00,74.77,5.23,,,SKIPPED,PERIOD_NOT_OPENED
SH006,REC-SH006-202603-0029,2026-03-02,120.00,112.15,7.85,,,SKIPPED,PERIOD_NOT_OPENED
SH026,REC-SH026-202603-0015,2026-03-02,240.00,224.30,15.70,,,SKIPPED,PERIOD_NOT_OPENED
SH001,REC-SH001-202603-0017,2026-03-02,120.00,112.15,7.85,,,SKIPPED,PERIOD_NOT_OPENED
SH026,REC-SH026-202603-0016,2026-03-02,280.00,261.68,18.32,,,SKIPPED,PERIOD_NOT_OPENED
SH028,REC-SH028-202603-0003,2026-03-02,460.00,429.91,30.09,,,SKIPPED,PERIOD_NOT_OPENED
SH010,REC-SH010-202603-0029,2026-03-02,1230.00,1149.53,80.47,,,SKIPPED,PERIOD_NOT_OPENED
SH025,REC-SH025-202603-0013,2026-03-02,800.00,747.66,52.34,,,SKIPPED,PERIOD_NOT_OPENED
SH001,REC-SH001-202603-0018,2026-03-02,1320.00,1233.64,86.36,,,SKIPPED,PERIOD_NOT_OPENED
SH025,REC-SH025-202603-0014,2026-03-02,80.00,74.77,5.23,,,SKIPPED,PERIOD_NOT_OPENED
SH006,REC-SH006-202603-0030,2026-03-02,120.00,112.15,7.85,,,SKIPPED,PERIOD_NOT_OPENED
SH012,REC-SH012-202603-0012,2026-03-02,580.00,542.06,37.94,,,SKIPPED,PERIOD_NOT_OPENED
SH025,REC-SH025-202603-0015,2026-03-02,240.00,224.30,15.70,,,SKIPPED,PERIOD_NOT_OPENED
SH010,REC-SH010-202603-0030,2026-03-02,650.00,607.48,42.52,,,SKIPPED,PERIOD_NOT_OPENED
SH026,REC-SH026-202603-0017,2026-03-02,180.00,168.22,11.78,,,SKIPPED,PERIOD_NOT_OPENED
SH026,REC-SH026-202603-0018,2026-03-02,400.00,373.83,26.17,,,SKIPPED,PERIOD_NOT_OPENED
SH006,REC-SH006-202603-0031,2026-03-02,120.00,112.15,7.85,,,SKIPPED,PERIOD_NOT_OPENED
SH001,REC-SH001-202603-0019,2026-03-02,720.00,672.90,47.10,,,SKIPPED,PERIOD_NOT_OPENED
SH010,REC-SH010-202603-0031,2026-03-02,325.00,303.74,21.26,,,SKIPPED,PERIOD_NOT_OPENED
SH028,REC-SH028-202603-0004,2026-03-02,220.00,205.61,14.39,,,SKIPPED,PERIOD_NOT_OPENED
SH012,REC-SH012-202603-0013,2026-03-02,160.00,149.53,10.47,,,SKIPPED,PERIOD_NOT_OPENED
SH001,REC-SH001-202603-0020,2026-03-03,1620.00,1514.02,105.98,,,SKIPPED,PERIOD_NOT_OPENED
SH006,REC-SH006-202603-0032,2026-03-03,1160.00,1084.11,75.89,,,SKIPPED,PERIOD_NOT_OPENED
SH001,REC-SH001-202603-0021,2026-03-03,1620.00,1514.02,105.98,,,SKIPPED,PERIOD_NOT_OPENED
SH010,REC-SH010-202603-0032,2026-03-03,325.00,303.74,21.26,,,SKIPPED,PERIOD_NOT_OPENED
SH026,REC-SH026-202603-0019,2026-03-03,240.00,224.30,15.70,,,SKIPPED,PERIOD_NOT_OPENED
SH010,REC-SH010-202603-0033,2026-03-03,160.00,149.53,10.47,,,SKIPPED,PERIOD_NOT_OPENED
SH001,REC-SH001-202603-0022,2026-03-03,1580.00,1476.64,103.36,,,SKIPPED,PERIOD_NOT_OPENED
SH012,REC-SH012-202603-0014,2026-03-03,1050.00,981.31,68.69,,,SKIPPED,PERIOD_NOT_OPENED
SH012,REC-SH012-202603-0015,2026-03-03,100.00,93.46,6.54,,,SKIPPED,PERIOD_NOT_OPENED
SH025,REC-SH025-202603-0016,2026-03-03,280.00,261.68,18.32,,,SKIPPED,PERIOD_NOT_OPENED
SH006,REC-SH006-202603-0033,2026-03-03,80.00,74.77,5.23,,,SKIPPED,PERIOD_NOT_OPENED
SH026,REC-SH026-202603-0020,2026-03-03,240.00,224.30,15.70,,,SKIPPED,PERIOD_NOT_OPENED
SH006,REC-SH006-202603-0034,2026-03-03,1320.00,1233.64,86.36,,,SKIPPED,PERIOD_NOT_OPENED
SH010,REC-SH010-202603-0034,2026-03-03,410.00,383.18,26.82,,,SKIPPED,PERIOD_NOT_OPENED
SH012,REC-SH012-202603-0016,2026-03-03,80.00,74.77,5.23,,,SKIPPED,PERIOD_NOT_OPENED
SH012,REC-SH012-202603-0017,2026-03-03,580.00,542.06,37.94,,,SKIPPED,PERIOD_NOT_OPENED
SH006,REC-SH006-202603-0035,2026-03-03,240.00,224.30,15.70,,,SKIPPED,PERIOD_NOT_OPENED
SH026,REC-SH026-202603-0021,2026-03-03,120.00,112.15,7.85,,,SKIPPED,PERIOD_NOT_OPENED
SH006,REC-SH006-202603-0036,2026-03-03,440.00,411.21,28.79,,,SKIPPED,PERIOD_NOT_OPENED
SH006,REC-SH006-202603-0037,2026-03-03,120.00,112.15,7.85,,,SKIPPED,PERIOD_NOT_OPENED
SH024,REC-SH024-202603-0012,2026-03-03,240.00,224.30,15.70,,,SKIPPED,PERIOD_NOT_OPENED
SH006,REC-SH006-202603-0038,2026-03-03,1690.00,1579.44,110.56,,,SKIPPED,PERIOD_NOT_OPENED
SH012,REC-SH012-202603-0018,2026-03-03,240.00,224.30,15.70,,,SKIPPED,PERIOD_NOT_OPENED
SH006,REC-SH006-202603-0039,2026-03-03,380.00,355.14,24.86,,,SKIPPED,PERIOD_NOT_OPENED
SH006,REC-SH006-202603-0040,2026-03-03,240.00,224.30,15.70,,,SKIPPED,PERIOD_NOT_OPENED
SH006,REC-SH006-202603-0041,2026-03-03,120.00,112.15,7.85,,,SKIPPED,PERIOD_NOT_OPENED
SH012,REC-SH012-202603-0019,2026-03-03,240.00,224.30,15.70,,,SKIPPED,PERIOD_NOT_OPENED
SH006,REC-SH006-202603-0042,2026-03-03,80.00,74.77,5.23,,,SKIPPED,PERIOD_NOT_OPENED
SH006,REC-SH006-202603-0043,2026-03-03,200.00,186.92,13.08,,,SKIPPED,PERIOD_NOT_OPENED
SH030,REC-SH030-202603-0001,2026-03-03,160.00,149.53,10.47,,,SKIPPED,PERIOD_NOT_OPENED
SH028,REC-SH028-202603-0005,2026-03-03,120.00,112.15,7.85,,,SKIPPED,PERIOD_NOT_OPENED
SH006,REC-SH006-202603-0044,2026-03-03,5160.00,4822.43,337.57,,,SKIPPED,PERIOD_NOT_OPENED
SH006,REC-SH006-202603-0045,2026-03-03,160.00,149.53,10.47,,,SKIPPED,PERIOD_NOT_OPENED
SH025,REC-SH025-202603-0017,2026-03-03,160.00,149.53,10.47,,,SKIPPED,PERIOD_NOT_OPENED
SH006,REC-SH006-202603-0046,2026-03-03,140.00,130.84,9.16,,,SKIPPED,PERIOD_NOT_OPENED
SH012,REC-SH012-202603-0020,2026-03-03,200.00,186.92,13.08,,,SKIPPED,PERIOD_NOT_OPENED
SH006,REC-SH006-202603-0047,2026-03-03,130.00,121.50,8.50,,,SKIPPED,PERIOD_NOT_OPENED
SH024,REC-SH024-202603-0013,2026-03-03,80.00,74.77,5.23,,,SKIPPED,PERIOD_NOT_OPENED
SH010,REC-SH010-202603-0035,2026-03-03,330.00,308.41,21.59,,,SKIPPED,PERIOD_NOT_OPENED
SH001,REC-SH001-202603-0023,2026-03-03,1580.00,1476.64,103.36,,,SKIPPED,PERIOD_NOT_OPENED
SH006,REC-SH006-202603-0048,2026-03-03,120.00,112.15,7.85,,,SKIPPED,PERIOD_NOT_OPENED
SH026,REC-SH026-202603-0022,2026-03-03,80.00,74.77,5.23,,,SKIPPED,PERIOD_NOT_OPENED
SH026,REC-SH026-202603-0023,2026-03-03,80.00,74.77,5.23,,,SKIPPED,PERIOD_NOT_OPENED
SH010,REC-SH010-202603-0036,2026-03-03,460.00,429.91,30.09,,,SKIPPED,PERIOD_NOT_OPENED
SH025,REC-SH025-202603-0018,2026-03-03,60.00,56.07,3.93,,,SKIPPED,PERIOD_NOT_OPENED
SH025,REC-SH025-202603-0019,2026-03-03,120.00,112.15,7.85,,,SKIPPED,PERIOD_NOT_OPENED
SH001,REC-SH001-202603-0024,2026-03-03,160.00,149.53,10.47,,,SKIPPED,PERIOD_NOT_OPENED
SH006,REC-SH006-202603-0049,2026-03-03,325.00,303.74,21.26,,,SKIPPED,PERIOD_NOT_OPENED
SH025,REC-SH025-202603-0020,2026-03-03,80.00,74.77,5.23,,,SKIPPED,PERIOD_NOT_OPENED
SH010,REC-SH010-202603-0037,2026-03-03,120.00,112.15,7.85,,,SKIPPED,PERIOD_NOT_OPENED
SH001,REC-SH001-202603-0025,2026-03-03,2830.00,2644.86,185.14,,,SKIPPED,PERIOD_NOT_OPENED
SH006,REC-SH006-202603-0050,2026-03-03,3200.00,2990.65,209.35,,,SKIPPED,PERIOD_NOT_OPENED
SH006,REC-SH006-202603-0051,2026-03-03,4920.00,4598.13,321.87,,,SKIPPED,PERIOD_NOT_OPENED
SH006,REC-SH006-202603-0052,2026-03-03,240.00,224.30,15.70,,,SKIPPED,PERIOD_NOT_OPENED
SH012,REC-SH012-202603-0021,2026-03-03,160.00,149.53,10.47,,,SKIPPED,PERIOD_NOT_OPENED
SH024,REC-SH024-202603-0014,2026-03-03,80.00,74.77,5.23,,,SKIPPED,PERIOD_NOT_OPENED
SH024,REC-SH024-202603-0015,2026-03-03,80.00,74.77,5.23,,,SKIPPED,PERIOD_NOT_OPENED
SH024,REC-SH024-202603-0016,2026-03-03,120.00,112.15,7.85,,,SKIPPED,PERIOD_NOT_OPENED
SH026,REC-SH026-202603-0024,2026-03-03,160.00,149.53,10.47,,,SKIPPED,PERIOD_NOT_OPENED
SH024,REC-SH024-202603-0017,2026-03-03,1230.00,1149.53,80.47,,,SKIPPED,PERIOD_NOT_OPENED
SH010,REC-SH010-202603-0038,2026-03-03,325.00,303.74,21.26,,,SKIPPED,PERIOD_NOT_OPENED
SH025,REC-SH025-202603-0021,2026-03-03,460.00,429.91,30.09,,,SKIPPED,PERIOD_NOT_OPENED
SH026,REC-SH026-202603-0025,2026-03-03,280.00,261.68,18.32,,,SKIPPED,PERIOD_NOT_OPENED
SH026,REC-SH026-202603-0026,2026-03-03,120.00,112.15,7.85,,,SKIPPED,PERIOD_NOT_OPENED
SH025,REC-SH025-202603-0022,2026-03-03,130.00,121.50,8.50,,,SKIPPED,PERIOD_NOT_OPENED
SH010,REC-SH010-202603-0039,2026-03-03,330.00,308.41,21.59,,,SKIPPED,PERIOD_NOT_OPENED
SH010,REC-SH010-202603-0040,2026-03-03,80.00,74.77,5.23,,,SKIPPED,PERIOD_NOT_OPENED
SH006,REC-SH006-202603-0053,2026-03-03,80.00,74.77,5.23,,,SKIPPED,PERIOD_NOT_OPENED
SH010,REC-SH010-202603-0041,2026-03-03,330.00,308.41,21.59,,,SKIPPED,PERIOD_NOT_OPENED
SH006,REC-SH006-202603-0054,2026-03-03,240.00,224.30,15.70,,,SKIPPED,PERIOD_NOT_OPENED
SH012,REC-SH012-202603-0022,2026-03-03,1360.00,1271.03,88.97,,,SKIPPED,PERIOD_NOT_OPENED
SH025,REC-SH025-202603-0023,2026-03-03,80.00,74.77,5.23,,,SKIPPED,PERIOD_NOT_OPENED
SH026,REC-SH026-202603-0027,2026-03-03,160.00,149.53,10.47,,,SKIPPED,PERIOD_NOT_OPENED
SH024,REC-SH024-202603-0018,2026-03-03,680.00,635.51,44.49,,,SKIPPED,PERIOD_NOT_OPENED
SH025,REC-SH025-202603-0024,2026-03-03,660.00,616.82,43.18,,,SKIPPED,PERIOD_NOT_OPENED
SH010,REC-SH010-202603-0042,2026-03-03,80.00,74.77,5.23,,,SKIPPED,PERIOD_NOT_OPENED
SH024,REC-SH024-202603-0019,2026-03-03,330.00,308.41,21.59,,,SKIPPED,PERIOD_NOT_OPENED
SH010,REC-SH010-202603-0043,2026-03-03,80.00,74.77,5.23,,,SKIPPED,PERIOD_NOT_OPENED
SH001,REC-SH001-202603-0026,2026-03-03,330.00,308.41,21.59,,,SKIPPED,PERIOD_NOT_OPENED
SH006,REC-SH006-202603-0055,2026-03-04,280.00,261.68,18.32,,,SKIPPED,PERIOD_NOT_OPENED
SH026,REC-SH026-202603-0028,2026-03-04,1250.00,1168.22,81.78,,,SKIPPED,PERIOD_NOT_OPENED
SH026,REC-SH026-202603-0029,2026-03-04,370.00,345.79,24.21,,,SKIPPED,PERIOD_NOT_OPENED
SH025,REC-SH025-202603-0025,2026-03-04,100.00,93.46,6.54,,,SKIPPED,PERIOD_NOT_OPENED
SH001,REC-SH001-202603-0027,2026-03-04,220.00,205.61,14.39,,,SKIPPED,PERIOD_NOT_OPENED
SH010,REC-SH010-202603-0044,2026-03-04,400.00,373.83,26.17,,,SKIPPED,PERIOD_NOT_OPENED
SH006,REC-SH006-202603-0056,2026-03-04,120.00,112.15,7.85,,,SKIPPED,PERIOD_NOT_OPENED
SH010,REC-SH010-202603-0045,2026-03-04,160.00,149.53,10.47,,,SKIPPED,PERIOD_NOT_OPENED
SH025,REC-SH025-202603-0026,2026-03-04,240.00,224.30,15.70,,,SKIPPED,PERIOD_NOT_OPENED
SH010,REC-SH010-202603-0046,2026-03-04,160.00,149.53,10.47,,,SKIPPED,PERIOD_NOT_OPENED
SH006,REC-SH006-202603-0057,2026-03-04,240.00,224.30,15.70,,,SKIPPED,PERIOD_NOT_OPENED
SH025,REC-SH025-202603-0027,2026-03-04,320.00,299.07,20.93,,,SKIPPED,PERIOD_NOT_OPENED
SH001,REC-SH001-202603-0028,2026-03-04,60.00,56.07,3.93,,,SKIPPED,PERIOD_NOT_OPENED
SH024,REC-SH024-202603-0020,2026-03-04,80.00,74.77,5.23,,,SKIPPED,PERIOD_NOT_OPENED
SH024,REC-SH024-202603-0021,2026-03-04,320.00,299.07,20.93,,,SKIPPED,PERIOD_NOT_OPENED
SH012,REC-SH012-202603-0023,2026-03-04,330.00,308.41,21.59,,,SKIPPED,PERIOD_NOT_OPENED
SH006,REC-SH006-202603-0058,2026-03-04,460.00,429.91,30.09,,,SKIPPED,PERIOD_NOT_OPENED
SH024,REC-SH024-202603-0022,2026-03-04,830.00,775.70,54.30,,,SKIPPED,PERIOD_NOT_OPENED
SH012,REC-SH012-202603-0024,2026-03-04,330.00,308.41,21.59,,,SKIPPED,PERIOD_NOT_OPENED
SH006,REC-SH006-202603-0059,2026-03-04,240.00,224.30,15.70,,,SKIPPED,PERIOD_NOT_OPENED
SH010,REC-SH010-202603-0047,2026-03-04,2460.00,2299.07,160.93,,,SKIPPED,PERIOD_NOT_OPENED
SH006,REC-SH006-202603-0060,2026-03-04,1230.00,1149.53,80.47,,,SKIPPED,PERIOD_NOT_OPENED
SH010,REC-SH010-202603-0048,2026-03-04,80.00,74.77,5.23,,,SKIPPED,PERIOD_NOT_OPENED
SH025,REC-SH025-202603-0028,2026-03-04,160.00,149.53,10.47,,,SKIPPED,PERIOD_NOT_OPENED
SH012,REC-SH012-202603-0025,2026-03-04,60.00,56.07,3.93,,,SKIPPED,PERIOD_NOT_OPENED
SH030,REC-SH030-202603-0002,2026-03-04,80.00,74.77,5.23,,,SKIPPED,PERIOD_NOT_OPENED
SH026,REC-SH026-202603-0030,2026-03-04,320.00,299.07,20.93,,,SKIPPED,PERIOD_NOT_OPENED
SH026,REC-SH026-202603-0031,2026-03-04,120.00,112.15,7.85,,,SKIPPED,PERIOD_NOT_OPENED
SH026,REC-SH026-202603-0032,2026-03-04,80.00,74.77,5.23,,,SKIPPED,PERIOD_NOT_OPENED
SH010,REC-SH010-202603-0049,2026-03-04,2460.00,2299.07,160.93,,,SKIPPED,PERIOD_NOT_OPENED
SH010,REC-SH010-202603-0050,2026-03-04,1380.00,1289.72,90.28,,,SKIPPED,PERIOD_NOT_OPENED
SH001,REC-SH001-202603-0029,2026-03-04,2330.00,2177.57,152.43,,,SKIPPED,PERIOD_NOT_OPENED
SH012,REC-SH012-202603-0026,2026-03-04,120.00,112.15,7.85,,,SKIPPED,PERIOD_NOT_OPENED
SH006,REC-SH006-202603-0061,2026-03-04,1080.00,1009.35,70.65,,,SKIPPED,PERIOD_NOT_OPENED
SH026,REC-SH026-202603-0033,2026-03-04,920.00,859.81,60.19,,,SKIPPED,PERIOD_NOT_OPENED
SH001,REC-SH001-202603-0030,2026-03-04,580.00,542.06,37.94,,,SKIPPED,PERIOD_NOT_OPENED
SH012,REC-SH012-202603-0027,2026-03-04,160.00,149.53,10.47,,,SKIPPED,PERIOD_NOT_OPENED
SH006,REC-SH006-202603-0062,2026-03-04,160.00,149.53,10.47,,,SKIPPED,PERIOD_NOT_OPENED
SH026,REC-SH026-202603-0034,2026-03-04,80.00,74.77,5.23,,,SKIPPED,PERIOD_NOT_OPENED
SH010,REC-SH010-202603-0051,2026-03-04,460.00,429.91,30.09,,,SKIPPED,PERIOD_NOT_OPENED
SH006,REC-SH006-202603-0063,2026-03-04,370.00,345.79,24.21,,,SKIPPED,PERIOD_NOT_OPENED
SH010,REC-SH010-202603-0052,2026-03-04,2760.00,2579.44,180.56,,,SKIPPED,PERIOD_NOT_OPENED
SH028,REC-SH028-202603-0006,2026-03-04,1600.00,1495.33,104.67,,,SKIPPED,PERIOD_NOT_OPENED
SH006,REC-SH006-202603-0064,2026-03-04,160.00,149.53,10.47,,,SKIPPED,PERIOD_NOT_OPENED
SH012,REC-SH012-202603-0028,2026-03-04,240.00,224.30,15.70,,,SKIPPED,PERIOD_NOT_OPENED
SH006,REC-SH006-202603-0065,2026-03-04,350.00,327.10,22.90,,,SKIPPED,PERIOD_NOT_OPENED
SH001,REC-SH001-202603-0031,2026-03-04,330.00,308.41,21.59,,,SKIPPED,PERIOD_NOT_OPENED
SH025,REC-SH025-202603-0029,2026-03-04,160.00,149.53,10.47,,,SKIPPED,PERIOD_NOT_OPENED
SH028,REC-SH028-202603-0007,2026-03-04,1280.00,1196.26,83.74,,,SKIPPED,PERIOD_NOT_OPENED
SH006,REC-SH006-202603-0066,2026-03-04,160.00,149.53,10.47,,,SKIPPED,PERIOD_NOT_OPENED
SH012,REC-SH012-202603-0029,2026-03-04,370.00,345.79,24.21,,,SKIPPED,PERIOD_NOT_OPENED
SH001,REC-SH001-202603-0032,2026-03-04,160.00,149.53,10.47,,,SKIPPED,PERIOD_NOT_OPENED
SH010,REC-SH010-202603-0053,2026-03-04,160.00,149.53,10.47,,,SKIPPED,PERIOD_NOT_OPENED
SH026,REC-SH026-202603-0035,2026-03-04,240.00,224.30,15.70,,,SKIPPED,PERIOD_NOT_OPENED
SH006,REC-SH006-202603-0067,2026-03-04,1760.00,1644.86,115.14,,,SKIPPED,PERIOD_NOT_OPENED
SH006,REC-SH006-202603-0068,2026-03-04,120.00,112.15,7.85,,,SKIPPED,PERIOD_NOT_OPENED
SH001,REC-SH001-202603-0033,2026-03-04,130.00,121.50,8.50,,,SKIPPED,PERIOD_NOT_OPENED
SH010,REC-SH010-202603-0054,2026-03-04,310.00,289.72,20.28,,,SKIPPED,PERIOD_NOT_OPENED
SH006,REC-SH006-202603-0069,2026-03-04,700.00,654.21,45.79,,,SKIPPED,PERIOD_NOT_OPENED
SH026,REC-SH026-202603-0036,2026-03-04,300.00,280.37,19.63,,,SKIPPED,PERIOD_NOT_OPENED
SH026,REC-SH026-202603-0037,2026-03-04,80.00,74.77,5.23,,,SKIPPED,PERIOD_NOT_OPENED
SH010,REC-SH010-202603-0055,2026-03-04,80.00,74.77,5.23,,,SKIPPED,PERIOD_NOT_OPENED
SH026,REC-SH026-202603-0038,2026-03-04,380.00,355.14,24.86,,,SKIPPED,PERIOD_NOT_OPENED
SH006,REC-SH006-202603-0070,2026-03-04,460.00,429.91,30.09,,,SKIPPED,PERIOD_NOT_OPENED
SH006,REC-SH006-202603-0071,2026-03-04,80.00,74.77,5.23,,,SKIPPED,PERIOD_NOT_OPENED
SH010,REC-SH010-202603-0056,2026-03-04,80.00,74.77,5.23,,,SKIPPED,PERIOD_NOT_OPENED
SH010,REC-SH010-202603-0057,2026-03-04,80.00,74.77,5.23,,,SKIPPED,PERIOD_NOT_OPENED
SH012,REC-SH012-202603-0030,2026-03-04,1100.00,1028.04,71.96,,,SKIPPED,PERIOD_NOT_OPENED
SH006,REC-SH006-202603-0072,2026-03-04,160.00,149.53,10.47,,,SKIPPED,PERIOD_NOT_OPENED
SH012,REC-SH012-202603-0031,2026-03-04,240.00,224.30,15.70,,,SKIPPED,PERIOD_NOT_OPENED
SH025,REC-SH025-202603-0030,2026-03-04,650.00,607.48,42.52,,,SKIPPED,PERIOD_NOT_OPENED
SH024,REC-SH024-202603-0023,2026-03-04,1510.00,1411.21,98.79,,,SKIPPED,PERIOD_NOT_OPENED
SH024,REC-SH024-202603-0024,2026-03-04,150.00,140.19,9.81,,,SKIPPED,PERIOD_NOT_OPENED
SH024,REC-SH024-202603-0025,2026-03-04,280.00,261.68,18.32,,,SKIPPED,PERIOD_NOT_OPENED
SH024,REC-SH024-202603-0026,2026-03-05,120.00,112.15,7.85,,,SKIPPED,PERIOD_NOT_OPENED
SH028,REC-SH028-202603-0008,2026-03-05,220.00,205.61,14.39,,,SKIPPED,PERIOD_NOT_OPENED
SH026,REC-SH026-202603-0039,2026-03-05,1320.00,1233.64,86.36,,,SKIPPED,PERIOD_NOT_OPENED
SH026,REC-SH026-202603-0040,2026-03-05,120.00,112.15,7.85,,,SKIPPED,PERIOD_NOT_OPENED
SH024,REC-SH024-202603-0027,2026-03-05,80.00,74.77,5.23,,,SKIPPED,PERIOD_NOT_OPENED
SH010,REC-SH010-202603-0058,2026-03-05,60.00,56.07,3.93,,,SKIPPED,PERIOD_NOT_OPENED
SH006,REC-SH006-202603-0073,2026-03-05,1430.00,1336.45,93.55,,,SKIPPED,PERIOD_NOT_OPENED
SH025,REC-SH025-202603-0031,2026-03-05,200.00,186.92,13.08,,,SKIPPED,PERIOD_NOT_OPENED
SH010,REC-SH010-202603-0059,2026-03-05,160.00,149.53,10.47,,,SKIPPED,PERIOD_NOT_OPENED
SH006,REC-SH006-202603-0074,2026-03-05,330.00,308.41,21.59,,,SKIPPED,PERIOD_NOT_OPENED
SH026,REC-SH026-202603-0041,2026-03-05,160.00,149.53,10.47,,,SKIPPED,PERIOD_NOT_OPENED
SH010,REC-SH010-202603-0060,2026-03-05,330.00,308.41,21.59,,,SKIPPED,PERIOD_NOT_OPENED
SH006,REC-SH006-202603-0075,2026-03-05,580.00,542.06,37.94,,,SKIPPED,PERIOD_NOT_OPENED
SH012,REC-SH012-202603-0032,2026-03-05,310.00,289.72,20.28,,,SKIPPED,PERIOD_NOT_OPENED
SH006,REC-SH006-202603-0076,2026-03-05,490.00,457.94,32.06,,,SKIPPED,PERIOD_NOT_OPENED
SH026,REC-SH026-202603-0042,2026-03-05,330.00,308.41,21.59,,,SKIPPED,PERIOD_NOT_OPENED
SH006,REC-SH006-202603-0077,2026-03-05,370.00,345.79,24.21,,,SKIPPED,PERIOD_NOT_OPENED
SH006,REC-SH006-202603-0078,2026-03-05,4320.00,4037.38,282.62,,,SKIPPED,PERIOD_NOT_OPENED
SH006,REC-SH006-202603-0079,2026-03-05,1820.00,1700.93,119.07,,,SKIPPED,PERIOD_NOT_OPENED
SH025,REC-SH025-202603-0032,2026-03-05,170.00,158.88,11.12,,,SKIPPED,PERIOD_NOT_OPENED
SH001,REC-SH001-202603-0034,2026-03-05,990.00,925.23,64.77,,,SKIPPED,PERIOD_NOT_OPENED
SH025,REC-SH025-202603-0033,2026-03-05,160.00,149.53,10.47,,,SKIPPED,PERIOD_NOT_OPENED
SH006,REC-SH006-202603-0080,2026-03-05,160.00,149.53,10.47,,,SKIPPED,PERIOD_NOT_OPENED
SH012,REC-SH012-202603-0033,2026-03-05,120.00,112.15,7.85,,,SKIPPED,PERIOD_NOT_OPENED
SH006,REC-SH006-202603-0081,2026-03-05,160.00,149.53,10.47,,,SKIPPED,PERIOD_NOT_OPENED
SH025,REC-SH025-202603-0034,2026-03-05,460.00,429.91,30.09,,,SKIPPED,PERIOD_NOT_OPENED
SH012,REC-SH012-202603-0034,2026-03-05,1050.00,981.31,68.69,,,SKIPPED,PERIOD_NOT_OPENED
SH010,REC-SH010-202603-0061,2026-03-05,1750.00,1635.51,114.49,,,SKIPPED,PERIOD_NOT_OPENED
SH010,REC-SH010-202603-0062,2026-03-05,80.00,74.77,5.23,,,SKIPPED,PERIOD_NOT_OPENED
SH012,REC-SH012-202603-0035,2026-03-05,1360.00,1271.03,88.97,,,SKIPPED,PERIOD_NOT_OPENED
SH010,REC-SH010-202603-0063,2026-03-05,80.00,74.77,5.23,,,SKIPPED,PERIOD_NOT_OPENED
SH026,REC-SH026-202603-0043,2026-03-05,120.00,112.15,7.85,,,SKIPPED,PERIOD_NOT_OPENED
SH024,REC-SH024-202603-0028,2026-03-05,2550.00,2383.18,166.82,,,SKIPPED,PERIOD_NOT_OPENED
SH001,REC-SH001-202603-0035,2026-03-05,610.00,570.09,39.91,,,SKIPPED,PERIOD_NOT_OPENED
SH006,REC-SH006-202603-0082,2026-03-05,260.00,242.99,17.01,,,SKIPPED,PERIOD_NOT_OPENED
SH010,REC-SH010-202603-0064,2026-03-05,4140.00,3869.16,270.84,,,SKIPPED,PERIOD_NOT_OPENED
SH024,REC-SH024-202603-0029,2026-03-05,240.00,224.30,15.70,,,SKIPPED,PERIOD_NOT_OPENED
SH006,REC-SH006-202603-0083,2026-03-05,4920.00,4598.13,321.87,,,SKIPPED,PERIOD_NOT_OPENED
SH026,REC-SH026-202603-0044,2026-03-05,330.00,308.41,21.59,,,SKIPPED,PERIOD_NOT_OPENED
SH026,REC-SH026-202603-0045,2026-03-05,460.00,429.91,30.09,,,SKIPPED,PERIOD_NOT_OPENED
SH006,REC-SH006-202603-0084,2026-03-05,80.00,74.77,5.23,,,SKIPPED,PERIOD_NOT_OPENED
SH028,REC-SH028-202603-0009,2026-03-05,2440.00,2280.37,159.63,,,SKIPPED,PERIOD_NOT_OPENED
SH006,REC-SH006-202603-0085,2026-03-05,2460.00,2299.07,160.93,,,SKIPPED,PERIOD_NOT_OPENED
SH026,REC-SH026-202603-0046,2026-03-05,80.00,74.77,5.23,,,SKIPPED,PERIOD_NOT_OPENED
SH001,REC-SH001-202603-0036,2026-03-05,1230.00,1149.53,80.47,,,SKIPPED,PERIOD_NOT_OPENED
SH024,REC-SH024-202603-0030,2026-03-05,1360.00,1271.03,88.97,,,SKIPPED,PERIOD_NOT_OPENED
SH006,REC-SH006-202603-0086,2026-03-05,80.00,74.77,5.23,,,SKIPPED,PERIOD_NOT_OPENED
SH026,REC-SH026-202603-0047,2026-03-05,1230.00,1149.53,80.47,,,SKIPPED,PERIOD_NOT_OPENED
SH030,REC-SH030-202603-0003,2026-03-05,1320.00,1233.64,86.36,,,SKIPPED,PERIOD_NOT_OPENED
SH001,REC-SH001-202603-0037,2026-03-05,1320.00,1233.64,86.36,,,SKIPPED,PERIOD_NOT_OPENED
SH024,REC-SH024-202603-0031,2026-03-05,660.00,616.82,43.18,,,SKIPPED,PERIOD_NOT_OPENED
SH025,REC-SH025-202603-0035,2026-03-05,80.00,74.77,5.23,,,SKIPPED,PERIOD_NOT_OPENED
SH006,REC-SH006-202603-0087,2026-03-05,290.00,271.03,18.97,,,SKIPPED,PERIOD_NOT_OPENED
SH006,REC-SH006-202603-0088,2026-03-05,160.00,149.53,10.47,,,SKIPPED,PERIOD_NOT_OPENED
SH010,REC-SH010-202603-0065,2026-03-05,410.00,383.18,26.82,,,SKIPPED,PERIOD_NOT_OPENED
SH025,REC-SH025-202603-0036,2026-03-05,160.00,149.53,10.47,,,SKIPPED,PERIOD_NOT_OPENED
SH012,REC-SH012-202603-0036,2026-03-05,1560.00,1457.94,102.06,,,SKIPPED,PERIOD_NOT_OPENED
SH026,REC-SH026-202603-0048,2026-03-05,320.00,299.07,20.93,,,SKIPPED,PERIOD_NOT_OPENED
SH006,REC-SH006-202603-0089,2026-03-05,930.00,869.16,60.84,,,SKIPPED,PERIOD_NOT_OPENED
SH026,REC-SH026-202603-0049,2026-03-05,80.00,74.77,5.23,,,SKIPPED,PERIOD_NOT_OPENED
SH026,REC-SH026-202603-0050,2026-03-05,1760.00,1644.86,115.14,,,SKIPPED,PERIOD_NOT_OPENED
SH026,REC-SH026-202603-0051,2026-03-05,640.00,598.13,41.87,,,SKIPPED,PERIOD_NOT_OPENED
SH001,REC-SH001-202603-0038,2026-03-05,120.00,112.15,7.85,,,SKIPPED,PERIOD_NOT_OPENED
SH025,REC-SH025-202603-0037,2026-03-05,80.00,74.77,5.23,,,SKIPPED,PERIOD_NOT_OPENED
SH025,REC-SH025-202603-0038,2026-03-05,80.00,74.77,5.23,,,SKIPPED,PERIOD_NOT_OPENED
SH025,REC-SH025-202603-0039,2026-03-05,80.00,74.77,5.23,,,SKIPPED,PERIOD_NOT_OPENED
SH025,REC-SH025-202603-0040,2026-03-05,780.00,728.97,51.03,,,SKIPPED,PERIOD_NOT_OPENED
SH006,REC-SH006-202603-0090,2026-03-06,700.00,654.21,45.79,,,SKIPPED,PERIOD_NOT_OPENED
SH006,REC-SH006-202603-0091,2026-03-06,1250.00,1168.22,81.78,,,SKIPPED,PERIOD_NOT_OPENED
SH026,REC-SH026-202603-0052,2026-03-06,80.00,74.77,5.23,,,SKIPPED,PERIOD_NOT_OPENED
SH026,REC-SH026-202603-0053,2026-03-06,240.00,224.30,15.70,,,SKIPPED,PERIOD_NOT_OPENED
SH010,REC-SH010-202603-0066,2026-03-06,320.00,299.07,20.93,,,SKIPPED,PERIOD_NOT_OPENED
SH001,REC-SH001-202603-0039,2026-03-06,220.00,205.61,14.39,,,SKIPPED,PERIOD_NOT_OPENED
SH026,REC-SH026-202603-0054,2026-03-06,460.00,429.91,30.09,,,SKIPPED,PERIOD_NOT_OPENED
SH025,REC-SH025-202603-0041,2026-03-06,160.00,149.53,10.47,,,SKIPPED,PERIOD_NOT_OPENED
SH001,REC-SH001-202603-0040,2026-03-06,80.00,74.77,5.23,,,SKIPPED,PERIOD_NOT_OPENED
SH024,REC-SH024-202603-0032,2026-03-06,240.00,224.30,15.70,,,SKIPPED,PERIOD_NOT_OPENED
SH010,REC-SH010-202603-0067,2026-03-06,120.00,112.15,7.85,,,SKIPPED,PERIOD_NOT_OPENED
SH006,REC-SH006-202603-0092,2026-03-06,1050.00,981.31,68.69,,,SKIPPED,PERIOD_NOT_OPENED
SH026,REC-SH026-202603-0055,2026-03-06,1830.00,1710.28,119.72,,,SKIPPED,PERIOD_NOT_OPENED
SH026,REC-SH026-202603-0056,2026-03-06,460.00,429.91,30.09,,,SKIPPED,PERIOD_NOT_OPENED
SH012,REC-SH012-202603-0037,2026-03-06,160.00,149.53,10.47,,,SKIPPED,PERIOD_NOT_OPENED
SH010,REC-SH010-202603-0068,2026-03-06,160.00,149.53,10.47,,,SKIPPED,PERIOD_NOT_OPENED
SH030,REC-SH030-202603-0004,2026-03-06,330.00,308.41,21.59,,,SKIPPED,PERIOD_NOT_OPENED
SH012,REC-SH012-202603-0038,2026-03-06,370.00,345.79,24.21,,,SKIPPED,PERIOD_NOT_OPENED
SH006,REC-SH006-202603-0093,2026-03-06,120.00,112.15,7.85,,,SKIPPED,PERIOD_NOT_OPENED
SH010,REC-SH010-202603-0069,2026-03-06,3100.00,2897.20,202.80,,,SKIPPED,PERIOD_NOT_OPENED
SH028,REC-SH028-202603-0010,2026-03-06,1580.00,1476.64,103.36,,,SKIPPED,PERIOD_NOT_OPENED
SH012,REC-SH012-202603-0039,2026-03-06,80.00,74.77,5.23,,,SKIPPED,PERIOD_NOT_OPENED
SH006,REC-SH006-202603-0094,2026-03-06,700.00,654.21,45.79,,,SKIPPED,PERIOD_NOT_OPENED
SH026,REC-SH026-202603-0057,2026-03-06,800.00,747.66,52.34,,,SKIPPED,PERIOD_NOT_OPENED
SH006,REC-SH006-202603-0095,2026-03-06,120.00,112.15,7.85,,,SKIPPED,PERIOD_NOT_OPENED
SH006,REC-SH006-202603-0096,2026-03-06,180.00,168.22,11.78,,,SKIPPED,PERIOD_NOT_OPENED
SH006,REC-SH006-202603-0097,2026-03-06,580.00,542.06,37.94,,,SKIPPED,PERIOD_NOT_OPENED
SH028,REC-SH028-202603-0011,2026-03-06,1250.00,1168.22,81.78,,,SKIPPED,PERIOD_NOT_OPENED
SH006,REC-SH006-202603-0098,2026-03-06,325.00,303.74,21.26,,,SKIPPED,PERIOD_NOT_OPENED
SH025,REC-SH025-202603-0042,2026-03-06,120.00,112.15,7.85,,,SKIPPED,PERIOD_NOT_OPENED
SH012,REC-SH012-202603-0040,2026-03-06,240.00,224.30,15.70,,,SKIPPED,PERIOD_NOT_OPENED
SH025,REC-SH025-202603-0043,2026-03-06,240.00,224.30,15.70,,,SKIPPED,PERIOD_NOT_OPENED
SH001,REC-SH001-202603-0041,2026-03-06,1620.00,1514.02,105.98,,,SKIPPED,PERIOD_NOT_OPENED
SH025,REC-SH025-202603-0044,2026-03-06,480.00,448.60,31.40,,,SKIPPED,PERIOD_NOT_OPENED
SH006,REC-SH006-202603-0099,2026-03-06,160.00,149.53,10.47,,,SKIPPED,PERIOD_NOT_OPENED
SH006,REC-SH006-202603-0100,2026-03-06,240.00,224.30,15.70,,,SKIPPED,PERIOD_NOT_OPENED
SH006,REC-SH006-202603-0101,2026-03-06,650.00,607.48,42.52,,,SKIPPED,PERIOD_NOT_OPENED
SH026,REC-SH026-202603-0058,2026-03-06,120.00,112.15,7.85,,,SKIPPED,PERIOD_NOT_OPENED
SH001,REC-SH001-202603-0042,2026-03-06,1380.00,1289.72,90.28,,,SKIPPED,PERIOD_NOT_OPENED
SH024,REC-SH024-202603-0033,2026-03-06,80.00,74.77,5.23,,,SKIPPED,PERIOD_NOT_OPENED
SH025,REC-SH025-202603-0045,2026-03-06,120.00,112.15,7.85,,,SKIPPED,PERIOD_NOT_OPENED
SH006,REC-SH006-202603-0102,2026-03-06,180.00,168.22,11.78,,,SKIPPED,PERIOD_NOT_OPENED
SH006,REC-SH006-202603-0103,2026-03-06,120.00,112.15,7.85,,,SKIPPED,PERIOD_NOT_OPENED
SH030,REC-SH030-202603-0005,2026-03-06,240.00,224.30,15.70,,,SKIPPED,PERIOD_NOT_OPENED
SH028,REC-SH028-202603-0012,2026-03-06,1580.00,1476.64,103.36,,,SKIPPED,PERIOD_NOT_OPENED
SH030,REC-SH030-202603-0006,2026-03-06,160.00,149.53,10.47,,,SKIPPED,PERIOD_NOT_OPENED
SH026,REC-SH026-202603-0059,2026-03-06,80.00,74.77,5.23,,,SKIPPED,PERIOD_NOT_OPENED
SH025,REC-SH025-202603-0046,2026-03-06,1560.00,1457.94,102.06,,,SKIPPED,PERIOD_NOT_OPENED
SH026,REC-SH026-202603-0060,2026-03-06,460.00,429.91,30.09,,,SKIPPED,PERIOD_NOT_OPENED
SH025,REC-SH025-202603-0047,2026-03-06,240.00,224.30,15.70,,,SKIPPED,PERIOD_NOT_OPENED
SH010,REC-SH010-202603-0070,2026-03-06,300.00,280.37,19.63,,,SKIPPED,PERIOD_NOT_OPENED
SH026,REC-SH026-202603-0061,2026-03-06,580.00,542.06,37.94,,,SKIPPED,PERIOD_NOT_OPENED
SH025,REC-SH025-202603-0048,2026-03-06,80.00,74.77,5.23,,,SKIPPED,PERIOD_NOT_OPENED
SH012,REC-SH012-202603-0041,2026-03-06,160.00,149.53,10.47,,,SKIPPED,PERIOD_NOT_OPENED
SH012,REC-SH012-202603-0042,2026-03-06,80.00,74.77,5.23,,,SKIPPED,PERIOD_NOT_OPENED
SH006,REC-SH006-202603-0104,2026-03-06,80.00,74.77,5.23,,,SKIPPED,PERIOD_NOT_OPENED
SH006,REC-SH006-202603-0105,2026-03-06,160.00,149.53,10.47,,,SKIPPED,PERIOD_NOT_OPENED
SH006,REC-SH006-202603-0106,2026-03-06,100.00,93.46,6.54,,,SKIPPED,PERIOD_NOT_OPENED
SH026,REC-SH026-202603-0062,2026-03-06,160.00,149.53,10.47,,,SKIPPED,PERIOD_NOT_OPENED
SH006,REC-SH006-202603-0107,2026-03-06,1010.00,943.93,66.07,,,SKIPPED,PERIOD_NOT_OPENED
SH010,REC-SH010-202603-0071,2026-03-06,240.00,224.30,15.70,,,SKIPPED,PERIOD_NOT_OPENED
SH006,REC-SH006-202603-0108,2026-03-06,360.00,336.45,23.55,,,SKIPPED,PERIOD_NOT_OPENED
SH010,REC-SH010-202603-0072,2026-03-06,120.00,112.15,7.85,,,SKIPPED,PERIOD_NOT_OPENED
SH010,REC-SH010-202603-0073,2026-03-06,120.00,112.15,7.85,,,SKIPPED,PERIOD_NOT_OPENED
SH028,REC-SH028-202603-0013,2026-03-06,120.00,112.15,7.85,,,SKIPPED,PERIOD_NOT_OPENED
SH025,REC-SH025-202603-0049,2026-03-06,240.00,224.30,15.70,,,SKIPPED,PERIOD_NOT_OPENED
SH028,REC-SH028-202603-0014,2026-03-06,1580.00,1476.64,103.36,,,SKIPPED,PERIOD_NOT_OPENED
SH024,REC-SH024-202603-0034,2026-03-06,120.00,112.15,7.85,,,SKIPPED,PERIOD_NOT_OPENED
SH024,REC-SH024-202603-0035,2026-03-06,280.00,261.68,18.32,,,SKIPPED,PERIOD_NOT_OPENED
SH024,REC-SH024-202603-0036,2026-03-06,370.00,345.79,24.21,,,SKIPPED,PERIOD_NOT_OPENED
SH010,REC-SH010-202603-0074,2026-03-07,80.00,74.77,5.23,,,SKIPPED,PERIOD_NOT_OPENED
SH030,REC-SH030-202603-0007,2026-03-07,80.00,74.77,5.23,,,SKIPPED,PERIOD_NOT_OPENED
SH010,REC-SH010-202603-0075,2026-03-07,1760.00,1644.86,115.14,,,SKIPPED,PERIOD_NOT_OPENED
SH010,REC-SH010-202603-0076,2026-03-07,650.00,607.48,42.52,,,SKIPPED,PERIOD_NOT_OPENED
SH001,REC-SH001-202603-0043,2026-03-07,330.00,308.41,21.59,,,SKIPPED,PERIOD_NOT_OPENED
SH006,REC-SH006-202603-0109,2026-03-07,520.00,485.98,34.02,,,SKIPPED,PERIOD_NOT_OPENED
SH026,REC-SH026-202603-0063,2026-03-07,300.00,280.37,19.63,,,SKIPPED,PERIOD_NOT_OPENED
SH001,REC-SH001-202603-0044,2026-03-07,900.00,841.12,58.88,,,SKIPPED,PERIOD_NOT_OPENED
SH001,REC-SH001-202603-0045,2026-03-07,1580.00,1476.64,103.36,,,SKIPPED,PERIOD_NOT_OPENED
SH006,REC-SH006-202603-0110,2026-03-07,240.00,224.30,15.70,,,SKIPPED,PERIOD_NOT_OPENED
SH006,REC-SH006-202603-0111,2026-03-07,160.00,149.53,10.47,,,SKIPPED,PERIOD_NOT_OPENED
SH010,REC-SH010-202603-0077,2026-03-07,2460.00,2299.07,160.93,,,SKIPPED,PERIOD_NOT_OPENED
SH026,REC-SH026-202603-0064,2026-03-07,330.00,308.41,21.59,,,SKIPPED,PERIOD_NOT_OPENED
SH010,REC-SH010-202603-0078,2026-03-07,1560.00,1457.94,102.06,,,SKIPPED,PERIOD_NOT_OPENED
SH006,REC-SH006-202603-0112,2026-03-07,80.00,74.77,5.23,,,SKIPPED,PERIOD_NOT_OPENED
SH006,REC-SH006-202603-0113,2026-03-07,130.00,121.50,8.50,,,SKIPPED,PERIOD_NOT_OPENED
SH012,REC-SH012-202603-0043,2026-03-07,1250.00,1168.22,81.78,,,SKIPPED,PERIOD_NOT_OPENED
SH025,REC-SH025-202603-0050,2026-03-07,460.00,429.91,30.09,,,SKIPPED,PERIOD_NOT_OPENED
SH012,REC-SH012-202603-0044,2026-03-07,160.00,149.53,10.47,,,SKIPPED,PERIOD_NOT_OPENED
SH026,REC-SH026-202603-0065,2026-03-07,120.00,112.15,7.85,,,SKIPPED,PERIOD_NOT_OPENED
SH024,REC-SH024-202603-0037,2026-03-07,1600.00,1495.33,104.67,,,SKIPPED,PERIOD_NOT_OPENED
SH024,REC-SH024-202603-0038,2026-03-07,410.00,383.18,26.82,,,SKIPPED,PERIOD_NOT_OPENED
SH006,REC-SH006-202603-0114,2026-03-07,120.00,112.15,7.85,,,SKIPPED,PERIOD_NOT_OPENED
SH006,REC-SH006-202603-0115,2026-03-07,880.00,822.43,57.57,,,SKIPPED,PERIOD_NOT_OPENED
SH012,REC-SH012-202603-0045,2026-03-07,120.00,112.15,7.85,,,SKIPPED,PERIOD_NOT_OPENED
SH001,REC-SH001-202603-0046,2026-03-07,330.00,308.41,21.59,,,SKIPPED,PERIOD_NOT_OPENED
SH024,REC-SH024-202603-0039,2026-03-07,120.00,112.15,7.85,,,SKIPPED,PERIOD_NOT_OPENED
SH010,REC-SH010-202603-0079,2026-03-07,1380.00,1289.72,90.28,,,SKIPPED,PERIOD_NOT_OPENED
SH001,REC-SH001-202603-0047,2026-03-07,160.00,149.53,10.47,,,SKIPPED,PERIOD_NOT_OPENED
SH010,REC-SH010-202603-0080,2026-03-07,60.00,56.07,3.93,,,SKIPPED,PERIOD_NOT_OPENED
SH010,REC-SH010-202603-0081,2026-03-07,660.00,616.82,43.18,,,SKIPPED,PERIOD_NOT_OPENED
SH028,REC-SH028-202603-0015,2026-03-07,370.00,345.79,24.21,,,SKIPPED,PERIOD_NOT_OPENED
SH001,REC-SH001-202603-0048,2026-03-07,1830.00,1710.28,119.72,,,SKIPPED,PERIOD_NOT_OPENED
SH012,REC-SH012-202603-0046,2026-03-07,640.00,598.13,41.87,,,SKIPPED,PERIOD_NOT_OPENED
SH025,REC-SH025-202603-0051,2026-03-07,120.00,112.15,7.85,,,SKIPPED,PERIOD_NOT_OPENED
SH001,REC-SH001-202603-0049,2026-03-07,1560.00,1457.94,102.06,,,SKIPPED,PERIOD_NOT_OPENED
SH001,REC-SH001-202603-0050,2026-03-07,330.00,308.41,21.59,,,SKIPPED,PERIOD_NOT_OPENED
SH001,REC-SH001-202603-0051,2026-03-07,330.00,308.41,21.59,,,SKIPPED,PERIOD_NOT_OPENED
SH025,REC-SH025-202603-0052,2026-03-07,80.00,74.77,5.23,,,SKIPPED,PERIOD_NOT_OPENED
SH026,REC-SH026-202603-0066,2026-03-07,330.00,308.41,21.59,,,SKIPPED,PERIOD_NOT_OPENED
SH010,REC-SH010-202603-0082,2026-03-07,1380.00,1289.72,90.28,,,SKIPPED,PERIOD_NOT_OPENED
SH025,REC-SH025-202603-0053,2026-03-07,460.00,429.91,30.09,,,SKIPPED,PERIOD_NOT_OPENED
SH026,REC-SH026-202603-0067,2026-03-07,620.00,579.44,40.56,,,SKIPPED,PERIOD_NOT_OPENED
SH026,REC-SH026-202603-0068,2026-03-07,80.00,74.77,5.23,,,SKIPPED,PERIOD_NOT_OPENED
SH001,REC-SH001-202603-0052,2026-03-07,220.00,205.61,14.39,,,SKIPPED,PERIOD_NOT_OPENED
SH026,REC-SH026-202603-0069,2026-03-07,120.00,112.15,7.85,,,SKIPPED,PERIOD_NOT_OPENED
SH006,REC-SH006-202603-0116,2026-03-07,80.00,74.77,5.23,,,SKIPPED,PERIOD_NOT_OPENED
SH001,REC-SH001-202603-0053,2026-03-07,1600.00,1495.33,104.67,,,SKIPPED,PERIOD_NOT_OPENED
SH006,REC-SH006-202603-0117,2026-03-07,160.00,149.53,10.47,,,SKIPPED,PERIOD_NOT_OPENED
SH006,REC-SH006-202603-0118,2026-03-07,1410.00,1317.76,92.24,,,SKIPPED,PERIOD_NOT_OPENED
SH001,REC-SH001-202603-0054,2026-03-07,1750.00,1635.51,114.49,,,SKIPPED,PERIOD_NOT_OPENED
SH025,REC-SH025-202603-0054,2026-03-07,325.00,303.74,21.26,,,SKIPPED,PERIOD_NOT_OPENED
SH006,REC-SH006-202603-0119,2026-03-07,440.00,411.21,28.79,,,SKIPPED,PERIOD_NOT_OPENED
SH026,REC-SH026-202603-0070,2026-03-07,460.00,429.91,30.09,,,SKIPPED,PERIOD_NOT_OPENED
SH010,REC-SH010-202603-0083,2026-03-07,160.00,149.53,10.47,,,SKIPPED,PERIOD_NOT_OPENED
SH010,REC-SH010-202603-0084,2026-03-07,920.00,859.81,60.19,,,SKIPPED,PERIOD_NOT_OPENED
SH025,REC-SH025-202603-0055,2026-03-07,120.00,112.15,7.85,,,SKIPPED,PERIOD_NOT_OPENED
SH006,REC-SH006-202603-0120,2026-03-07,330.00,308.41,21.59,,,SKIPPED,PERIOD_NOT_OPENED
SH001,REC-SH001-202603-0055,2026-03-07,160.00,149.53,10.47,,,SKIPPED,PERIOD_NOT_OPENED
SH024,REC-SH024-202603-0040,2026-03-07,100.00,93.46,6.54,,,SKIPPED,PERIOD_NOT_OPENED
SH024,REC-SH024-202603-0041,2026-03-07,1460.00,1364.49,95.51,,,SKIPPED,PERIOD_NOT_OPENED
SH024,REC-SH024-202603-0042,2026-03-07,160.00,149.53,10.47,,,SKIPPED,PERIOD_NOT_OPENED
SH024,REC-SH024-202603-0043,2026-03-07,160.00,149.53,10.47,,,SKIPPED,PERIOD_NOT_OPENED
SH024,REC-SH024-202603-0044,2026-03-07,100.00,93.46,6.54,,,SKIPPED,PERIOD_NOT_OPENED
SH024,REC-SH024-202603-0045,2026-03-07,240.00,224.30,15.70,,,SKIPPED,PERIOD_NOT_OPENED
SH024,REC-SH024-202603-0046,2026-03-07,80.00,74.77,5.23,,,SKIPPED,PERIOD_NOT_OPENED
SH024,REC-SH024-202603-0047,2026-03-07,160.00,149.53,10.47,,,SKIPPED,PERIOD_NOT_OPENED
SH001,REC-SH001-202603-0056,2026-03-07,80.00,74.77,5.23,,,SKIPPED,PERIOD_NOT_OPENED
SH001,REC-SH001-202603-0057,2026-03-07,150.00,140.19,9.81,,,SKIPPED,PERIOD_NOT_OPENED
SH025,REC-SH025-202603-0056,2026-03-07,460.00,429.91,30.09,,,SKIPPED,PERIOD_NOT_OPENED
SH026,REC-SH026-202603-0071,2026-03-08,80.00,74.77,5.23,,,SKIPPED,PERIOD_NOT_OPENED
SH010,REC-SH010-202603-0085,2026-03-08,240.00,224.30,15.70,,,SKIPPED,PERIOD_NOT_OPENED
SH010,REC-SH010-202603-0086,2026-03-08,410.00,383.18,26.82,,,SKIPPED,PERIOD_NOT_OPENED
SH006,REC-SH006-202603-0121,2026-03-08,1100.00,1028.04,71.96,,,SKIPPED,PERIOD_NOT_OPENED
SH024,REC-SH024-202603-0048,2026-03-08,2040.00,1906.54,133.46,,,SKIPPED,PERIOD_NOT_OPENED
SH001,REC-SH001-202603-0058,2026-03-08,160.00,149.53,10.47,,,SKIPPED,PERIOD_NOT_OPENED
SH010,REC-SH010-202603-0087,2026-03-08,80.00,74.77,5.23,,,SKIPPED,PERIOD_NOT_OPENED
SH010,REC-SH010-202603-0088,2026-03-08,330.00,308.41,21.59,,,SKIPPED,PERIOD_NOT_OPENED
SH025,REC-SH025-202603-0057,2026-03-08,80.00,74.77,5.23,,,SKIPPED,PERIOD_NOT_OPENED
SH010,REC-SH010-202603-0089,2026-03-08,3540.00,3308.41,231.59,,,SKIPPED,PERIOD_NOT_OPENED
SH026,REC-SH026-202603-0072,2026-03-08,120.00,112.15,7.85,,,SKIPPED,PERIOD_NOT_OPENED
SH028,REC-SH028-202603-0016,2026-03-08,120.00,112.15,7.85,,,SKIPPED,PERIOD_NOT_OPENED
SH001,REC-SH001-202603-0059,2026-03-08,680.00,635.51,44.49,,,SKIPPED,PERIOD_NOT_OPENED
SH001,REC-SH001-202603-0060,2026-03-08,1970.00,1841.12,128.88,,,SKIPPED,PERIOD_NOT_OPENED
SH010,REC-SH010-202603-0090,2026-03-08,160.00,149.53,10.47,,,SKIPPED,PERIOD_NOT_OPENED
SH010,REC-SH010-202603-0091,2026-03-08,325.00,303.74,21.26,,,SKIPPED,PERIOD_NOT_OPENED
SH001,REC-SH001-202603-0061,2026-03-08,1380.00,1289.72,90.28,,,SKIPPED,PERIOD_NOT_OPENED
SH026,REC-SH026-202603-0073,2026-03-08,140.00,130.84,9.16,,,SKIPPED,PERIOD_NOT_OPENED
SH010,REC-SH010-202603-0092,2026-03-08,410.00,383.18,26.82,,,SKIPPED,PERIOD_NOT_OPENED
SH012,REC-SH012-202603-0047,2026-03-08,220.00,205.61,14.39,,,SKIPPED,PERIOD_NOT_OPENED
SH012,REC-SH012-202603-0048,2026-03-08,120.00,112.15,7.85,,,SKIPPED,PERIOD_NOT_OPENED
SH026,REC-SH026-202603-0074,2026-03-08,160.00,149.53,10.47,,,SKIPPED,PERIOD_NOT_OPENED
SH001,REC-SH001-202603-0062,2026-03-08,1970.00,1841.12,128.88,,,SKIPPED,PERIOD_NOT_OPENED
SH006,REC-SH006-202603-0122,2026-03-08,330.00,308.41,21.59,,,SKIPPED,PERIOD_NOT_OPENED
SH025,REC-SH025-202603-0058,2026-03-08,300.00,280.37,19.63,,,SKIPPED,PERIOD_NOT_OPENED
SH026,REC-SH026-202603-0075,2026-03-08,1360.00,1271.03,88.97,,,SKIPPED,PERIOD_NOT_OPENED
SH001,REC-SH001-202603-0063,2026-03-08,1560.00,1457.94,102.06,,,SKIPPED,PERIOD_NOT_OPENED
SH006,REC-SH006-202603-0123,2026-03-08,240.00,224.30,15.70,,,SKIPPED,PERIOD_NOT_OPENED
SH001,REC-SH001-202603-0064,2026-03-08,120.00,112.15,7.85,,,SKIPPED,PERIOD_NOT_OPENED
SH030,REC-SH030-202603-0008,2026-03-08,240.00,224.30,15.70,,,SKIPPED,PERIOD_NOT_OPENED
SH006,REC-SH006-202603-0124,2026-03-08,1580.00,1476.64,103.36,,,SKIPPED,PERIOD_NOT_OPENED
SH025,REC-SH025-202603-0059,2026-03-08,160.00,149.53,10.47,,,SKIPPED,PERIOD_NOT_OPENED
SH001,REC-SH001-202603-0065,2026-03-08,160.00,149.53,10.47,,,SKIPPED,PERIOD_NOT_OPENED
SH012,REC-SH012-202603-0049,2026-03-08,2200.00,2056.07,143.93,,,SKIPPED,PERIOD_NOT_OPENED
SH012,REC-SH012-202603-0050,2026-03-08,160.00,149.53,10.47,,,SKIPPED,PERIOD_NOT_OPENED
SH001,REC-SH001-202603-0066,2026-03-08,680.00,635.51,44.49,,,SKIPPED,PERIOD_NOT_OPENED
SH001,REC-SH001-202603-0067,2026-03-08,220.00,205.61,14.39,,,SKIPPED,PERIOD_NOT_OPENED
SH026,REC-SH026-202603-0076,2026-03-08,120.00,112.15,7.85,,,SKIPPED,PERIOD_NOT_OPENED
SH024,REC-SH024-202603-0049,2026-03-08,130.00,121.50,8.50,,,SKIPPED,PERIOD_NOT_OPENED
SH006,REC-SH006-202603-0125,2026-03-08,160.00,149.53,10.47,,,SKIPPED,PERIOD_NOT_OPENED
SH010,REC-SH010-202603-0093,2026-03-08,160.00,149.53,10.47,,,SKIPPED,PERIOD_NOT_OPENED
SH026,REC-SH026-202603-0077,2026-03-08,300.00,280.37,19.63,,,SKIPPED,PERIOD_NOT_OPENED
SH010,REC-SH010-202603-0094,2026-03-08,2750.00,2570.09,179.91,,,SKIPPED,PERIOD_NOT_OPENED
SH006,REC-SH006-202603-0126,2026-03-08,370.00,345.79,24.21,,,SKIPPED,PERIOD_NOT_OPENED
SH026,REC-SH026-202603-0078,2026-03-08,360.00,336.45,23.55,,,SKIPPED,PERIOD_NOT_OPENED
SH001,REC-SH001-202603-0068,2026-03-08,80.00,74.77,5.23,,,SKIPPED,PERIOD_NOT_OPENED
SH006,REC-SH006-202603-0127,2026-03-08,120.00,112.15,7.85,,,SKIPPED,PERIOD_NOT_OPENED
SH026,REC-SH026-202603-0079,2026-03-08,660.00,616.82,43.18,,,SKIPPED,PERIOD_NOT_OPENED
SH026,REC-SH026-202603-0080,2026-03-08,760.00,710.28,49.72,,,SKIPPED,PERIOD_NOT_OPENED
SH010,REC-SH010-202603-0095,2026-03-08,330.00,308.41,21.59,,,SKIPPED,PERIOD_NOT_OPENED
SH012,REC-SH012-202603-0051,2026-03-08,190.00,177.57,12.43,,,SKIPPED,PERIOD_NOT_OPENED
SH025,REC-SH025-202603-0060,2026-03-08,1320.00,1233.64,86.36,,,SKIPPED,PERIOD_NOT_OPENED
SH010,REC-SH010-202603-0096,2026-03-08,650.00,607.48,42.52,,,SKIPPED,PERIOD_NOT_OPENED
SH006,REC-SH006-202603-0128,2026-03-08,370.00,345.79,24.21,,,SKIPPED,PERIOD_NOT_OPENED
SH001,REC-SH001-202603-0069,2026-03-08,330.00,308.41,21.59,,,SKIPPED,PERIOD_NOT_OPENED
SH012,REC-SH012-202603-0052,2026-03-08,120.00,112.15,7.85,,,SKIPPED,PERIOD_NOT_OPENED
SH026,REC-SH026-202603-0081,2026-03-08,320.00,299.07,20.93,,,SKIPPED,PERIOD_NOT_OPENED
SH025,REC-SH025-202603-0061,2026-03-08,440.00,411.21,28.79,,,SKIPPED,PERIOD_NOT_OPENED
SH025,REC-SH025-202603-0062,2026-03-08,120.00,112.15,7.85,,,SKIPPED,PERIOD_NOT_OPENED
SH012,REC-SH012-202603-0053,2026-03-08,240.00,224.30,15.70,,,SKIPPED,PERIOD_NOT_OPENED
SH025,REC-SH025-202603-0063,2026-03-08,410.00,383.18,26.82,,,SKIPPED,PERIOD_NOT_OPENED
SH024,REC-SH024-202603-0050,2026-03-08,80.00,74.77,5.23,,,SKIPPED,PERIOD_NOT_OPENED
SH024,REC-SH024-202603-0051,2026-03-08,80.00,74.77,5.23,,,SKIPPED,PERIOD_NOT_OPENED
SH024,REC-SH024-202603-0052,2026-03-08,180.00,168.22,11.78,,,SKIPPED,PERIOD_NOT_OPENED
SH010,REC-SH010-202603-0097,2026-03-08,160.00,149.53,10.47,,,SKIPPED,PERIOD_NOT_OPENED
SH024,REC-SH024-202603-0053,2026-03-08,80.00,74.77,5.23,,,SKIPPED,PERIOD_NOT_OPENED
SH024,REC-SH024-202603-0054,2026-03-08,1230.00,1149.53,80.47,,,SKIPPED,PERIOD_NOT_OPENED
SH024,REC-SH024-202603-0055,2026-03-08,370.00,345.79,24.21,,,SKIPPED,PERIOD_NOT_OPENED
SH024,REC-SH024-202603-0056,2026-03-08,530.00,495.33,34.67,,,SKIPPED,PERIOD_NOT_OPENED
SH024,REC-SH024-202603-0057,2026-03-08,160.00,149.53,10.47,,,SKIPPED,PERIOD_NOT_OPENED
SH006,REC-SH006-202603-0129,2026-03-08,580.00,542.06,37.94,,,SKIPPED,PERIOD_NOT_OPENED
SH026,REC-SH026-202603-0082,2026-03-08,280.00,261.68,18.32,,,SKIPPED,PERIOD_NOT_OPENED
SH010,REC-SH010-202603-0098,2026-03-08,600.00,560.75,39.25,,,SKIPPED,PERIOD_NOT_OPENED
SH025,REC-SH025-202603-0064,2026-03-08,190.00,177.57,12.43,,,SKIPPED,PERIOD_NOT_OPENED
SH010,REC-SH010-202603-0099,2026-03-08,160.00,149.53,10.47,,,SKIPPED,PERIOD_NOT_OPENED
SH012,REC-SH012-202603-0054,2026-03-08,620.00,579.44,40.56,,,SKIPPED,PERIOD_NOT_OPENED
SH006,REC-SH006-202603-0130,2026-03-08,325.00,303.74,21.26,,,SKIPPED,PERIOD_NOT_OPENED
SH006,REC-SH006-202603-0131,2026-03-08,80.00,74.77,5.23,,,SKIPPED,PERIOD_NOT_OPENED
SH001,REC-SH001-202603-0070,2026-03-08,810.00,757.01,52.99,,,SKIPPED,PERIOD_NOT_OPENED
SH006,REC-SH006-202603-0132,2026-03-08,80.00,74.77,5.23,,,SKIPPED,PERIOD_NOT_OPENED
SH012,REC-SH012-202603-0055,2026-03-08,80.00,74.77,5.23,,,SKIPPED,PERIOD_NOT_OPENED
SH028,REC-SH028-202603-0017,2026-03-08,120.00,112.15,7.85,,,SKIPPED,PERIOD_NOT_OPENED
SH001,REC-SH001-202603-0071,2026-03-08,80.00,74.77,5.23,,,SKIPPED,PERIOD_NOT_OPENED
SH024,REC-SH024-202603-0058,2026-03-08,440.00,411.21,28.79,,,SKIPPED,PERIOD_NOT_OPENED
SH024,REC-SH024-202603-0059,2026-03-08,280.00,261.68,18.32,,,SKIPPED,PERIOD_NOT_OPENED
SH024,REC-SH024-202603-0060,2026-03-08,330.00,308.41,21.59,,,SKIPPED,PERIOD_NOT_OPENED
SH001,REC-SH001-202603-0072,2026-03-09,1320.00,1233.64,86.36,,,SKIPPED,PERIOD_NOT_OPENED
SH001,REC-SH001-202603-0073,2026-03-09,80.00,74.77,5.23,,,SKIPPED,PERIOD_NOT_OPENED
SH028,REC-SH028-202603-0018,2026-03-09,330.00,308.41,21.59,,,SKIPPED,PERIOD_NOT_OPENED
SH026,REC-SH026-202603-0083,2026-03-09,1230.00,1149.53,80.47,,,SKIPPED,PERIOD_NOT_OPENED
SH006,REC-SH006-202603-0133,2026-03-09,325.00,303.74,21.26,,,SKIPPED,PERIOD_NOT_OPENED
SH001,REC-SH001-202603-0074,2026-03-09,580.00,542.06,37.94,,,SKIPPED,PERIOD_NOT_OPENED
SH026,REC-SH026-202603-0084,2026-03-09,200.00,186.92,13.08,,,SKIPPED,PERIOD_NOT_OPENED
SH006,REC-SH006-202603-0134,2026-03-09,80.00,74.77,5.23,,,SKIPPED,PERIOD_NOT_OPENED
SH006,REC-SH006-202603-0135,2026-03-09,160.00,149.53,10.47,,,SKIPPED,PERIOD_NOT_OPENED
SH001,REC-SH001-202603-0075,2026-03-09,3420.00,3196.26,223.74,,,SKIPPED,PERIOD_NOT_OPENED
SH025,REC-SH025-202603-0065,2026-03-09,320.00,299.07,20.93,,,SKIPPED,PERIOD_NOT_OPENED
SH012,REC-SH012-202603-0056,2026-03-09,160.00,149.53,10.47,,,SKIPPED,PERIOD_NOT_OPENED
SH001,REC-SH001-202603-0076,2026-03-09,440.00,411.21,28.79,,,SKIPPED,PERIOD_NOT_OPENED
SH026,REC-SH026-202603-0085,2026-03-09,280.00,261.68,18.32,,,SKIPPED,PERIOD_NOT_OPENED
SH025,REC-SH025-202603-0066,2026-03-09,240.00,224.30,15.70,,,SKIPPED,PERIOD_NOT_OPENED
SH012,REC-SH012-202603-0057,2026-03-09,80.00,74.77,5.23,,,SKIPPED,PERIOD_NOT_OPENED
SH006,REC-SH006-202603-0136,2026-03-09,1320.00,1233.64,86.36,,,SKIPPED,PERIOD_NOT_OPENED
SH010,REC-SH010-202603-0100,2026-03-09,4020.00,3757.01,262.99,,,SKIPPED,PERIOD_NOT_OPENED
SH010,REC-SH010-202603-0101,2026-03-09,1710.00,1598.13,111.87,,,SKIPPED,PERIOD_NOT_OPENED
SH001,REC-SH001-202603-0077,2026-03-09,120.00,112.15,7.85,,,SKIPPED,PERIOD_NOT_OPENED
SH006,REC-SH006-202603-0137,2026-03-09,325.00,303.74,21.26,,,SKIPPED,PERIOD_NOT_OPENED
SH001,REC-SH001-202603-0078,2026-03-09,580.00,542.06,37.94,,,SKIPPED,PERIOD_NOT_OPENED
SH012,REC-SH012-202603-0058,2026-03-09,280.00,261.68,18.32,,,SKIPPED,PERIOD_NOT_OPENED
SH006,REC-SH006-202603-0138,2026-03-09,1580.00,1476.64,103.36,,,SKIPPED,PERIOD_NOT_OPENED
SH010,REC-SH010-202603-0102,2026-03-09,1690.00,1579.44,110.56,,,SKIPPED,PERIOD_NOT_OPENED
SH006,REC-SH006-202603-0139,2026-03-09,460.00,429.91,30.09,,,SKIPPED,PERIOD_NOT_OPENED
SH010,REC-SH010-202603-0103,2026-03-09,80.00,74.77,5.23,,,SKIPPED,PERIOD_NOT_OPENED
SH026,REC-SH026-202603-0086,2026-03-09,80.00,74.77,5.23,,,SKIPPED,PERIOD_NOT_OPENED
SH001,REC-SH001-202603-0079,2026-03-09,1690.00,1579.44,110.56,,,SKIPPED,PERIOD_NOT_OPENED
SH001,REC-SH001-202603-0080,2026-03-09,1380.00,1289.72,90.28,,,SKIPPED,PERIOD_NOT_OPENED
SH006,REC-SH006-202603-0140,2026-03-09,240.00,224.30,15.70,,,SKIPPED,PERIOD_NOT_OPENED
SH024,REC-SH024-202603-0061,2026-03-09,1230.00,1149.53,80.47,,,SKIPPED,PERIOD_NOT_OPENED
SH024,REC-SH024-202603-0062,2026-03-09,240.00,224.30,15.70,,,SKIPPED,PERIOD_NOT_OPENED
SH006,REC-SH006-202603-0141,2026-03-09,1400.00,1308.41,91.59,,,SKIPPED,PERIOD_NOT_OPENED
SH012,REC-SH012-202603-0059,2026-03-09,370.00,345.79,24.21,,,SKIPPED,PERIOD_NOT_OPENED
SH010,REC-SH010-202603-0104,2026-03-09,80.00,74.77,5.23,,,SKIPPED,PERIOD_NOT_OPENED
SH010,REC-SH010-202603-0105,2026-03-09,80.00,74.77,5.23,,,SKIPPED,PERIOD_NOT_OPENED
SH024,REC-SH024-202603-0063,2026-03-09,1110.00,1037.38,72.62,,,SKIPPED,PERIOD_NOT_OPENED
SH028,REC-SH028-202603-0019,2026-03-09,1580.00,1476.64,103.36,,,SKIPPED,PERIOD_NOT_OPENED
SH024,REC-SH024-202603-0064,2026-03-09,1200.00,1121.50,78.50,,,SKIPPED,PERIOD_NOT_OPENED
SH001,REC-SH001-202603-0081,2026-03-09,1380.00,1289.72,90.28,,,SKIPPED,PERIOD_NOT_OPENED
SH024,REC-SH024-202603-0065,2026-03-09,80.00,74.77,5.23,,,SKIPPED,PERIOD_NOT_OPENED
SH026,REC-SH026-202603-0087,2026-03-09,660.00,616.82,43.18,,,SKIPPED,PERIOD_NOT_OPENED
SH026,REC-SH026-202603-0088,2026-03-09,280.00,261.68,18.32,,,SKIPPED,PERIOD_NOT_OPENED
SH006,REC-SH006-202603-0142,2026-03-09,60.00,56.07,3.93,,,SKIPPED,PERIOD_NOT_OPENED
SH010,REC-SH010-202603-0106,2026-03-09,160.00,149.53,10.47,,,SKIPPED,PERIOD_NOT_OPENED
SH006,REC-SH006-202603-0143,2026-03-09,80.00,74.77,5.23,,,SKIPPED,PERIOD_NOT_OPENED
SH006,REC-SH006-202603-0144,2026-03-09,330.00,308.41,21.59,,,SKIPPED,PERIOD_NOT_OPENED
SH012,REC-SH012-202603-0060,2026-03-09,140.00,130.84,9.16,,,SKIPPED,PERIOD_NOT_OPENED
SH001,REC-SH001-202603-0082,2026-03-09,330.00,308.41,21.59,,,SKIPPED,PERIOD_NOT_OPENED
SH026,REC-SH026-202603-0089,2026-03-09,120.00,112.15,7.85,,,SKIPPED,PERIOD_NOT_OPENED
SH024,REC-SH024-202603-0066,2026-03-09,570.00,532.71,37.29,,,SKIPPED,PERIOD_NOT_OPENED
SH006,REC-SH006-202603-0145,2026-03-09,370.00,345.79,24.21,,,SKIPPED,PERIOD_NOT_OPENED
SH010,REC-SH010-202603-0107,2026-03-09,160.00,149.53,10.47,,,SKIPPED,PERIOD_NOT_OPENED
SH006,REC-SH006-202603-0146,2026-03-09,660.00,616.82,43.18,,,SKIPPED,PERIOD_NOT_OPENED
SH012,REC-SH012-202603-0061,2026-03-09,160.00,149.53,10.47,,,SKIPPED,PERIOD_NOT_OPENED
SH010,REC-SH010-202603-0108,2026-03-09,2760.00,2579.44,180.56,,,SKIPPED,PERIOD_NOT_OPENED
SH024,REC-SH024-202603-0067,2026-03-09,60.00,56.07,3.93,,,SKIPPED,PERIOD_NOT_OPENED
SH024,REC-SH024-202603-0068,2026-03-09,570.00,532.71,37.29,,,SKIPPED,PERIOD_NOT_OPENED
SH024,REC-SH024-202603-0069,2026-03-09,1430.00,1336.45,93.55,,,SKIPPED,PERIOD_NOT_OPENED
SH024,REC-SH024-202603-0070,2026-03-09,80.00,74.77,5.23,,,SKIPPED,PERIOD_NOT_OPENED
SH025,REC-SH025-202603-0067,2026-03-09,160.00,149.53,10.47,,,SKIPPED,PERIOD_NOT_OPENED
SH006,REC-SH006-202603-0147,2026-03-09,80.00,74.77,5.23,,,SKIPPED,PERIOD_NOT_OPENED
SH010,REC-SH010-202603-0109,2026-03-09,320.00,299.07,20.93,,,SKIPPED,PERIOD_NOT_OPENED
SH001,REC-SH001-202603-0083,2026-03-09,780.00,728.97,51.03,,,SKIPPED,PERIOD_NOT_OPENED
SH025,REC-SH025-202603-0068,2026-03-09,80.00,74.77,5.23,,,SKIPPED,PERIOD_NOT_OPENED
SH012,REC-SH012-202603-0062,2026-03-09,580.00,542.06,37.94,,,SKIPPED,PERIOD_NOT_OPENED
SH006,REC-SH006-202603-0148,2026-03-09,330.00,308.41,21.59,,,SKIPPED,PERIOD_NOT_OPENED
SH026,REC-SH026-202603-0090,2026-03-09,120.00,112.15,7.85,,,SKIPPED,PERIOD_NOT_OPENED
SH028,REC-SH028-202603-0020,2026-03-09,120.00,112.15,7.85,,,SKIPPED,PERIOD_NOT_OPENED
SH025,REC-SH025-202603-0069,2026-03-09,100.00,93.46,6.54,,,SKIPPED,PERIOD_NOT_OPENED
SH001,REC-SH001-202603-0084,2026-03-09,1230.00,1149.53,80.47,,,SKIPPED,PERIOD_NOT_OPENED
SH025,REC-SH025-202603-0070,2026-03-09,640.00,598.13,41.87,,,SKIPPED,PERIOD_NOT_OPENED
SH012,REC-SH012-202603-0063,2026-03-10,240.00,224.30,15.70,,,SKIPPED,PERIOD_NOT_OPENED
SH006,REC-SH006-202603-0149,2026-03-10,1800.00,1682.24,117.76,,,SKIPPED,PERIOD_NOT_OPENED
SH012,REC-SH012-202603-0064,2026-03-10,240.00,224.30,15.70,,,SKIPPED,PERIOD_NOT_OPENED
SH010,REC-SH010-202603-0110,2026-03-10,160.00,149.53,10.47,,,SKIPPED,PERIOD_NOT_OPENED
SH006,REC-SH006-202603-0150,2026-03-10,4570.00,4271.03,298.97,,,SKIPPED,PERIOD_NOT_OPENED
SH025,REC-SH025-202603-0071,2026-03-10,220.00,205.61,14.39,,,SKIPPED,PERIOD_NOT_OPENED
SH010,REC-SH010-202603-0111,2026-03-10,325.00,303.74,21.26,,,SKIPPED,PERIOD_NOT_OPENED
SH025,REC-SH025-202603-0072,2026-03-10,200.00,186.92,13.08,,,SKIPPED,PERIOD_NOT_OPENED
SH025,REC-SH025-202603-0073,2026-03-10,80.00,74.77,5.23,,,SKIPPED,PERIOD_NOT_OPENED
SH025,REC-SH025-202603-0074,2026-03-10,80.00,74.77,5.23,,,SKIPPED,PERIOD_NOT_OPENED
SH028,REC-SH028-202603-0021,2026-03-10,1250.00,1168.22,81.78,,,SKIPPED,PERIOD_NOT_OPENED
SH006,REC-SH006-202603-0151,2026-03-10,700.00,654.21,45.79,,,SKIPPED,PERIOD_NOT_OPENED
SH024,REC-SH024-202603-0071,2026-03-10,280.00,261.68,18.32,,,SKIPPED,PERIOD_NOT_OPENED
SH010,REC-SH010-202603-0112,2026-03-10,3400.00,3177.57,222.43,,,SKIPPED,PERIOD_NOT_OPENED
SH012,REC-SH012-202603-0065,2026-03-10,370.00,345.79,24.21,,,SKIPPED,PERIOD_NOT_OPENED
SH025,REC-SH025-202603-0075,2026-03-10,160.00,149.53,10.47,,,SKIPPED,PERIOD_NOT_OPENED
SH026,REC-SH026-202603-0091,2026-03-10,280.00,261.68,18.32,,,SKIPPED,PERIOD_NOT_OPENED
SH012,REC-SH012-202603-0066,2026-03-10,820.00,766.36,53.64,,,SKIPPED,PERIOD_NOT_OPENED
SH026,REC-SH026-202603-0092,2026-03-10,460.00,429.91,30.09,,,SKIPPED,PERIOD_NOT_OPENED
SH010,REC-SH010-202603-0113,2026-03-10,240.00,224.30,15.70,,,SKIPPED,PERIOD_NOT_OPENED
SH012,REC-SH012-202603-0067,2026-03-10,130.00,121.50,8.50,,,SKIPPED,PERIOD_NOT_OPENED
SH006,REC-SH006-202603-0152,2026-03-10,240.00,224.30,15.70,,,SKIPPED,PERIOD_NOT_OPENED
SH006,REC-SH006-202603-0153,2026-03-10,1600.00,1495.33,104.67,,,SKIPPED,PERIOD_NOT_OPENED
SH001,REC-SH001-202603-0085,2026-03-10,1560.00,1457.94,102.06,,,SKIPPED,PERIOD_NOT_OPENED
SH025,REC-SH025-202603-0076,2026-03-10,80.00,74.77,5.23,,,SKIPPED,PERIOD_NOT_OPENED
SH026,REC-SH026-202603-0093,2026-03-10,120.00,112.15,7.85,,,SKIPPED,PERIOD_NOT_OPENED
SH001,REC-SH001-202603-0086,2026-03-10,1380.00,1289.72,90.28,,,SKIPPED,PERIOD_NOT_OPENED
SH025,REC-SH025-202603-0077,2026-03-10,325.00,303.74,21.26,,,SKIPPED,PERIOD_NOT_OPENED
SH012,REC-SH012-202603-0068,2026-03-10,240.00,224.30,15.70,,,SKIPPED,PERIOD_NOT_OPENED
SH006,REC-SH006-202603-0154,2026-03-10,240.00,224.30,15.70,,,SKIPPED,PERIOD_NOT_OPENED
SH006,REC-SH006-202603-0155,2026-03-10,580.00,542.06,37.94,,,SKIPPED,PERIOD_NOT_OPENED
SH012,REC-SH012-202603-0069,2026-03-10,130.00,121.50,8.50,,,SKIPPED,PERIOD_NOT_OPENED
SH001,REC-SH001-202603-0087,2026-03-10,240.00,224.30,15.70,,,SKIPPED,PERIOD_NOT_OPENED
SH026,REC-SH026-202603-0094,2026-03-10,60.00,56.07,3.93,,,SKIPPED,PERIOD_NOT_OPENED
SH001,REC-SH001-202603-0088,2026-03-10,370.00,345.79,24.21,,,SKIPPED,PERIOD_NOT_OPENED
SH001,REC-SH001-202603-0089,2026-03-10,660.00,616.82,43.18,,,SKIPPED,PERIOD_NOT_OPENED
SH006,REC-SH006-202603-0156,2026-03-10,60.00,56.07,3.93,,,SKIPPED,PERIOD_NOT_OPENED
SH006,REC-SH006-202603-0157,2026-03-10,80.00,74.77,5.23,,,SKIPPED,PERIOD_NOT_OPENED
SH024,REC-SH024-202603-0072,2026-03-10,80.00,74.77,5.23,,,SKIPPED,PERIOD_NOT_OPENED
SH025,REC-SH025-202603-0078,2026-03-10,460.00,429.91,30.09,,,SKIPPED,PERIOD_NOT_OPENED
SH026,REC-SH026-202603-0095,2026-03-10,120.00,112.15,7.85,,,SKIPPED,PERIOD_NOT_OPENED
SH001,REC-SH001-202603-0090,2026-03-10,80.00,74.77,5.23,,,SKIPPED,PERIOD_NOT_OPENED
SH006,REC-SH006-202603-0158,2026-03-10,60.00,56.07,3.93,,,SKIPPED,PERIOD_NOT_OPENED
SH006,REC-SH006-202603-0159,2026-03-10,380.00,355.14,24.86,,,SKIPPED,PERIOD_NOT_OPENED
SH001,REC-SH001-202603-0091,2026-03-10,1380.00,1289.72,90.28,,,SKIPPED,PERIOD_NOT_OPENED
SH025,REC-SH025-202603-0079,2026-03-10,80.00,74.77,5.23,,,SKIPPED,PERIOD_NOT_OPENED
SH026,REC-SH026-202603-0096,2026-03-10,240.00,224.30,15.70,,,SKIPPED,PERIOD_NOT_OPENED
SH006,REC-SH006-202603-0160,2026-03-10,160.00,149.53,10.47,,,SKIPPED,PERIOD_NOT_OPENED
SH010,REC-SH010-202603-0114,2026-03-10,460.00,429.91,30.09,,,SKIPPED,PERIOD_NOT_OPENED
SH030,REC-SH030-202603-0009,2026-03-10,240.00,224.30,15.70,,,SKIPPED,PERIOD_NOT_OPENED
SH001,REC-SH001-202603-0092,2026-03-10,1320.00,1233.64,86.36,,,SKIPPED,PERIOD_NOT_OPENED
SH025,REC-SH025-202603-0080,2026-03-10,80.00,74.77,5.23,,,SKIPPED,PERIOD_NOT_OPENED
SH024,REC-SH024-202603-0073,2026-03-10,880.00,822.43,57.57,,,SKIPPED,PERIOD_NOT_OPENED
SH025,REC-SH025-202603-0081,2026-03-10,2500.00,2336.45,163.55,,,SKIPPED,PERIOD_NOT_OPENED
SH006,REC-SH006-202603-0161,2026-03-10,120.00,112.15,7.85,,,SKIPPED,PERIOD_NOT_OPENED
SH006,REC-SH006-202603-0162,2026-03-10,370.00,345.79,24.21,,,SKIPPED,PERIOD_NOT_OPENED
SH006,REC-SH006-202603-0163,2026-03-10,80.00,74.77,5.23,,,SKIPPED,PERIOD_NOT_OPENED
SH010,REC-SH010-202603-0115,2026-03-10,80.00,74.77,5.23,,,SKIPPED,PERIOD_NOT_OPENED
SH026,REC-SH026-202603-0097,2026-03-10,680.00,635.51,44.49,,,SKIPPED,PERIOD_NOT_OPENED
SH010,REC-SH010-202603-0116,2026-03-10,80.00,74.77,5.23,,,SKIPPED,PERIOD_NOT_OPENED
SH006,REC-SH006-202603-0164,2026-03-10,200.00,186.92,13.08,,,SKIPPED,PERIOD_NOT_OPENED
SH001,REC-SH001-202603-0093,2026-03-10,1380.00,1289.72,90.28,,,SKIPPED,PERIOD_NOT_OPENED
SH025,REC-SH025-202603-0082,2026-03-10,200.00,186.92,13.08,,,SKIPPED,PERIOD_NOT_OPENED
SH026,REC-SH026-202603-0098,2026-03-10,240.00,224.30,15.70,,,SKIPPED,PERIOD_NOT_OPENED
SH028,REC-SH028-202603-0022,2026-03-11,1320.00,1233.64,86.36,,,SKIPPED,PERIOD_NOT_OPENED
SH001,REC-SH001-202603-0094,2026-03-11,330.00,308.41,21.59,,,SKIPPED,PERIOD_NOT_OPENED
SH012,REC-SH012-202603-0070,2026-03-11,200.00,186.92,13.08,,,SKIPPED,PERIOD_NOT_OPENED
SH012,REC-SH012-202603-0071,2026-03-11,80.00,74.77,5.23,,,SKIPPED,PERIOD_NOT_OPENED
SH025,REC-SH025-202603-0083,2026-03-11,600.00,560.75,39.25,,,SKIPPED,PERIOD_NOT_OPENED
SH010,REC-SH010-202603-0117,2026-03-11,1320.00,1233.64,86.36,,,SKIPPED,PERIOD_NOT_OPENED
SH006,REC-SH006-202603-0165,2026-03-11,370.00,345.79,24.21,,,SKIPPED,PERIOD_NOT_OPENED
SH006,REC-SH006-202603-0166,2026-03-11,580.00,542.06,37.94,,,SKIPPED,PERIOD_NOT_OPENED
SH001,REC-SH001-202603-0095,2026-03-11,220.00,205.61,14.39,,,SKIPPED,PERIOD_NOT_OPENED
SH010,REC-SH010-202603-0118,2026-03-11,1560.00,1457.94,102.06,,,SKIPPED,PERIOD_NOT_OPENED
SH006,REC-SH006-202603-0167,2026-03-11,1620.00,1514.02,105.98,,,SKIPPED,PERIOD_NOT_OPENED
SH012,REC-SH012-202603-0072,2026-03-11,80.00,74.77,5.23,,,SKIPPED,PERIOD_NOT_OPENED
SH006,REC-SH006-202603-0168,2026-03-11,370.00,345.79,24.21,,,SKIPPED,PERIOD_NOT_OPENED
SH012,REC-SH012-202603-0073,2026-03-11,120.00,112.15,7.85,,,SKIPPED,PERIOD_NOT_OPENED
SH026,REC-SH026-202603-0099,2026-03-11,160.00,149.53,10.47,,,SKIPPED,PERIOD_NOT_OPENED
SH024,REC-SH024-202603-0074,2026-03-11,160.00,149.53,10.47,,,SKIPPED,PERIOD_NOT_OPENED
SH012,REC-SH012-202603-0074,2026-03-11,1320.00,1233.64,86.36,,,SKIPPED,PERIOD_NOT_OPENED
SH006,REC-SH006-202603-0169,2026-03-11,700.00,654.21,45.79,,,SKIPPED,PERIOD_NOT_OPENED
SH001,REC-SH001-202603-0096,2026-03-11,1230.00,1149.53,80.47,,,SKIPPED,PERIOD_NOT_OPENED
SH006,REC-SH006-202603-0170,2026-03-11,200.00,186.92,13.08,,,SKIPPED,PERIOD_NOT_OPENED
SH001,REC-SH001-202603-0097,2026-03-11,2500.00,2336.45,163.55,,,SKIPPED,PERIOD_NOT_OPENED
SH010,REC-SH010-202603-0119,2026-03-11,500.00,467.29,32.71,,,SKIPPED,PERIOD_NOT_OPENED
SH010,REC-SH010-202603-0120,2026-03-11,80.00,74.77,5.23,,,SKIPPED,PERIOD_NOT_OPENED
SH026,REC-SH026-202603-0100,2026-03-11,120.00,112.15,7.85,,,SKIPPED,PERIOD_NOT_OPENED
SH026,REC-SH026-202603-0101,2026-03-11,240.00,224.30,15.70,,,SKIPPED,PERIOD_NOT_OPENED
SH001,REC-SH001-202603-0098,2026-03-11,220.00,205.61,14.39,,,SKIPPED,PERIOD_NOT_OPENED
SH026,REC-SH026-202603-0102,2026-03-11,370.00,345.79,24.21,,,SKIPPED,PERIOD_NOT_OPENED
SH026,REC-SH026-202603-0103,2026-03-11,120.00,112.15,7.85,,,SKIPPED,PERIOD_NOT_OPENED
SH006,REC-SH006-202603-0171,2026-03-11,120.00,112.15,7.85,,,SKIPPED,PERIOD_NOT_OPENED
SH001,REC-SH001-202603-0099,2026-03-11,1230.00,1149.53,80.47,,,SKIPPED,PERIOD_NOT_OPENED
SH024,REC-SH024-202603-0075,2026-03-11,120.00,112.15,7.85,,,SKIPPED,PERIOD_NOT_OPENED
SH006,REC-SH006-202603-0172,2026-03-11,610.00,570.09,39.91,,,SKIPPED,PERIOD_NOT_OPENED
SH010,REC-SH010-202603-0121,2026-03-11,660.00,616.82,43.18,,,SKIPPED,PERIOD_NOT_OPENED
SH025,REC-SH025-202603-0084,2026-03-11,80.00,74.77,5.23,,,SKIPPED,PERIOD_NOT_OPENED
SH025,REC-SH025-202603-0085,2026-03-11,240.00,224.30,15.70,,,SKIPPED,PERIOD_NOT_OPENED
SH012,REC-SH012-202603-0075,2026-03-11,120.00,112.15,7.85,,,SKIPPED,PERIOD_NOT_OPENED
SH010,REC-SH010-202603-0122,2026-03-11,1560.00,1457.94,102.06,,,SKIPPED,PERIOD_NOT_OPENED
SH024,REC-SH024-202603-0076,2026-03-11,80.00,74.77,5.23,,,SKIPPED,PERIOD_NOT_OPENED
SH026,REC-SH026-202603-0104,2026-03-11,180.00,168.22,11.78,,,SKIPPED,PERIOD_NOT_OPENED
SH026,REC-SH026-202603-0105,2026-03-11,120.00,112.15,7.85,,,SKIPPED,PERIOD_NOT_OPENED
SH001,REC-SH001-202603-0100,2026-03-11,1320.00,1233.64,86.36,,,SKIPPED,PERIOD_NOT_OPENED
SH025,REC-SH025-202603-0086,2026-03-11,330.00,308.41,21.59,,,SKIPPED,PERIOD_NOT_OPENED
SH028,REC-SH028-202603-0023,2026-03-11,330.00,308.41,21.59,,,SKIPPED,PERIOD_NOT_OPENED
SH026,REC-SH026-202603-0106,2026-03-11,160.00,149.53,10.47,,,SKIPPED,PERIOD_NOT_OPENED
SH025,REC-SH025-202603-0087,2026-03-11,120.00,112.15,7.85,,,SKIPPED,PERIOD_NOT_OPENED
SH006,REC-SH006-202603-0173,2026-03-11,80.00,74.77,5.23,,,SKIPPED,PERIOD_NOT_OPENED
SH026,REC-SH026-202603-0107,2026-03-11,120.00,112.15,7.85,,,SKIPPED,PERIOD_NOT_OPENED
SH025,REC-SH025-202603-0088,2026-03-11,880.00,822.43,57.57,,,SKIPPED,PERIOD_NOT_OPENED
SH010,REC-SH010-202603-0123,2026-03-11,1640.00,1532.71,107.29,,,SKIPPED,PERIOD_NOT_OPENED
SH025,REC-SH025-202603-0089,2026-03-11,240.00,224.30,15.70,,,SKIPPED,PERIOD_NOT_OPENED
SH010,REC-SH010-202603-0124,2026-03-11,80.00,74.77,5.23,,,SKIPPED,PERIOD_NOT_OPENED
SH026,REC-SH026-202603-0108,2026-03-11,160.00,149.53,10.47,,,SKIPPED,PERIOD_NOT_OPENED
SH010,REC-SH010-202603-0125,2026-03-11,460.00,429.91,30.09,,,SKIPPED,PERIOD_NOT_OPENED
SH028,REC-SH028-202603-0024,2026-03-11,120.00,112.15,7.85,,,SKIPPED,PERIOD_NOT_OPENED
SH012,REC-SH012-202603-0076,2026-03-11,80.00,74.77,5.23,,,SKIPPED,PERIOD_NOT_OPENED
SH025,REC-SH025-202603-0090,2026-03-11,350.00,327.10,22.90,,,SKIPPED,PERIOD_NOT_OPENED
SH026,REC-SH026-202603-0109,2026-03-11,330.00,308.41,21.59,,,SKIPPED,PERIOD_NOT_OPENED
SH025,REC-SH025-202603-0091,2026-03-11,60.00,56.07,3.93,,,SKIPPED,PERIOD_NOT_OPENED
SH010,REC-SH010-202603-0126,2026-03-11,160.00,149.53,10.47,,,SKIPPED,PERIOD_NOT_OPENED
SH010,REC-SH010-202603-0127,2026-03-11,80.00,74.77,5.23,,,SKIPPED,PERIOD_NOT_OPENED
SH024,REC-SH024-202603-0077,2026-03-11,1320.00,1233.64,86.36,,,SKIPPED,PERIOD_NOT_OPENED
SH024,REC-SH024-202603-0078,2026-03-12,200.00,186.92,13.08,,,SKIPPED,PERIOD_NOT_OPENED
SH001,REC-SH001-202603-0101,2026-03-12,120.00,112.15,7.85,,,SKIPPED,PERIOD_NOT_OPENED
SH006,REC-SH006-202603-0174,2026-03-12,330.00,308.41,21.59,,,SKIPPED,PERIOD_NOT_OPENED
SH006,REC-SH006-202603-0175,2026-03-12,580.00,542.06,37.94,,,SKIPPED,PERIOD_NOT_OPENED
SH024,REC-SH024-202603-0079,2026-03-12,320.00,299.07,20.93,,,SKIPPED,PERIOD_NOT_OPENED
SH028,REC-SH028-202603-0025,2026-03-12,610.00,570.09,39.91,,,SKIPPED,PERIOD_NOT_OPENED
SH026,REC-SH026-202603-0110,2026-03-12,840.00,785.05,54.95,,,SKIPPED,PERIOD_NOT_OPENED
SH024,REC-SH024-202603-0080,2026-03-12,120.00,112.15,7.85,,,SKIPPED,PERIOD_NOT_OPENED
SH010,REC-SH010-202603-0128,2026-03-12,30.00,28.04,1.96,,,SKIPPED,PERIOD_NOT_OPENED
SH006,REC-SH006-202603-0176,2026-03-12,360.00,336.45,23.55,,,SKIPPED,PERIOD_NOT_OPENED
SH025,REC-SH025-202603-0092,2026-03-12,140.00,130.84,9.16,,,SKIPPED,PERIOD_NOT_OPENED
SH001,REC-SH001-202603-0102,2026-03-12,2520.00,2355.14,164.86,,,SKIPPED,PERIOD_NOT_OPENED
SH012,REC-SH012-202603-0077,2026-03-12,1250.00,1168.22,81.78,,,SKIPPED,PERIOD_NOT_OPENED
SH012,REC-SH012-202603-0078,2026-03-12,580.00,542.06,37.94,,,SKIPPED,PERIOD_NOT_OPENED
SH001,REC-SH001-202603-0103,2026-03-12,580.00,542.06,37.94,,,SKIPPED,PERIOD_NOT_OPENED
SH025,REC-SH025-202603-0093,2026-03-12,360.00,336.45,23.55,,,SKIPPED,PERIOD_NOT_OPENED
SH024,REC-SH024-202603-0081,2026-03-12,240.00,224.30,15.70,,,SKIPPED,PERIOD_NOT_OPENED
SH030,REC-SH030-202603-0010,2026-03-12,80.00,74.77,5.23,,,SKIPPED,PERIOD_NOT_OPENED
SH001,REC-SH001-202603-0104,2026-03-12,2300.00,2149.53,150.47,,,SKIPPED,PERIOD_NOT_OPENED
SH010,REC-SH010-202603-0129,2026-03-12,2460.00,2299.07,160.93,,,SKIPPED,PERIOD_NOT_OPENED
SH006,REC-SH006-202603-0177,2026-03-12,120.00,112.15,7.85,,,SKIPPED,PERIOD_NOT_OPENED
SH024,REC-SH024-202603-0082,2026-03-12,380.00,355.14,24.86,,,SKIPPED,PERIOD_NOT_OPENED
SH010,REC-SH010-202603-0130,2026-03-12,480.00,448.60,31.40,,,SKIPPED,PERIOD_NOT_OPENED
SH001,REC-SH001-202603-0105,2026-03-12,2220.00,2074.77,145.23,,,SKIPPED,PERIOD_NOT_OPENED
SH012,REC-SH012-202603-0079,2026-03-12,1160.00,1084.11,75.89,,,SKIPPED,PERIOD_NOT_OPENED
SH006,REC-SH006-202603-0178,2026-03-12,280.00,261.68,18.32,,,SKIPPED,PERIOD_NOT_OPENED
SH001,REC-SH001-202603-0106,2026-03-12,2760.00,2579.44,180.56,,,SKIPPED,PERIOD_NOT_OPENED
SH001,REC-SH001-202603-0107,2026-03-12,2760.00,2579.44,180.56,,,SKIPPED,PERIOD_NOT_OPENED
SH006,REC-SH006-202603-0179,2026-03-12,80.00,74.77,5.23,,,SKIPPED,PERIOD_NOT_OPENED
SH006,REC-SH006-202603-0180,2026-03-12,370.00,345.79,24.21,,,SKIPPED,PERIOD_NOT_OPENED
SH001,REC-SH001-202603-0108,2026-03-12,2760.00,2579.44,180.56,,,SKIPPED,PERIOD_NOT_OPENED
SH006,REC-SH006-202603-0181,2026-03-12,760.00,710.28,49.72,,,SKIPPED,PERIOD_NOT_OPENED
SH001,REC-SH001-202603-0109,2026-03-12,160.00,149.53,10.47,,,SKIPPED,PERIOD_NOT_OPENED
SH026,REC-SH026-202603-0111,2026-03-12,920.00,859.81,60.19,,,SKIPPED,PERIOD_NOT_OPENED
SH001,REC-SH001-202603-0110,2026-03-12,1750.00,1635.51,114.49,,,SKIPPED,PERIOD_NOT_OPENED
SH026,REC-SH026-202603-0112,2026-03-12,460.00,429.91,30.09,,,SKIPPED,PERIOD_NOT_OPENED
SH010,REC-SH010-202603-0131,2026-03-12,4150.00,3878.50,271.50,,,SKIPPED,PERIOD_NOT_OPENED
SH028,REC-SH028-202603-0026,2026-03-12,410.00,383.18,26.82,,,SKIPPED,PERIOD_NOT_OPENED
SH001,REC-SH001-202603-0111,2026-03-12,2760.00,2579.44,180.56,,,SKIPPED,PERIOD_NOT_OPENED
SH012,REC-SH012-202603-0080,2026-03-12,570.00,532.71,37.29,,,SKIPPED,PERIOD_NOT_OPENED
SH024,REC-SH024-202603-0083,2026-03-12,330.00,308.41,21.59,,,SKIPPED,PERIOD_NOT_OPENED
SH025,REC-SH025-202603-0094,2026-03-12,80.00,74.77,5.23,,,SKIPPED,PERIOD_NOT_OPENED
SH012,REC-SH012-202603-0081,2026-03-12,920.00,859.81,60.19,,,SKIPPED,PERIOD_NOT_OPENED
SH024,REC-SH024-202603-0084,2026-03-12,160.00,149.53,10.47,,,SKIPPED,PERIOD_NOT_OPENED
SH012,REC-SH012-202603-0082,2026-03-12,580.00,542.06,37.94,,,SKIPPED,PERIOD_NOT_OPENED
SH010,REC-SH010-202603-0132,2026-03-12,1600.00,1495.33,104.67,,,SKIPPED,PERIOD_NOT_OPENED
SH024,REC-SH024-202603-0085,2026-03-12,240.00,224.30,15.70,,,SKIPPED,PERIOD_NOT_OPENED
SH006,REC-SH006-202603-0182,2026-03-12,80.00,74.77,5.23,,,SKIPPED,PERIOD_NOT_OPENED
SH010,REC-SH010-202603-0133,2026-03-12,330.00,308.41,21.59,,,SKIPPED,PERIOD_NOT_OPENED
SH012,REC-SH012-202603-0083,2026-03-12,580.00,542.06,37.94,,,SKIPPED,PERIOD_NOT_OPENED
SH012,REC-SH012-202603-0084,2026-03-12,120.00,112.15,7.85,,,SKIPPED,PERIOD_NOT_OPENED
SH025,REC-SH025-202603-0095,2026-03-12,410.00,383.18,26.82,,,SKIPPED,PERIOD_NOT_OPENED
SH026,REC-SH026-202603-0113,2026-03-12,120.00,112.15,7.85,,,SKIPPED,PERIOD_NOT_OPENED
SH010,REC-SH010-202603-0134,2026-03-12,330.00,308.41,21.59,,,SKIPPED,PERIOD_NOT_OPENED
SH006,REC-SH006-202603-0183,2026-03-12,325.00,303.74,21.26,,,SKIPPED,PERIOD_NOT_OPENED
SH026,REC-SH026-202603-0114,2026-03-12,1650.00,1542.06,107.94,,,SKIPPED,PERIOD_NOT_OPENED
SH026,REC-SH026-202603-0115,2026-03-12,160.00,149.53,10.47,,,SKIPPED,PERIOD_NOT_OPENED
SH010,REC-SH010-202603-0135,2026-03-12,330.00,308.41,21.59,,,SKIPPED,PERIOD_NOT_OPENED
SH010,REC-SH010-202603-0136,2026-03-12,120.00,112.15,7.85,,,SKIPPED,PERIOD_NOT_OPENED
SH026,REC-SH026-202603-0116,2026-03-12,140.00,130.84,9.16,,,SKIPPED,PERIOD_NOT_OPENED
SH006,REC-SH006-202603-0184,2026-03-12,1600.00,1495.33,104.67,,,SKIPPED,PERIOD_NOT_OPENED
SH006,REC-SH006-202603-0185,2026-03-12,80.00,74.77,5.23,,,SKIPPED,PERIOD_NOT_OPENED
SH025,REC-SH025-202603-0096,2026-03-12,520.00,485.98,34.02,,,SKIPPED,PERIOD_NOT_OPENED
SH026,REC-SH026-202603-0117,2026-03-12,120.00,112.15,7.85,,,SKIPPED,PERIOD_NOT_OPENED
SH001,REC-SH001-202603-0112,2026-03-12,220.00,205.61,14.39,,,SKIPPED,PERIOD_NOT_OPENED
SH001,REC-SH001-202603-0113,2026-03-12,330.00,308.41,21.59,,,SKIPPED,PERIOD_NOT_OPENED
SH006,REC-SH006-202603-0186,2026-03-12,5380.00,5028.04,351.96,,,SKIPPED,PERIOD_NOT_OPENED
SH006,REC-SH006-202603-0187,2026-03-12,3660.00,3420.56,239.44,,,SKIPPED,PERIOD_NOT_OPENED
SH025,REC-SH025-202603-0097,2026-03-12,170.00,158.88,11.12,,,SKIPPED,PERIOD_NOT_OPENED
SH025,REC-SH025-202603-0098,2026-03-12,325.00,303.74,21.26,,,SKIPPED,PERIOD_NOT_OPENED
SH010,REC-SH010-202603-0137,2026-03-12,360.00,336.45,23.55,,,SKIPPED,PERIOD_NOT_OPENED
SH001,REC-SH001-202603-0114,2026-03-13,220.00,205.61,14.39,,,SKIPPED,PERIOD_NOT_OPENED
SH012,REC-SH012-202603-0085,2026-03-13,80.00,74.77,5.23,,,SKIPPED,PERIOD_NOT_OPENED
SH001,REC-SH001-202603-0115,2026-03-13,560.00,523.36,36.64,,,SKIPPED,PERIOD_NOT_OPENED
SH001,REC-SH001-202603-0116,2026-03-13,240.00,224.30,15.70,,,SKIPPED,PERIOD_NOT_OPENED
SH010,REC-SH010-202603-0138,2026-03-13,400.00,373.83,26.17,,,SKIPPED,PERIOD_NOT_OPENED
SH006,REC-SH006-202603-0188,2026-03-13,240.00,224.30,15.70,,,SKIPPED,PERIOD_NOT_OPENED
SH010,REC-SH010-202603-0139,2026-03-13,325.00,303.74,21.26,,,SKIPPED,PERIOD_NOT_OPENED
SH024,REC-SH024-202603-0086,2026-03-13,80.00,74.77,5.23,,,SKIPPED,PERIOD_NOT_OPENED
SH012,REC-SH012-202603-0086,2026-03-13,850.00,794.39,55.61,,,SKIPPED,PERIOD_NOT_OPENED
SH001,REC-SH001-202603-0117,2026-03-13,220.00,205.61,14.39,,,SKIPPED,PERIOD_NOT_OPENED
SH001,REC-SH001-202603-0118,2026-03-13,80.00,74.77,5.23,,,SKIPPED,PERIOD_NOT_OPENED
SH025,REC-SH025-202603-0099,2026-03-13,160.00,149.53,10.47,,,SKIPPED,PERIOD_NOT_OPENED
SH010,REC-SH010-202603-0140,2026-03-13,1250.00,1168.22,81.78,,,SKIPPED,PERIOD_NOT_OPENED
SH006,REC-SH006-202603-0189,2026-03-13,320.00,299.07,20.93,,,SKIPPED,PERIOD_NOT_OPENED
SH025,REC-SH025-202603-0100,2026-03-13,220.00,205.61,14.39,,,SKIPPED,PERIOD_NOT_OPENED
SH028,REC-SH028-202603-0027,2026-03-13,220.00,205.61,14.39,,,SKIPPED,PERIOD_NOT_OPENED
SH026,REC-SH026-202603-0118,2026-03-13,120.00,112.15,7.85,,,SKIPPED,PERIOD_NOT_OPENED
SH001,REC-SH001-202603-0119,2026-03-13,780.00,728.97,51.03,,,SKIPPED,PERIOD_NOT_OPENED
SH028,REC-SH028-202603-0028,2026-03-13,1970.00,1841.12,128.88,,,SKIPPED,PERIOD_NOT_OPENED
SH006,REC-SH006-202603-0190,2026-03-13,1760.00,1644.86,115.14,,,SKIPPED,PERIOD_NOT_OPENED
SH006,REC-SH006-202603-0191,2026-03-13,1230.00,1149.53,80.47,,,SKIPPED,PERIOD_NOT_OPENED
SH010,REC-SH010-202603-0141,2026-03-13,240.00,224.30,15.70,,,SKIPPED,PERIOD_NOT_OPENED
SH012,REC-SH012-202603-0087,2026-03-13,120.00,112.15,7.85,,,SKIPPED,PERIOD_NOT_OPENED
SH010,REC-SH010-202603-0142,2026-03-13,450.00,420.56,29.44,,,SKIPPED,PERIOD_NOT_OPENED
SH012,REC-SH012-202603-0088,2026-03-13,240.00,224.30,15.70,,,SKIPPED,PERIOD_NOT_OPENED
SH001,REC-SH001-202603-0120,2026-03-13,160.00,149.53,10.47,,,SKIPPED,PERIOD_NOT_OPENED
SH006,REC-SH006-202603-0192,2026-03-13,120.00,112.15,7.85,,,SKIPPED,PERIOD_NOT_OPENED
SH026,REC-SH026-202603-0119,2026-03-13,120.00,112.15,7.85,,,SKIPPED,PERIOD_NOT_OPENED
SH001,REC-SH001-202603-0121,2026-03-13,1040.00,971.96,68.04,,,SKIPPED,PERIOD_NOT_OPENED
SH012,REC-SH012-202603-0089,2026-03-13,80.00,74.77,5.23,,,SKIPPED,PERIOD_NOT_OPENED
SH006,REC-SH006-202603-0193,2026-03-13,80.00,74.77,5.23,,,SKIPPED,PERIOD_NOT_OPENED
SH012,REC-SH012-202603-0090,2026-03-13,240.00,224.30,15.70,,,SKIPPED,PERIOD_NOT_OPENED
SH026,REC-SH026-202603-0120,2026-03-13,160.00,149.53,10.47,,,SKIPPED,PERIOD_NOT_OPENED
SH001,REC-SH001-202603-0122,2026-03-13,220.00,205.61,14.39,,,SKIPPED,PERIOD_NOT_OPENED
SH024,REC-SH024-202603-0087,2026-03-13,160.00,149.53,10.47,,,SKIPPED,PERIOD_NOT_OPENED
SH001,REC-SH001-202603-0123,2026-03-13,1010.00,943.93,66.07,,,SKIPPED,PERIOD_NOT_OPENED
SH010,REC-SH010-202603-0143,2026-03-13,370.00,345.79,24.21,,,SKIPPED,PERIOD_NOT_OPENED
SH001,REC-SH001-202603-0124,2026-03-13,120.00,112.15,7.85,,,SKIPPED,PERIOD_NOT_OPENED
SH012,REC-SH012-202603-0091,2026-03-13,160.00,149.53,10.47,,,SKIPPED,PERIOD_NOT_OPENED
SH006,REC-SH006-202603-0194,2026-03-13,100.00,93.46,6.54,,,SKIPPED,PERIOD_NOT_OPENED
SH010,REC-SH010-202603-0144,2026-03-13,700.00,654.21,45.79,,,SKIPPED,PERIOD_NOT_OPENED
SH026,REC-SH026-202603-0121,2026-03-13,120.00,112.15,7.85,,,SKIPPED,PERIOD_NOT_OPENED
SH006,REC-SH006-202603-0195,2026-03-13,80.00,74.77,5.23,,,SKIPPED,PERIOD_NOT_OPENED
SH012,REC-SH012-202603-0092,2026-03-13,480.00,448.60,31.40,,,SKIPPED,PERIOD_NOT_OPENED
SH024,REC-SH024-202603-0088,2026-03-13,680.00,635.51,44.49,,,SKIPPED,PERIOD_NOT_OPENED
SH012,REC-SH012-202603-0093,2026-03-13,1690.00,1579.44,110.56,,,SKIPPED,PERIOD_NOT_OPENED
SH012,REC-SH012-202603-0094,2026-03-13,160.00,149.53,10.47,,,SKIPPED,PERIOD_NOT_OPENED
SH025,REC-SH025-202603-0101,2026-03-13,380.00,355.14,24.86,,,SKIPPED,PERIOD_NOT_OPENED
SH006,REC-SH006-202603-0196,2026-03-13,240.00,224.30,15.70,,,SKIPPED,PERIOD_NOT_OPENED
SH006,REC-SH006-202603-0197,2026-03-13,80.00,74.77,5.23,,,SKIPPED,PERIOD_NOT_OPENED
SH010,REC-SH010-202603-0145,2026-03-13,640.00,598.13,41.87,,,SKIPPED,PERIOD_NOT_OPENED
SH001,REC-SH001-202603-0125,2026-03-13,60.00,56.07,3.93,,,SKIPPED,PERIOD_NOT_OPENED
SH024,REC-SH024-202603-0089,2026-03-13,60.00,56.07,3.93,,,SKIPPED,PERIOD_NOT_OPENED
SH001,REC-SH001-202603-0126,2026-03-13,1620.00,1514.02,105.98,,,SKIPPED,PERIOD_NOT_OPENED
SH001,REC-SH001-202603-0127,2026-03-13,160.00,149.53,10.47,,,SKIPPED,PERIOD_NOT_OPENED
SH024,REC-SH024-202603-0090,2026-03-13,60.00,56.07,3.93,,,SKIPPED,PERIOD_NOT_OPENED
SH025,REC-SH025-202603-0102,2026-03-13,410.00,383.18,26.82,,,SKIPPED,PERIOD_NOT_OPENED
SH006,REC-SH006-202603-0198,2026-03-14,140.00,130.84,9.16,,,SKIPPED,PERIOD_NOT_OPENED
SH006,REC-SH006-202603-0199,2026-03-14,460.00,429.91,30.09,,,SKIPPED,PERIOD_NOT_OPENED
SH001,REC-SH001-202603-0128,2026-03-14,280.00,261.68,18.32,,,SKIPPED,PERIOD_NOT_OPENED
SH024,REC-SH024-202603-0091,2026-03-14,600.00,560.75,39.25,,,SKIPPED,PERIOD_NOT_OPENED
SH010,REC-SH010-202603-0146,2026-03-14,1230.00,1149.53,80.47,,,SKIPPED,PERIOD_NOT_OPENED
SH001,REC-SH001-202603-0129,2026-03-14,1750.00,1635.51,114.49,,,SKIPPED,PERIOD_NOT_OPENED
SH026,REC-SH026-202603-0122,2026-03-14,160.00,149.53,10.47,,,SKIPPED,PERIOD_NOT_OPENED
SH001,REC-SH001-202603-0130,2026-03-14,1320.00,1233.64,86.36,,,SKIPPED,PERIOD_NOT_OPENED
SH012,REC-SH012-202603-0095,2026-03-14,1320.00,1233.64,86.36,,,SKIPPED,PERIOD_NOT_OPENED
SH006,REC-SH006-202603-0200,2026-03-14,330.00,308.41,21.59,,,SKIPPED,PERIOD_NOT_OPENED
SH001,REC-SH001-202603-0131,2026-03-14,100.00,93.46,6.54,,,SKIPPED,PERIOD_NOT_OPENED
SH010,REC-SH010-202603-0147,2026-03-14,1560.00,1457.94,102.06,,,SKIPPED,PERIOD_NOT_OPENED
SH012,REC-SH012-202603-0096,2026-03-14,330.00,308.41,21.59,,,SKIPPED,PERIOD_NOT_OPENED
SH001,REC-SH001-202603-0132,2026-03-14,160.00,149.53,10.47,,,SKIPPED,PERIOD_NOT_OPENED
SH006,REC-SH006-202603-0201,2026-03-14,370.00,345.79,24.21,,,SKIPPED,PERIOD_NOT_OPENED
SH025,REC-SH025-202603-0103,2026-03-14,160.00,149.53,10.47,,,SKIPPED,PERIOD_NOT_OPENED
SH026,REC-SH026-202603-0123,2026-03-14,1230.00,1149.53,80.47,,,SKIPPED,PERIOD_NOT_OPENED
SH006,REC-SH006-202603-0202,2026-03-14,240.00,224.30,15.70,,,SKIPPED,PERIOD_NOT_OPENED
SH026,REC-SH026-202603-0124,2026-03-14,240.00,224.30,15.70,,,SKIPPED,PERIOD_NOT_OPENED
SH026,REC-SH026-202603-0125,2026-03-14,80.00,74.77,5.23,,,SKIPPED,PERIOD_NOT_OPENED
SH001,REC-SH001-202603-0133,2026-03-14,60.00,56.07,3.93,,,SKIPPED,PERIOD_NOT_OPENED
SH001,REC-SH001-202603-0134,2026-03-14,1150.00,1074.77,75.23,,,SKIPPED,PERIOD_NOT_OPENED
SH006,REC-SH006-202603-0203,2026-03-14,1360.00,1271.03,88.97,,,SKIPPED,PERIOD_NOT_OPENED
SH012,REC-SH012-202603-0097,2026-03-14,330.00,308.41,21.59,,,SKIPPED,PERIOD_NOT_OPENED
SH006,REC-SH006-202603-0204,2026-03-14,370.00,345.79,24.21,,,SKIPPED,PERIOD_NOT_OPENED
SH006,REC-SH006-202603-0205,2026-03-14,380.00,355.14,24.86,,,SKIPPED,PERIOD_NOT_OPENED
SH010,REC-SH010-202603-0148,2026-03-14,120.00,112.15,7.85,,,SKIPPED,PERIOD_NOT_OPENED
SH006,REC-SH006-202603-0206,2026-03-14,200.00,186.92,13.08,,,SKIPPED,PERIOD_NOT_OPENED
SH012,REC-SH012-202603-0098,2026-03-14,80.00,74.77,5.23,,,SKIPPED,PERIOD_NOT_OPENED
SH026,REC-SH026-202603-0126,2026-03-14,300.00,280.37,19.63,,,SKIPPED,PERIOD_NOT_OPENED
SH001,REC-SH001-202603-0135,2026-03-14,2500.00,2336.45,163.55,,,SKIPPED,PERIOD_NOT_OPENED
SH026,REC-SH026-202603-0127,2026-03-14,80.00,74.77,5.23,,,SKIPPED,PERIOD_NOT_OPENED
SH001,REC-SH001-202603-0136,2026-03-14,1380.00,1289.72,90.28,,,SKIPPED,PERIOD_NOT_OPENED
SH024,REC-SH024-202603-0092,2026-03-14,1500.00,1401.87,98.13,,,SKIPPED,PERIOD_NOT_OPENED
SH006,REC-SH006-202603-0207,2026-03-14,380.00,355.14,24.86,,,SKIPPED,PERIOD_NOT_OPENED
SH026,REC-SH026-202603-0128,2026-03-14,160.00,149.53,10.47,,,SKIPPED,PERIOD_NOT_OPENED
SH010,REC-SH010-202603-0149,2026-03-14,1230.00,1149.53,80.47,,,SKIPPED,PERIOD_NOT_OPENED
SH001,REC-SH001-202603-0137,2026-03-14,660.00,616.82,43.18,,,SKIPPED,PERIOD_NOT_OPENED
SH030,REC-SH030-202603-0011,2026-03-14,2500.00,2336.45,163.55,,,SKIPPED,PERIOD_NOT_OPENED
SH006,REC-SH006-202603-0208,2026-03-14,1600.00,1495.33,104.67,,,SKIPPED,PERIOD_NOT_OPENED
SH024,REC-SH024-202603-0093,2026-03-14,150.00,140.19,9.81,,,SKIPPED,PERIOD_NOT_OPENED
SH010,REC-SH010-202603-0150,2026-03-14,460.00,429.91,30.09,,,SKIPPED,PERIOD_NOT_OPENED
SH001,REC-SH001-202603-0138,2026-03-14,680.00,635.51,44.49,,,SKIPPED,PERIOD_NOT_OPENED
SH025,REC-SH025-202603-0104,2026-03-14,650.00,607.48,42.52,,,SKIPPED,PERIOD_NOT_OPENED
SH010,REC-SH010-202603-0151,2026-03-14,160.00,149.53,10.47,,,SKIPPED,PERIOD_NOT_OPENED
SH010,REC-SH010-202603-0152,2026-03-14,325.00,303.74,21.26,,,SKIPPED,PERIOD_NOT_OPENED
SH012,REC-SH012-202603-0099,2026-03-14,500.00,467.29,32.71,,,SKIPPED,PERIOD_NOT_OPENED
SH028,REC-SH028-202603-0029,2026-03-14,80.00,74.77,5.23,,,SKIPPED,PERIOD_NOT_OPENED
SH026,REC-SH026-202603-0129,2026-03-14,460.00,429.91,30.09,,,SKIPPED,PERIOD_NOT_OPENED
SH025,REC-SH025-202603-0105,2026-03-14,160.00,149.53,10.47,,,SKIPPED,PERIOD_NOT_OPENED
SH001,REC-SH001-202603-0139,2026-03-14,500.00,467.29,32.71,,,SKIPPED,PERIOD_NOT_OPENED
SH001,REC-SH001-202603-0140,2026-03-14,140.00,130.84,9.16,,,SKIPPED,PERIOD_NOT_OPENED
SH001,REC-SH001-202603-0141,2026-03-14,220.00,205.61,14.39,,,SKIPPED,PERIOD_NOT_OPENED
SH006,REC-SH006-202603-0209,2026-03-14,2460.00,2299.07,160.93,,,SKIPPED,PERIOD_NOT_OPENED
SH025,REC-SH025-202603-0106,2026-03-14,240.00,224.30,15.70,,,SKIPPED,PERIOD_NOT_OPENED
SH010,REC-SH010-202603-0153,2026-03-14,160.00,149.53,10.47,,,SKIPPED,PERIOD_NOT_OPENED
SH012,REC-SH012-202603-0100,2026-03-14,160.00,149.53,10.47,,,SKIPPED,PERIOD_NOT_OPENED
SH010,REC-SH010-202603-0154,2026-03-14,460.00,429.91,30.09,,,SKIPPED,PERIOD_NOT_OPENED
SH006,REC-SH006-202603-0210,2026-03-14,280.00,261.68,18.32,,,SKIPPED,PERIOD_NOT_OPENED
SH006,REC-SH006-202603-0211,2026-03-14,460.00,429.91,30.09,,,SKIPPED,PERIOD_NOT_OPENED
SH010,REC-SH010-202603-0155,2026-03-14,1380.00,1289.72,90.28,,,SKIPPED,PERIOD_NOT_OPENED
SH026,REC-SH026-202603-0130,2026-03-14,120.00,112.15,7.85,,,SKIPPED,PERIOD_NOT_OPENED
SH025,REC-SH025-202603-0107,2026-03-14,160.00,149.53,10.47,,,SKIPPED,PERIOD_NOT_OPENED
SH001,REC-SH001-202603-0142,2026-03-14,2470.00,2308.41,161.59,,,SKIPPED,PERIOD_NOT_OPENED
SH024,REC-SH024-202603-0094,2026-03-14,160.00,149.53,10.47,,,SKIPPED,PERIOD_NOT_OPENED
SH024,REC-SH024-202603-0095,2026-03-14,120.00,112.15,7.85,,,SKIPPED,PERIOD_NOT_OPENED
SH024,REC-SH024-202603-0096,2026-03-14,120.00,112.15,7.85,,,SKIPPED,PERIOD_NOT_OPENED
SH025,REC-SH025-202603-0108,2026-03-14,80.00,74.77,5.23,,,SKIPPED,PERIOD_NOT_OPENED
SH012,REC-SH012-202603-0101,2026-03-15,120.00,112.15,7.85,,,SKIPPED,PERIOD_NOT_OPENED
SH026,REC-SH026-202603-0131,2026-03-15,160.00,149.53,10.47,,,SKIPPED,PERIOD_NOT_OPENED
SH026,REC-SH026-202603-0132,2026-03-15,360.00,336.45,23.55,,,SKIPPED,PERIOD_NOT_OPENED
SH001,REC-SH001-202603-0143,2026-03-15,160.00,149.53,10.47,,,SKIPPED,PERIOD_NOT_OPENED
SH006,REC-SH006-202603-0212,2026-03-15,370.00,345.79,24.21,,,SKIPPED,PERIOD_NOT_OPENED
SH026,REC-SH026-202603-0133,2026-03-15,120.00,112.15,7.85,,,SKIPPED,PERIOD_NOT_OPENED
SH001,REC-SH001-202603-0144,2026-03-15,330.00,308.41,21.59,,,SKIPPED,PERIOD_NOT_OPENED
SH028,REC-SH028-202603-0030,2026-03-15,220.00,205.61,14.39,,,SKIPPED,PERIOD_NOT_OPENED
SH026,REC-SH026-202603-0134,2026-03-15,120.00,112.15,7.85,,,SKIPPED,PERIOD_NOT_OPENED
SH001,REC-SH001-202603-0145,2026-03-15,2760.00,2579.44,180.56,,,SKIPPED,PERIOD_NOT_OPENED
SH006,REC-SH006-202603-0213,2026-03-15,160.00,149.53,10.47,,,SKIPPED,PERIOD_NOT_OPENED
SH025,REC-SH025-202603-0109,2026-03-15,160.00,149.53,10.47,,,SKIPPED,PERIOD_NOT_OPENED
SH006,REC-SH006-202603-0214,2026-03-15,160.00,149.53,10.47,,,SKIPPED,PERIOD_NOT_OPENED
SH024,REC-SH024-202603-0097,2026-03-15,60.00,56.07,3.93,,,SKIPPED,PERIOD_NOT_OPENED
SH001,REC-SH001-202603-0146,2026-03-15,100.00,93.46,6.54,,,SKIPPED,PERIOD_NOT_OPENED
SH006,REC-SH006-202603-0215,2026-03-15,120.00,112.15,7.85,,,SKIPPED,PERIOD_NOT_OPENED
SH025,REC-SH025-202603-0110,2026-03-15,380.00,355.14,24.86,,,SKIPPED,PERIOD_NOT_OPENED
SH024,REC-SH024-202603-0098,2026-03-15,380.00,355.14,24.86,,,SKIPPED,PERIOD_NOT_OPENED
SH010,REC-SH010-202603-0156,2026-03-15,330.00,308.41,21.59,,,SKIPPED,PERIOD_NOT_OPENED
SH006,REC-SH006-202603-0216,2026-03-15,1970.00,1841.12,128.88,,,SKIPPED,PERIOD_NOT_OPENED
SH026,REC-SH026-202603-0135,2026-03-15,120.00,112.15,7.85,,,SKIPPED,PERIOD_NOT_OPENED
SH001,REC-SH001-202603-0147,2026-03-15,2760.00,2579.44,180.56,,,SKIPPED,PERIOD_NOT_OPENED
SH006,REC-SH006-202603-0217,2026-03-15,580.00,542.06,37.94,,,SKIPPED,PERIOD_NOT_OPENED
SH006,REC-SH006-202603-0218,2026-03-15,240.00,224.30,15.70,,,SKIPPED,PERIOD_NOT_OPENED
SH012,REC-SH012-202603-0102,2026-03-15,740.00,691.59,48.41,,,SKIPPED,PERIOD_NOT_OPENED
SH012,REC-SH012-202603-0103,2026-03-15,80.00,74.77,5.23,,,SKIPPED,PERIOD_NOT_OPENED
SH001,REC-SH001-202603-0148,2026-03-15,120.00,112.15,7.85,,,SKIPPED,PERIOD_NOT_OPENED
SH026,REC-SH026-202603-0136,2026-03-15,120.00,112.15,7.85,,,SKIPPED,PERIOD_NOT_OPENED
SH030,REC-SH030-202603-0012,2026-03-15,80.00,74.77,5.23,,,SKIPPED,PERIOD_NOT_OPENED
SH010,REC-SH010-202603-0157,2026-03-15,325.00,303.74,21.26,,,SKIPPED,PERIOD_NOT_OPENED
SH026,REC-SH026-202603-0137,2026-03-15,460.00,429.91,30.09,,,SKIPPED,PERIOD_NOT_OPENED
SH006,REC-SH006-202603-0219,2026-03-15,325.00,303.74,21.26,,,SKIPPED,PERIOD_NOT_OPENED
SH012,REC-SH012-202603-0104,2026-03-15,160.00,149.53,10.47,,,SKIPPED,PERIOD_NOT_OPENED
SH026,REC-SH026-202603-0138,2026-03-15,330.00,308.41,21.59,,,SKIPPED,PERIOD_NOT_OPENED
SH001,REC-SH001-202603-0149,2026-03-15,330.00,308.41,21.59,,,SKIPPED,PERIOD_NOT_OPENED
SH026,REC-SH026-202603-0139,2026-03-15,80.00,74.77,5.23,,,SKIPPED,PERIOD_NOT_OPENED
SH001,REC-SH001-202603-0150,2026-03-15,650.00,607.48,42.52,,,SKIPPED,PERIOD_NOT_OPENED
SH006,REC-SH006-202603-0220,2026-03-15,120.00,112.15,7.85,,,SKIPPED,PERIOD_NOT_OPENED
SH001,REC-SH001-202603-0151,2026-03-15,580.00,542.06,37.94,,,SKIPPED,PERIOD_NOT_OPENED
SH006,REC-SH006-202603-0221,2026-03-15,350.00,327.10,22.90,,,SKIPPED,PERIOD_NOT_OPENED
SH006,REC-SH006-202603-0222,2026-03-15,240.00,224.30,15.70,,,SKIPPED,PERIOD_NOT_OPENED
SH001,REC-SH001-202603-0152,2026-03-15,120.00,112.15,7.85,,,SKIPPED,PERIOD_NOT_OPENED
SH028,REC-SH028-202603-0031,2026-03-15,1620.00,1514.02,105.98,,,SKIPPED,PERIOD_NOT_OPENED
SH028,REC-SH028-202603-0032,2026-03-15,1970.00,1841.12,128.88,,,SKIPPED,PERIOD_NOT_OPENED
SH010,REC-SH010-202603-0158,2026-03-15,410.00,383.18,26.82,,,SKIPPED,PERIOD_NOT_OPENED
SH026,REC-SH026-202603-0140,2026-03-15,80.00,74.77,5.23,,,SKIPPED,PERIOD_NOT_OPENED
SH001,REC-SH001-202603-0153,2026-03-15,2100.00,1962.62,137.38,,,SKIPPED,PERIOD_NOT_OPENED
SH001,REC-SH001-202603-0154,2026-03-15,330.00,308.41,21.59,,,SKIPPED,PERIOD_NOT_OPENED
SH001,REC-SH001-202603-0155,2026-03-15,450.00,420.56,29.44,,,SKIPPED,PERIOD_NOT_OPENED
SH006,REC-SH006-202603-0223,2026-03-15,325.00,303.74,21.26,,,SKIPPED,PERIOD_NOT_OPENED
SH012,REC-SH012-202603-0105,2026-03-15,240.00,224.30,15.70,,,SKIPPED,PERIOD_NOT_OPENED
SH010,REC-SH010-202603-0159,2026-03-15,650.00,607.48,42.52,,,SKIPPED,PERIOD_NOT_OPENED
SH006,REC-SH006-202603-0224,2026-03-15,180.00,168.22,11.78,,,SKIPPED,PERIOD_NOT_OPENED
SH012,REC-SH012-202603-0106,2026-03-15,120.00,112.15,7.85,,,SKIPPED,PERIOD_NOT_OPENED
SH026,REC-SH026-202603-0141,2026-03-15,120.00,112.15,7.85,,,SKIPPED,PERIOD_NOT_OPENED
SH028,REC-SH028-202603-0033,2026-03-15,120.00,112.15,7.85,,,SKIPPED,PERIOD_NOT_OPENED
SH024,REC-SH024-202603-0099,2026-03-15,1600.00,1495.33,104.67,,,SKIPPED,PERIOD_NOT_OPENED
SH010,REC-SH010-202603-0160,2026-03-15,2760.00,2579.44,180.56,,,SKIPPED,PERIOD_NOT_OPENED
SH001,REC-SH001-202603-0156,2026-03-15,1250.00,1168.22,81.78,,,SKIPPED,PERIOD_NOT_OPENED
SH025,REC-SH025-202603-0111,2026-03-15,80.00,74.77,5.23,,,SKIPPED,PERIOD_NOT_OPENED
SH025,REC-SH025-202603-0112,2026-03-15,240.00,224.30,15.70,,,SKIPPED,PERIOD_NOT_OPENED
SH001,REC-SH001-202603-0157,2026-03-15,330.00,308.41,21.59,,,SKIPPED,PERIOD_NOT_OPENED
SH006,REC-SH006-202603-0225,2026-03-15,160.00,149.53,10.47,,,SKIPPED,PERIOD_NOT_OPENED
SH024,REC-SH024-202603-0100,2026-03-15,1360.00,1271.03,88.97,,,SKIPPED,PERIOD_NOT_OPENED
SH006,REC-SH006-202603-0226,2026-03-15,1380.00,1289.72,90.28,,,SKIPPED,PERIOD_NOT_OPENED
SH006,REC-SH006-202603-0227,2026-03-15,700.00,654.21,45.79,,,SKIPPED,PERIOD_NOT_OPENED
SH012,REC-SH012-202603-0107,2026-03-15,310.00,289.72,20.28,,,SKIPPED,PERIOD_NOT_OPENED
SH006,REC-SH006-202603-0228,2026-03-15,80.00,74.77,5.23,,,SKIPPED,PERIOD_NOT_OPENED
SH006,REC-SH006-202603-0229,2026-03-15,80.00,74.77,5.23,,,SKIPPED,PERIOD_NOT_OPENED
SH028,REC-SH028-202603-0034,2026-03-15,330.00,308.41,21.59,,,SKIPPED,PERIOD_NOT_OPENED
SH026,REC-SH026-202603-0142,2026-03-15,280.00,261.68,18.32,,,SKIPPED,PERIOD_NOT_OPENED
SH006,REC-SH006-202603-0230,2026-03-15,120.00,112.15,7.85,,,SKIPPED,PERIOD_NOT_OPENED
SH001,REC-SH001-202603-0158,2026-03-15,660.00,616.82,43.18,,,SKIPPED,PERIOD_NOT_OPENED
SH006,REC-SH006-202603-0231,2026-03-15,140.00,130.84,9.16,,,SKIPPED,PERIOD_NOT_OPENED
SH024,REC-SH024-202603-0101,2026-03-15,120.00,112.15,7.85,,,SKIPPED,PERIOD_NOT_OPENED
SH024,REC-SH024-202603-0102,2026-03-15,120.00,112.15,7.85,,,SKIPPED,PERIOD_NOT_OPENED
SH024,REC-SH024-202603-0103,2026-03-15,80.00,74.77,5.23,,,SKIPPED,PERIOD_NOT_OPENED
SH024,REC-SH024-202603-0104,2026-03-15,160.00,149.53,10.47,,,SKIPPED,PERIOD_NOT_OPENED
SH024,REC-SH024-202603-0105,2026-03-15,400.00,373.83,26.17,,,SKIPPED,PERIOD_NOT_OPENED
SH024,REC-SH024-202603-0106,2026-03-15,120.00,112.15,7.85,,,SKIPPED,PERIOD_NOT_OPENED
SH024,REC-SH024-202603-0107,2026-03-15,80.00,74.77,5.23,,,SKIPPED,PERIOD_NOT_OPENED
SH025,REC-SH025-202603-0113,2026-03-15,380.00,355.14,24.86,,,SKIPPED,PERIOD_NOT_OPENED
SH025,REC-SH025-202603-0114,2026-03-15,780.00,728.97,51.03,,,SKIPPED,PERIOD_NOT_OPENED
SH001,REC-SH001-202603-0159,2026-03-16,1620.00,1514.02,105.98,,,SKIPPED,PERIOD_NOT_OPENED
SH001,REC-SH001-202603-0160,2026-03-16,1600.00,1495.33,104.67,,,SKIPPED,PERIOD_NOT_OPENED
SH001,REC-SH001-202603-0161,2026-03-16,1620.00,1514.02,105.98,,,SKIPPED,PERIOD_NOT_OPENED
SH010,REC-SH010-202603-0161,2026-03-16,330.00,308.41,21.59,,,SKIPPED,PERIOD_NOT_OPENED
SH010,REC-SH010-202603-0162,2026-03-16,120.00,112.15,7.85,,,SKIPPED,PERIOD_NOT_OPENED
SH010,REC-SH010-202603-0163,2026-03-16,100.00,93.46,6.54,,,SKIPPED,PERIOD_NOT_OPENED
SH012,REC-SH012-202603-0108,2026-03-16,280.00,261.68,18.32,,,SKIPPED,PERIOD_NOT_OPENED
SH024,REC-SH024-202603-0108,2026-03-16,240.00,224.30,15.70,,,SKIPPED,PERIOD_NOT_OPENED
SH024,REC-SH024-202603-0109,2026-03-16,80.00,74.77,5.23,,,SKIPPED,PERIOD_NOT_OPENED
SH010,REC-SH010-202603-0164,2026-03-16,325.00,303.74,21.26,,,SKIPPED,PERIOD_NOT_OPENED
SH001,REC-SH001-202603-0162,2026-03-16,1970.00,1841.12,128.88,,,SKIPPED,PERIOD_NOT_OPENED
SH010,REC-SH010-202603-0165,2026-03-16,410.00,383.18,26.82,,,SKIPPED,PERIOD_NOT_OPENED
SH028,REC-SH028-202603-0035,2026-03-16,60.00,56.07,3.93,,,SKIPPED,PERIOD_NOT_OPENED
SH025,REC-SH025-202603-0115,2026-03-16,80.00,74.77,5.23,,,SKIPPED,PERIOD_NOT_OPENED
SH026,REC-SH026-202603-0143,2026-03-16,120.00,112.15,7.85,,,SKIPPED,PERIOD_NOT_OPENED
SH025,REC-SH025-202603-0116,2026-03-16,380.00,355.14,24.86,,,SKIPPED,PERIOD_NOT_OPENED
SH026,REC-SH026-202603-0144,2026-03-16,160.00,149.53,10.47,,,SKIPPED,PERIOD_NOT_OPENED
SH024,REC-SH024-202603-0110,2026-03-16,80.00,74.77,5.23,,,SKIPPED,PERIOD_NOT_OPENED
SH006,REC-SH006-202603-0232,2026-03-16,1430.00,1336.45,93.55,,,SKIPPED,PERIOD_NOT_OPENED
SH012,REC-SH012-202603-0109,2026-03-16,1140.00,1065.42,74.58,,,SKIPPED,PERIOD_NOT_OPENED
SH001,REC-SH001-202603-0163,2026-03-16,220.00,205.61,14.39,,,SKIPPED,PERIOD_NOT_OPENED
SH001,REC-SH001-202603-0164,2026-03-16,220.00,205.61,14.39,,,SKIPPED,PERIOD_NOT_OPENED
SH010,REC-SH010-202603-0166,2026-03-16,3420.00,3196.26,223.74,,,SKIPPED,PERIOD_NOT_OPENED
SH026,REC-SH026-202603-0145,2026-03-16,460.00,429.91,30.09,,,SKIPPED,PERIOD_NOT_OPENED
SH006,REC-SH006-202603-0233,2026-03-16,80.00,74.77,5.23,,,SKIPPED,PERIOD_NOT_OPENED
SH010,REC-SH010-202603-0167,2026-03-16,400.00,373.83,26.17,,,SKIPPED,PERIOD_NOT_OPENED
SH006,REC-SH006-202603-0234,2026-03-16,660.00,616.82,43.18,,,SKIPPED,PERIOD_NOT_OPENED
SH025,REC-SH025-202603-0117,2026-03-16,540.00,504.67,35.33,,,SKIPPED,PERIOD_NOT_OPENED
SH001,REC-SH001-202603-0165,2026-03-16,2870.00,2682.24,187.76,,,SKIPPED,PERIOD_NOT_OPENED
SH028,REC-SH028-202603-0036,2026-03-16,1620.00,1514.02,105.98,,,SKIPPED,PERIOD_NOT_OPENED
SH024,REC-SH024-202603-0111,2026-03-16,1600.00,1495.33,104.67,,,SKIPPED,PERIOD_NOT_OPENED
SH010,REC-SH010-202603-0168,2026-03-16,80.00,74.77,5.23,,,SKIPPED,PERIOD_NOT_OPENED
SH006,REC-SH006-202603-0235,2026-03-16,370.00,345.79,24.21,,,SKIPPED,PERIOD_NOT_OPENED
SH024,REC-SH024-202603-0112,2026-03-16,460.00,429.91,30.09,,,SKIPPED,PERIOD_NOT_OPENED
SH010,REC-SH010-202603-0169,2026-03-16,2760.00,2579.44,180.56,,,SKIPPED,PERIOD_NOT_OPENED
SH012,REC-SH012-202603-0110,2026-03-16,240.00,224.30,15.70,,,SKIPPED,PERIOD_NOT_OPENED
SH028,REC-SH028-202603-0037,2026-03-16,160.00,149.53,10.47,,,SKIPPED,PERIOD_NOT_OPENED
SH010,REC-SH010-202603-0170,2026-03-16,330.00,308.41,21.59,,,SKIPPED,PERIOD_NOT_OPENED
SH006,REC-SH006-202603-0236,2026-03-16,80.00,74.77,5.23,,,SKIPPED,PERIOD_NOT_OPENED
SH024,REC-SH024-202603-0113,2026-03-16,330.00,308.41,21.59,,,SKIPPED,PERIOD_NOT_OPENED
SH012,REC-SH012-202603-0111,2026-03-16,450.00,420.56,29.44,,,SKIPPED,PERIOD_NOT_OPENED
SH028,REC-SH028-202603-0038,2026-03-16,160.00,149.53,10.47,,,SKIPPED,PERIOD_NOT_OPENED
SH024,REC-SH024-202603-0114,2026-03-16,380.00,355.14,24.86,,,SKIPPED,PERIOD_NOT_OPENED
SH010,REC-SH010-202603-0171,2026-03-16,1380.00,1289.72,90.28,,,SKIPPED,PERIOD_NOT_OPENED
SH006,REC-SH006-202603-0237,2026-03-16,240.00,224.30,15.70,,,SKIPPED,PERIOD_NOT_OPENED
SH010,REC-SH010-202603-0172,2026-03-16,360.00,336.45,23.55,,,SKIPPED,PERIOD_NOT_OPENED
SH001,REC-SH001-202603-0166,2026-03-16,3530.00,3299.07,230.93,,,SKIPPED,PERIOD_NOT_OPENED
SH001,REC-SH001-202603-0167,2026-03-16,330.00,308.41,21.59,,,SKIPPED,PERIOD_NOT_OPENED
SH006,REC-SH006-202603-0238,2026-03-16,650.00,607.48,42.52,,,SKIPPED,PERIOD_NOT_OPENED
SH006,REC-SH006-202603-0239,2026-03-16,1380.00,1289.72,90.28,,,SKIPPED,PERIOD_NOT_OPENED
SH010,REC-SH010-202603-0173,2026-03-16,80.00,74.77,5.23,,,SKIPPED,PERIOD_NOT_OPENED
SH006,REC-SH006-202603-0240,2026-03-16,480.00,448.60,31.40,,,SKIPPED,PERIOD_NOT_OPENED
SH010,REC-SH010-202603-0174,2026-03-16,160.00,149.53,10.47,,,SKIPPED,PERIOD_NOT_OPENED
SH010,REC-SH010-202603-0175,2026-03-16,80.00,74.77,5.23,,,SKIPPED,PERIOD_NOT_OPENED
SH006,REC-SH006-202603-0241,2026-03-16,80.00,74.77,5.23,,,SKIPPED,PERIOD_NOT_OPENED
SH026,REC-SH026-202603-0146,2026-03-16,80.00,74.77,5.23,,,SKIPPED,PERIOD_NOT_OPENED
SH006,REC-SH006-202603-0242,2026-03-16,660.00,616.82,43.18,,,SKIPPED,PERIOD_NOT_OPENED
SH026,REC-SH026-202603-0147,2026-03-16,460.00,429.91,30.09,,,SKIPPED,PERIOD_NOT_OPENED
SH001,REC-SH001-202603-0168,2026-03-16,220.00,205.61,14.39,,,SKIPPED,PERIOD_NOT_OPENED
SH026,REC-SH026-202603-0148,2026-03-16,120.00,112.15,7.85,,,SKIPPED,PERIOD_NOT_OPENED
SH006,REC-SH006-202603-0243,2026-03-16,120.00,112.15,7.85,,,SKIPPED,PERIOD_NOT_OPENED
SH024,REC-SH024-202603-0115,2026-03-16,130.00,121.50,8.50,,,SKIPPED,PERIOD_NOT_OPENED
SH006,REC-SH006-202603-0244,2026-03-16,80.00,74.77,5.23,,,SKIPPED,PERIOD_NOT_OPENED
SH024,REC-SH024-202603-0116,2026-03-16,1620.00,1514.02,105.98,,,SKIPPED,PERIOD_NOT_OPENED
SH001,REC-SH001-202603-0169,2026-03-16,1620.00,1514.02,105.98,,,SKIPPED,PERIOD_NOT_OPENED
SH025,REC-SH025-202603-0118,2026-03-16,240.00,224.30,15.70,,,SKIPPED,PERIOD_NOT_OPENED
SH025,REC-SH025-202603-0119,2026-03-16,480.00,448.60,31.40,,,SKIPPED,PERIOD_NOT_OPENED
SH025,REC-SH025-202603-0120,2026-03-16,1230.00,1149.53,80.47,,,SKIPPED,PERIOD_NOT_OPENED
SH012,REC-SH012-202603-0112,2026-03-16,240.00,224.30,15.70,,,SKIPPED,PERIOD_NOT_OPENED
SH026,REC-SH026-202603-0149,2026-03-16,200.00,186.92,13.08,,,SKIPPED,PERIOD_NOT_OPENED
SH001,REC-SH001-202603-0170,2026-03-16,1620.00,1514.02,105.98,,,SKIPPED,PERIOD_NOT_OPENED
SH024,REC-SH024-202603-0117,2026-03-16,160.00,149.53,10.47,,,SKIPPED,PERIOD_NOT_OPENED
SH024,REC-SH024-202603-0118,2026-03-16,120.00,112.15,7.85,,,SKIPPED,PERIOD_NOT_OPENED
SH024,REC-SH024-202603-0119,2026-03-16,80.00,74.77,5.23,,,SKIPPED,PERIOD_NOT_OPENED
SH025,REC-SH025-202603-0121,2026-03-16,370.00,345.79,24.21,,,SKIPPED,PERIOD_NOT_OPENED
SH001,REC-SH001-202603-0171,2026-03-17,370.00,345.79,24.21,,,SKIPPED,PERIOD_NOT_OPENED
SH026,REC-SH026-202603-0150,2026-03-17,1760.00,1644.86,115.14,,,SKIPPED,PERIOD_NOT_OPENED
SH010,REC-SH010-202603-0176,2026-03-17,1560.00,1457.94,102.06,,,SKIPPED,PERIOD_NOT_OPENED
SH001,REC-SH001-202603-0172,2026-03-17,370.00,345.79,24.21,,,SKIPPED,PERIOD_NOT_OPENED
SH026,REC-SH026-202603-0151,2026-03-17,600.00,560.75,39.25,,,SKIPPED,PERIOD_NOT_OPENED
SH010,REC-SH010-202603-0177,2026-03-17,300.00,280.37,19.63,,,SKIPPED,PERIOD_NOT_OPENED
SH026,REC-SH026-202603-0152,2026-03-17,120.00,112.15,7.85,,,SKIPPED,PERIOD_NOT_OPENED
SH025,REC-SH025-202603-0122,2026-03-17,580.00,542.06,37.94,,,SKIPPED,PERIOD_NOT_OPENED
SH012,REC-SH012-202603-0113,2026-03-17,1620.00,1514.02,105.98,,,SKIPPED,PERIOD_NOT_OPENED
SH006,REC-SH006-202603-0245,2026-03-17,10700.00,10000.00,700.00,,,SKIPPED,PERIOD_NOT_OPENED
SH025,REC-SH025-202603-0123,2026-03-17,240.00,224.30,15.70,,,SKIPPED,PERIOD_NOT_OPENED
SH026,REC-SH026-202603-0153,2026-03-17,160.00,149.53,10.47,,,SKIPPED,PERIOD_NOT_OPENED
SH025,REC-SH025-202603-0124,2026-03-17,120.00,112.15,7.85,,,SKIPPED,PERIOD_NOT_OPENED
SH012,REC-SH012-202603-0114,2026-03-17,450.00,420.56,29.44,,,SKIPPED,PERIOD_NOT_OPENED
SH012,REC-SH012-202603-0115,2026-03-17,240.00,224.30,15.70,,,SKIPPED,PERIOD_NOT_OPENED
SH026,REC-SH026-202603-0154,2026-03-17,200.00,186.92,13.08,,,SKIPPED,PERIOD_NOT_OPENED
SH010,REC-SH010-202603-0178,2026-03-17,1380.00,1289.72,90.28,,,SKIPPED,PERIOD_NOT_OPENED
SH024,REC-SH024-202603-0120,2026-03-17,330.00,308.41,21.59,,,SKIPPED,PERIOD_NOT_OPENED
SH010,REC-SH010-202603-0179,2026-03-17,1250.00,1168.22,81.78,,,SKIPPED,PERIOD_NOT_OPENED
SH001,REC-SH001-202603-0173,2026-03-17,80.00,74.77,5.23,,,SKIPPED,PERIOD_NOT_OPENED
SH006,REC-SH006-202603-0246,2026-03-17,1030.00,962.62,67.38,,,SKIPPED,PERIOD_NOT_OPENED
SH024,REC-SH024-202603-0121,2026-03-17,80.00,74.77,5.23,,,SKIPPED,PERIOD_NOT_OPENED
SH024,REC-SH024-202603-0122,2026-03-17,240.00,224.30,15.70,,,SKIPPED,PERIOD_NOT_OPENED
SH028,REC-SH028-202603-0039,2026-03-17,240.00,224.30,15.70,,,SKIPPED,PERIOD_NOT_OPENED
SH026,REC-SH026-202603-0155,2026-03-17,560.00,523.36,36.64,,,SKIPPED,PERIOD_NOT_OPENED
SH025,REC-SH025-202603-0125,2026-03-17,160.00,149.53,10.47,,,SKIPPED,PERIOD_NOT_OPENED
SH012,REC-SH012-202603-0116,2026-03-17,160.00,149.53,10.47,,,SKIPPED,PERIOD_NOT_OPENED
SH006,REC-SH006-202603-0247,2026-03-17,700.00,654.21,45.79,,,SKIPPED,PERIOD_NOT_OPENED
SH006,REC-SH006-202603-0248,2026-03-17,220.00,205.61,14.39,,,SKIPPED,PERIOD_NOT_OPENED
SH001,REC-SH001-202603-0174,2026-03-17,1650.00,1542.06,107.94,,,SKIPPED,PERIOD_NOT_OPENED
SH010,REC-SH010-202603-0180,2026-03-17,330.00,308.41,21.59,,,SKIPPED,PERIOD_NOT_OPENED
SH001,REC-SH001-202603-0175,2026-03-17,1620.00,1514.02,105.98,,,SKIPPED,PERIOD_NOT_OPENED
SH025,REC-SH025-202603-0126,2026-03-17,1620.00,1514.02,105.98,,,SKIPPED,PERIOD_NOT_OPENED
SH026,REC-SH026-202603-0156,2026-03-17,80.00,74.77,5.23,,,SKIPPED,PERIOD_NOT_OPENED
SH026,REC-SH026-202603-0157,2026-03-17,2460.00,2299.07,160.93,,,SKIPPED,PERIOD_NOT_OPENED
SH010,REC-SH010-202603-0181,2026-03-17,4140.00,3869.16,270.84,,,SKIPPED,PERIOD_NOT_OPENED
SH001,REC-SH001-202603-0176,2026-03-17,1250.00,1168.22,81.78,,,SKIPPED,PERIOD_NOT_OPENED
SH028,REC-SH028-202603-0040,2026-03-17,220.00,205.61,14.39,,,SKIPPED,PERIOD_NOT_OPENED
SH010,REC-SH010-202603-0182,2026-03-17,160.00,149.53,10.47,,,SKIPPED,PERIOD_NOT_OPENED
SH025,REC-SH025-202603-0127,2026-03-17,80.00,74.77,5.23,,,SKIPPED,PERIOD_NOT_OPENED
SH025,REC-SH025-202603-0128,2026-03-17,160.00,149.53,10.47,,,SKIPPED,PERIOD_NOT_OPENED
SH001,REC-SH001-202603-0177,2026-03-17,610.00,570.09,39.91,,,SKIPPED,PERIOD_NOT_OPENED
SH001,REC-SH001-202603-0178,2026-03-17,1320.00,1233.64,86.36,,,SKIPPED,PERIOD_NOT_OPENED
SH010,REC-SH010-202603-0183,2026-03-17,1620.00,1514.02,105.98,,,SKIPPED,PERIOD_NOT_OPENED
SH026,REC-SH026-202603-0158,2026-03-17,120.00,112.15,7.85,,,SKIPPED,PERIOD_NOT_OPENED
SH006,REC-SH006-202603-0249,2026-03-17,320.00,299.07,20.93,,,SKIPPED,PERIOD_NOT_OPENED
SH012,REC-SH012-202603-0117,2026-03-17,580.00,542.06,37.94,,,SKIPPED,PERIOD_NOT_OPENED
SH024,REC-SH024-202603-0123,2026-03-17,740.00,691.59,48.41,,,SKIPPED,PERIOD_NOT_OPENED
SH025,REC-SH025-202603-0129,2026-03-17,330.00,308.41,21.59,,,SKIPPED,PERIOD_NOT_OPENED
SH006,REC-SH006-202603-0250,2026-03-17,325.00,303.74,21.26,,,SKIPPED,PERIOD_NOT_OPENED
SH025,REC-SH025-202603-0130,2026-03-17,160.00,149.53,10.47,,,SKIPPED,PERIOD_NOT_OPENED
SH025,REC-SH025-202603-0131,2026-03-17,370.00,345.79,24.21,,,SKIPPED,PERIOD_NOT_OPENED
SH006,REC-SH006-202603-0251,2026-03-17,325.00,303.74,21.26,,,SKIPPED,PERIOD_NOT_OPENED
SH025,REC-SH025-202603-0132,2026-03-17,80.00,74.77,5.23,,,SKIPPED,PERIOD_NOT_OPENED
SH010,REC-SH010-202603-0184,2026-03-17,80.00,74.77,5.23,,,SKIPPED,PERIOD_NOT_OPENED
SH006,REC-SH006-202603-0252,2026-03-17,80.00,74.77,5.23,,,SKIPPED,PERIOD_NOT_OPENED
SH012,REC-SH012-202603-0118,2026-03-17,320.00,299.07,20.93,,,SKIPPED,PERIOD_NOT_OPENED
SH026,REC-SH026-202603-0159,2026-03-17,80.00,74.77,5.23,,,SKIPPED,PERIOD_NOT_OPENED
SH026,REC-SH026-202603-0160,2026-03-17,120.00,112.15,7.85,,,SKIPPED,PERIOD_NOT_OPENED
SH006,REC-SH006-202603-0253,2026-03-17,80.00,74.77,5.23,,,SKIPPED,PERIOD_NOT_OPENED
SH012,REC-SH012-202603-0119,2026-03-17,580.00,542.06,37.94,,,SKIPPED,PERIOD_NOT_OPENED
SH006,REC-SH006-202603-0254,2026-03-17,160.00,149.53,10.47,,,SKIPPED,PERIOD_NOT_OPENED
SH026,REC-SH026-202603-0161,2026-03-17,120.00,112.15,7.85,,,SKIPPED,PERIOD_NOT_OPENED
SH025,REC-SH025-202603-0133,2026-03-17,1620.00,1514.02,105.98,,,SKIPPED,PERIOD_NOT_OPENED
SH025,REC-SH025-202603-0134,2026-03-17,1560.00,1457.94,102.06,,,SKIPPED,PERIOD_NOT_OPENED
SH006,REC-SH006-202603-0255,2026-03-17,400.00,373.83,26.17,,,SKIPPED,PERIOD_NOT_OPENED
SH001,REC-SH001-202603-0179,2026-03-17,1230.00,1149.53,80.47,,,SKIPPED,PERIOD_NOT_OPENED
SH010,REC-SH010-202603-0185,2026-03-17,80.00,74.77,5.23,,,SKIPPED,PERIOD_NOT_OPENED
SH012,REC-SH012-202603-0120,2026-03-18,380.00,355.14,24.86,,,SKIPPED,PERIOD_NOT_OPENED
SH001,REC-SH001-202603-0180,2026-03-18,1750.00,1635.51,114.49,,,SKIPPED,PERIOD_NOT_OPENED
SH012,REC-SH012-202603-0121,2026-03-18,60.00,56.07,3.93,,,SKIPPED,PERIOD_NOT_OPENED
SH025,REC-SH025-202603-0135,2026-03-18,160.00,149.53,10.47,,,SKIPPED,PERIOD_NOT_OPENED
SH025,REC-SH025-202603-0136,2026-03-18,80.00,74.77,5.23,,,SKIPPED,PERIOD_NOT_OPENED
SH025,REC-SH025-202603-0137,2026-03-18,330.00,308.41,21.59,,,SKIPPED,PERIOD_NOT_OPENED
SH026,REC-SH026-202603-0162,2026-03-18,640.00,598.13,41.87,,,SKIPPED,PERIOD_NOT_OPENED
SH001,REC-SH001-202603-0181,2026-03-18,2460.00,2299.07,160.93,,,SKIPPED,PERIOD_NOT_OPENED
SH026,REC-SH026-202603-0163,2026-03-18,200.00,186.92,13.08,,,SKIPPED,PERIOD_NOT_OPENED
SH026,REC-SH026-202603-0164,2026-03-18,120.00,112.15,7.85,,,SKIPPED,PERIOD_NOT_OPENED
SH026,REC-SH026-202603-0165,2026-03-18,450.00,420.56,29.44,,,SKIPPED,PERIOD_NOT_OPENED
SH006,REC-SH006-202603-0256,2026-03-18,160.00,149.53,10.47,,,SKIPPED,PERIOD_NOT_OPENED
SH006,REC-SH006-202603-0257,2026-03-18,80.00,74.77,5.23,,,SKIPPED,PERIOD_NOT_OPENED
SH012,REC-SH012-202603-0122,2026-03-18,1320.00,1233.64,86.36,,,SKIPPED,PERIOD_NOT_OPENED
SH026,REC-SH026-202603-0166,2026-03-18,240.00,224.30,15.70,,,SKIPPED,PERIOD_NOT_OPENED
SH001,REC-SH001-202603-0182,2026-03-18,330.00,308.41,21.59,,,SKIPPED,PERIOD_NOT_OPENED
SH024,REC-SH024-202603-0124,2026-03-18,2460.00,2299.07,160.93,,,SKIPPED,PERIOD_NOT_OPENED
SH028,REC-SH028-202603-0041,2026-03-18,1250.00,1168.22,81.78,,,SKIPPED,PERIOD_NOT_OPENED
SH006,REC-SH006-202603-0258,2026-03-18,1320.00,1233.64,86.36,,,SKIPPED,PERIOD_NOT_OPENED
SH010,REC-SH010-202603-0186,2026-03-18,1560.00,1457.94,102.06,,,SKIPPED,PERIOD_NOT_OPENED
SH024,REC-SH024-202603-0125,2026-03-18,2400.00,2242.99,157.01,,,SKIPPED,PERIOD_NOT_OPENED
SH001,REC-SH001-202603-0183,2026-03-18,500.00,467.29,32.71,,,SKIPPED,PERIOD_NOT_OPENED
SH028,REC-SH028-202603-0042,2026-03-18,370.00,345.79,24.21,,,SKIPPED,PERIOD_NOT_OPENED
SH026,REC-SH026-202603-0167,2026-03-18,580.00,542.06,37.94,,,SKIPPED,PERIOD_NOT_OPENED
SH006,REC-SH006-202603-0259,2026-03-18,80.00,74.77,5.23,,,SKIPPED,PERIOD_NOT_OPENED
SH001,REC-SH001-202603-0184,2026-03-18,3200.00,2990.65,209.35,,,SKIPPED,PERIOD_NOT_OPENED
SH006,REC-SH006-202603-0260,2026-03-18,140.00,130.84,9.16,,,SKIPPED,PERIOD_NOT_OPENED
SH010,REC-SH010-202603-0187,2026-03-18,1710.00,1598.13,111.87,,,SKIPPED,PERIOD_NOT_OPENED
SH026,REC-SH026-202603-0168,2026-03-18,4920.00,4598.13,321.87,,,SKIPPED,PERIOD_NOT_OPENED
SH001,REC-SH001-202603-0185,2026-03-18,1250.00,1168.22,81.78,,,SKIPPED,PERIOD_NOT_OPENED
SH001,REC-SH001-202603-0186,2026-03-18,1250.00,1168.22,81.78,,,SKIPPED,PERIOD_NOT_OPENED
SH010,REC-SH010-202603-0188,2026-03-18,160.00,149.53,10.47,,,SKIPPED,PERIOD_NOT_OPENED
SH026,REC-SH026-202603-0169,2026-03-18,330.00,308.41,21.59,,,SKIPPED,PERIOD_NOT_OPENED
SH030,REC-SH030-202603-0013,2026-03-18,80.00,74.77,5.23,,,SKIPPED,PERIOD_NOT_OPENED
SH025,REC-SH025-202603-0138,2026-03-18,585.00,546.73,38.27,,,SKIPPED,PERIOD_NOT_OPENED
SH012,REC-SH012-202603-0123,2026-03-18,80.00,74.77,5.23,,,SKIPPED,PERIOD_NOT_OPENED
SH010,REC-SH010-202603-0189,2026-03-18,410.00,383.18,26.82,,,SKIPPED,PERIOD_NOT_OPENED
SH010,REC-SH010-202603-0190,2026-03-18,100.00,93.46,6.54,,,SKIPPED,PERIOD_NOT_OPENED
SH006,REC-SH006-202603-0261,2026-03-18,80.00,74.77,5.23,,,SKIPPED,PERIOD_NOT_OPENED
SH012,REC-SH012-202603-0124,2026-03-18,310.00,289.72,20.28,,,SKIPPED,PERIOD_NOT_OPENED
SH010,REC-SH010-202603-0191,2026-03-18,650.00,607.48,42.52,,,SKIPPED,PERIOD_NOT_OPENED
SH028,REC-SH028-202603-0043,2026-03-18,1250.00,1168.22,81.78,,,SKIPPED,PERIOD_NOT_OPENED
SH010,REC-SH010-202603-0192,2026-03-18,740.00,691.59,48.41,,,SKIPPED,PERIOD_NOT_OPENED
SH025,REC-SH025-202603-0139,2026-03-18,410.00,383.18,26.82,,,SKIPPED,PERIOD_NOT_OPENED
SH006,REC-SH006-202603-0262,2026-03-18,370.00,345.79,24.21,,,SKIPPED,PERIOD_NOT_OPENED
SH006,REC-SH006-202603-0263,2026-03-18,1040.00,971.96,68.04,,,SKIPPED,PERIOD_NOT_OPENED
SH024,REC-SH024-202603-0126,2026-03-18,60.00,56.07,3.93,,,SKIPPED,PERIOD_NOT_OPENED
SH024,REC-SH024-202603-0127,2026-03-18,240.00,224.30,15.70,,,SKIPPED,PERIOD_NOT_OPENED
SH026,REC-SH026-202603-0170,2026-03-18,1680.00,1570.09,109.91,,,SKIPPED,PERIOD_NOT_OPENED
SH024,REC-SH024-202603-0128,2026-03-18,180.00,168.22,11.78,,,SKIPPED,PERIOD_NOT_OPENED
SH028,REC-SH028-202603-0044,2026-03-18,120.00,112.15,7.85,,,SKIPPED,PERIOD_NOT_OPENED
SH025,REC-SH025-202603-0140,2026-03-18,160.00,149.53,10.47,,,SKIPPED,PERIOD_NOT_OPENED
SH006,REC-SH006-202603-0264,2026-03-18,80.00,74.77,5.23,,,SKIPPED,PERIOD_NOT_OPENED
SH025,REC-SH025-202603-0141,2026-03-18,80.00,74.77,5.23,,,SKIPPED,PERIOD_NOT_OPENED
SH001,REC-SH001-202603-0187,2026-03-18,1620.00,1514.02,105.98,,,SKIPPED,PERIOD_NOT_OPENED
SH010,REC-SH010-202603-0193,2026-03-18,80.00,74.77,5.23,,,SKIPPED,PERIOD_NOT_OPENED
SH028,REC-SH028-202603-0045,2026-03-18,3700.00,3457.94,242.06,,,SKIPPED,PERIOD_NOT_OPENED
SH012,REC-SH012-202603-0125,2026-03-18,1560.00,1457.94,102.06,,,SKIPPED,PERIOD_NOT_OPENED
SH028,REC-SH028-202603-0046,2026-03-18,370.00,345.79,24.21,,,SKIPPED,PERIOD_NOT_OPENED
SH010,REC-SH010-202603-0194,2026-03-18,580.00,542.06,37.94,,,SKIPPED,PERIOD_NOT_OPENED
SH006,REC-SH006-202603-0265,2026-03-18,120.00,112.15,7.85,,,SKIPPED,PERIOD_NOT_OPENED
SH001,REC-SH001-202603-0188,2026-03-18,60.00,56.07,3.93,,,SKIPPED,PERIOD_NOT_OPENED
SH025,REC-SH025-202603-0142,2026-03-18,240.00,224.30,15.70,,,SKIPPED,PERIOD_NOT_OPENED
SH010,REC-SH010-202603-0195,2026-03-19,560.00,523.36,36.64,,,SKIPPED,PERIOD_NOT_OPENED
SH010,REC-SH010-202603-0196,2026-03-19,480.00,448.60,31.40,,,SKIPPED,PERIOD_NOT_OPENED
SH026,REC-SH026-202603-0171,2026-03-19,160.00,149.53,10.47,,,SKIPPED,PERIOD_NOT_OPENED
SH010,REC-SH010-202603-0197,2026-03-19,330.00,308.41,21.59,,,SKIPPED,PERIOD_NOT_OPENED
SH026,REC-SH026-202603-0172,2026-03-19,80.00,74.77,5.23,,,SKIPPED,PERIOD_NOT_OPENED
SH012,REC-SH012-202603-0126,2026-03-19,580.00,542.06,37.94,,,SKIPPED,PERIOD_NOT_OPENED
SH012,REC-SH012-202603-0127,2026-03-19,580.00,542.06,37.94,,,SKIPPED,PERIOD_NOT_OPENED
SH006,REC-SH006-202603-0266,2026-03-19,1230.00,1149.53,80.47,,,SKIPPED,PERIOD_NOT_OPENED
SH024,REC-SH024-202603-0129,2026-03-19,80.00,74.77,5.23,,,SKIPPED,PERIOD_NOT_OPENED
SH025,REC-SH025-202603-0143,2026-03-19,280.00,261.68,18.32,,,SKIPPED,PERIOD_NOT_OPENED
SH012,REC-SH012-202603-0128,2026-03-19,1320.00,1233.64,86.36,,,SKIPPED,PERIOD_NOT_OPENED
SH006,REC-SH006-202603-0267,2026-03-19,300.00,280.37,19.63,,,SKIPPED,PERIOD_NOT_OPENED
SH012,REC-SH012-202603-0129,2026-03-19,80.00,74.77,5.23,,,SKIPPED,PERIOD_NOT_OPENED
SH006,REC-SH006-202603-0268,2026-03-19,330.00,308.41,21.59,,,SKIPPED,PERIOD_NOT_OPENED
SH024,REC-SH024-202603-0130,2026-03-19,120.00,112.15,7.85,,,SKIPPED,PERIOD_NOT_OPENED
SH028,REC-SH028-202603-0047,2026-03-19,1620.00,1514.02,105.98,,,SKIPPED,PERIOD_NOT_OPENED
SH026,REC-SH026-202603-0173,2026-03-19,120.00,112.15,7.85,,,SKIPPED,PERIOD_NOT_OPENED
SH006,REC-SH006-202603-0269,2026-03-19,1020.00,953.27,66.73,,,SKIPPED,PERIOD_NOT_OPENED
SH010,REC-SH010-202603-0198,2026-03-19,330.00,308.41,21.59,,,SKIPPED,PERIOD_NOT_OPENED
SH001,REC-SH001-202603-0189,2026-03-19,130.00,121.50,8.50,,,SKIPPED,PERIOD_NOT_OPENED
SH028,REC-SH028-202603-0048,2026-03-19,610.00,570.09,39.91,,,SKIPPED,PERIOD_NOT_OPENED
SH010,REC-SH010-202603-0199,2026-03-19,410.00,383.18,26.82,,,SKIPPED,PERIOD_NOT_OPENED
SH006,REC-SH006-202603-0270,2026-03-19,220.00,205.61,14.39,,,SKIPPED,PERIOD_NOT_OPENED
SH001,REC-SH001-202603-0190,2026-03-19,3750.00,3504.67,245.33,,,SKIPPED,PERIOD_NOT_OPENED
SH025,REC-SH025-202603-0144,2026-03-19,120.00,112.15,7.85,,,SKIPPED,PERIOD_NOT_OPENED
SH024,REC-SH024-202603-0131,2026-03-19,160.00,149.53,10.47,,,SKIPPED,PERIOD_NOT_OPENED
SH010,REC-SH010-202603-0200,2026-03-19,2460.00,2299.07,160.93,,,SKIPPED,PERIOD_NOT_OPENED
SH026,REC-SH026-202603-0174,2026-03-19,1230.00,1149.53,80.47,,,SKIPPED,PERIOD_NOT_OPENED
SH006,REC-SH006-202603-0271,2026-03-19,580.00,542.06,37.94,,,SKIPPED,PERIOD_NOT_OPENED
SH010,REC-SH010-202603-0201,2026-03-19,240.00,224.30,15.70,,,SKIPPED,PERIOD_NOT_OPENED
SH025,REC-SH025-202603-0145,2026-03-19,120.00,112.15,7.85,,,SKIPPED,PERIOD_NOT_OPENED
SH024,REC-SH024-202603-0132,2026-03-19,80.00,74.77,5.23,,,SKIPPED,PERIOD_NOT_OPENED
SH010,REC-SH010-202603-0202,2026-03-19,160.00,149.53,10.47,,,SKIPPED,PERIOD_NOT_OPENED
SH024,REC-SH024-202603-0133,2026-03-19,160.00,149.53,10.47,,,SKIPPED,PERIOD_NOT_OPENED
SH026,REC-SH026-202603-0175,2026-03-19,460.00,429.91,30.09,,,SKIPPED,PERIOD_NOT_OPENED
SH010,REC-SH010-202603-0203,2026-03-19,520.00,485.98,34.02,,,SKIPPED,PERIOD_NOT_OPENED
SH012,REC-SH012-202603-0130,2026-03-19,2460.00,2299.07,160.93,,,SKIPPED,PERIOD_NOT_OPENED
SH010,REC-SH010-202603-0204,2026-03-19,3210.00,3000.00,210.00,,,SKIPPED,PERIOD_NOT_OPENED
SH010,REC-SH010-202603-0205,2026-03-19,160.00,149.53,10.47,,,SKIPPED,PERIOD_NOT_OPENED
SH026,REC-SH026-202603-0176,2026-03-19,160.00,149.53,10.47,,,SKIPPED,PERIOD_NOT_OPENED
SH006,REC-SH006-202603-0272,2026-03-19,80.00,74.77,5.23,,,SKIPPED,PERIOD_NOT_OPENED
SH001,REC-SH001-202603-0191,2026-03-19,1320.00,1233.64,86.36,,,SKIPPED,PERIOD_NOT_OPENED
SH028,REC-SH028-202603-0049,2026-03-19,370.00,345.79,24.21,,,SKIPPED,PERIOD_NOT_OPENED
SH010,REC-SH010-202603-0206,2026-03-19,290.00,271.03,18.97,,,SKIPPED,PERIOD_NOT_OPENED
SH001,REC-SH001-202603-0192,2026-03-19,160.00,149.53,10.47,,,SKIPPED,PERIOD_NOT_OPENED
SH025,REC-SH025-202603-0146,2026-03-19,320.00,299.07,20.93,,,SKIPPED,PERIOD_NOT_OPENED
SH006,REC-SH006-202603-0273,2026-03-19,325.00,303.74,21.26,,,SKIPPED,PERIOD_NOT_OPENED
SH025,REC-SH025-202603-0147,2026-03-19,160.00,149.53,10.47,,,SKIPPED,PERIOD_NOT_OPENED
SH010,REC-SH010-202603-0207,2026-03-19,1230.00,1149.53,80.47,,,SKIPPED,PERIOD_NOT_OPENED
SH012,REC-SH012-202603-0131,2026-03-19,580.00,542.06,37.94,,,SKIPPED,PERIOD_NOT_OPENED
SH006,REC-SH006-202603-0274,2026-03-19,1230.00,1149.53,80.47,,,SKIPPED,PERIOD_NOT_OPENED
SH025,REC-SH025-202603-0148,2026-03-19,80.00,74.77,5.23,,,SKIPPED,PERIOD_NOT_OPENED
SH012,REC-SH012-202603-0132,2026-03-19,370.00,345.79,24.21,,,SKIPPED,PERIOD_NOT_OPENED
SH010,REC-SH010-202603-0208,2026-03-19,120.00,112.15,7.85,,,SKIPPED,PERIOD_NOT_OPENED
SH024,REC-SH024-202603-0134,2026-03-19,120.00,112.15,7.85,,,SKIPPED,PERIOD_NOT_OPENED
SH025,REC-SH025-202603-0149,2026-03-19,120.00,112.15,7.85,,,SKIPPED,PERIOD_NOT_OPENED
SH006,REC-SH006-202603-0275,2026-03-19,700.00,654.21,45.79,,,SKIPPED,PERIOD_NOT_OPENED
SH026,REC-SH026-202603-0177,2026-03-19,460.00,429.91,30.09,,,SKIPPED,PERIOD_NOT_OPENED
SH001,REC-SH001-202603-0193,2026-03-19,330.00,308.41,21.59,,,SKIPPED,PERIOD_NOT_OPENED
SH026,REC-SH026-202603-0178,2026-03-19,300.00,280.37,19.63,,,SKIPPED,PERIOD_NOT_OPENED
SH024,REC-SH024-202603-0135,2026-03-19,690.00,644.86,45.14,,,SKIPPED,PERIOD_NOT_OPENED
SH028,REC-SH028-202603-0050,2026-03-19,160.00,149.53,10.47,,,SKIPPED,PERIOD_NOT_OPENED
SH006,REC-SH006-202603-0276,2026-03-19,180.00,168.22,11.78,,,SKIPPED,PERIOD_NOT_OPENED
SH010,REC-SH010-202603-0209,2026-03-19,2460.00,2299.07,160.93,,,SKIPPED,PERIOD_NOT_OPENED
SH024,REC-SH024-202603-0136,2026-03-19,320.00,299.07,20.93,,,SKIPPED,PERIOD_NOT_OPENED
SH006,REC-SH006-202603-0277,2026-03-19,650.00,607.48,42.52,,,SKIPPED,PERIOD_NOT_OPENED
SH001,REC-SH001-202603-0194,2026-03-19,120.00,112.15,7.85,,,SKIPPED,PERIOD_NOT_OPENED
SH026,REC-SH026-202603-0179,2026-03-20,80.00,74.77,5.23,,,SKIPPED,PERIOD_NOT_OPENED
SH001,REC-SH001-202603-0195,2026-03-20,1620.00,1514.02,105.98,,,SKIPPED,PERIOD_NOT_OPENED
SH001,REC-SH001-202603-0196,2026-03-20,220.00,205.61,14.39,,,SKIPPED,PERIOD_NOT_OPENED
SH001,REC-SH001-202603-0197,2026-03-20,3130.00,2925.23,204.77,,,SKIPPED,PERIOD_NOT_OPENED
SH012,REC-SH012-202603-0133,2026-03-20,240.00,224.30,15.70,,,SKIPPED,PERIOD_NOT_OPENED
SH026,REC-SH026-202603-0180,2026-03-20,120.00,112.15,7.85,,,SKIPPED,PERIOD_NOT_OPENED
SH010,REC-SH010-202603-0210,2026-03-20,680.00,635.51,44.49,,,SKIPPED,PERIOD_NOT_OPENED
SH012,REC-SH012-202603-0134,2026-03-20,480.00,448.60,31.40,,,SKIPPED,PERIOD_NOT_OPENED
SH025,REC-SH025-202603-0150,2026-03-20,660.00,616.82,43.18,,,SKIPPED,PERIOD_NOT_OPENED
SH010,REC-SH010-202603-0211,2026-03-20,580.00,542.06,37.94,,,SKIPPED,PERIOD_NOT_OPENED
SH026,REC-SH026-202603-0181,2026-03-20,500.00,467.29,32.71,,,SKIPPED,PERIOD_NOT_OPENED
SH026,REC-SH026-202603-0182,2026-03-20,1970.00,1841.12,128.88,,,SKIPPED,PERIOD_NOT_OPENED
SH006,REC-SH006-202603-0278,2026-03-20,320.00,299.07,20.93,,,SKIPPED,PERIOD_NOT_OPENED
SH024,REC-SH024-202603-0137,2026-03-20,80.00,74.77,5.23,,,SKIPPED,PERIOD_NOT_OPENED
SH010,REC-SH010-202603-0212,2026-03-20,400.00,373.83,26.17,,,SKIPPED,PERIOD_NOT_OPENED
SH006,REC-SH006-202603-0279,2026-03-20,330.00,308.41,21.59,,,SKIPPED,PERIOD_NOT_OPENED
SH006,REC-SH006-202603-0280,2026-03-20,1400.00,1308.41,91.59,,,SKIPPED,PERIOD_NOT_OPENED
SH006,REC-SH006-202603-0281,2026-03-20,1400.00,1308.41,91.59,,,SKIPPED,PERIOD_NOT_OPENED
SH001,REC-SH001-202603-0198,2026-03-20,1320.00,1233.64,86.36,,,SKIPPED,PERIOD_NOT_OPENED
SH006,REC-SH006-202603-0282,2026-03-20,160.00,149.53,10.47,,,SKIPPED,PERIOD_NOT_OPENED
SH006,REC-SH006-202603-0283,2026-03-20,600.00,560.75,39.25,,,SKIPPED,PERIOD_NOT_OPENED
SH026,REC-SH026-202603-0183,2026-03-20,1630.00,1523.36,106.64,,,SKIPPED,PERIOD_NOT_OPENED
SH006,REC-SH006-202603-0284,2026-03-20,120.00,112.15,7.85,,,SKIPPED,PERIOD_NOT_OPENED
SH001,REC-SH001-202603-0199,2026-03-20,1320.00,1233.64,86.36,,,SKIPPED,PERIOD_NOT_OPENED
SH026,REC-SH026-202603-0184,2026-03-20,1230.00,1149.53,80.47,,,SKIPPED,PERIOD_NOT_OPENED
SH001,REC-SH001-202603-0200,2026-03-20,580.00,542.06,37.94,,,SKIPPED,PERIOD_NOT_OPENED
SH010,REC-SH010-202603-0213,2026-03-20,1250.00,1168.22,81.78,,,SKIPPED,PERIOD_NOT_OPENED
SH010,REC-SH010-202603-0214,2026-03-20,160.00,149.53,10.47,,,SKIPPED,PERIOD_NOT_OPENED
SH012,REC-SH012-202603-0135,2026-03-20,220.00,205.61,14.39,,,SKIPPED,PERIOD_NOT_OPENED
SH025,REC-SH025-202603-0151,2026-03-20,300.00,280.37,19.63,,,SKIPPED,PERIOD_NOT_OPENED
SH006,REC-SH006-202603-0285,2026-03-20,80.00,74.77,5.23,,,SKIPPED,PERIOD_NOT_OPENED
SH026,REC-SH026-202603-0185,2026-03-20,120.00,112.15,7.85,,,SKIPPED,PERIOD_NOT_OPENED
SH025,REC-SH025-202603-0152,2026-03-20,240.00,224.30,15.70,,,SKIPPED,PERIOD_NOT_OPENED
SH025,REC-SH025-202603-0153,2026-03-20,160.00,149.53,10.47,,,SKIPPED,PERIOD_NOT_OPENED
SH028,REC-SH028-202603-0051,2026-03-20,1100.00,1028.04,71.96,,,SKIPPED,PERIOD_NOT_OPENED
SH025,REC-SH025-202603-0154,2026-03-20,160.00,149.53,10.47,,,SKIPPED,PERIOD_NOT_OPENED
SH026,REC-SH026-202603-0186,2026-03-20,1230.00,1149.53,80.47,,,SKIPPED,PERIOD_NOT_OPENED
SH026,REC-SH026-202603-0187,2026-03-20,280.00,261.68,18.32,,,SKIPPED,PERIOD_NOT_OPENED
SH026,REC-SH026-202603-0188,2026-03-20,330.00,308.41,21.59,,,SKIPPED,PERIOD_NOT_OPENED
SH006,REC-SH006-202603-0286,2026-03-20,990.00,925.23,64.77,,,SKIPPED,PERIOD_NOT_OPENED
SH026,REC-SH026-202603-0189,2026-03-20,120.00,112.15,7.85,,,SKIPPED,PERIOD_NOT_OPENED
SH024,REC-SH024-202603-0138,2026-03-20,1250.00,1168.22,81.78,,,SKIPPED,PERIOD_NOT_OPENED
SH025,REC-SH025-202603-0155,2026-03-20,160.00,149.53,10.47,,,SKIPPED,PERIOD_NOT_OPENED
SH012,REC-SH012-202603-0136,2026-03-20,1620.00,1514.02,105.98,,,SKIPPED,PERIOD_NOT_OPENED
SH012,REC-SH012-202603-0137,2026-03-20,240.00,224.30,15.70,,,SKIPPED,PERIOD_NOT_OPENED
SH025,REC-SH025-202603-0156,2026-03-20,1620.00,1514.02,105.98,,,SKIPPED,PERIOD_NOT_OPENED
SH026,REC-SH026-202603-0190,2026-03-20,240.00,224.30,15.70,,,SKIPPED,PERIOD_NOT_OPENED
SH001,REC-SH001-202603-0201,2026-03-20,1380.00,1289.72,90.28,,,SKIPPED,PERIOD_NOT_OPENED
SH010,REC-SH010-202603-0215,2026-03-20,80.00,74.77,5.23,,,SKIPPED,PERIOD_NOT_OPENED
SH006,REC-SH006-202603-0287,2026-03-20,460.00,429.91,30.09,,,SKIPPED,PERIOD_NOT_OPENED
SH001,REC-SH001-202603-0202,2026-03-20,1620.00,1514.02,105.98,,,SKIPPED,PERIOD_NOT_OPENED
SH012,REC-SH012-202603-0138,2026-03-20,120.00,112.15,7.85,,,SKIPPED,PERIOD_NOT_OPENED
SH026,REC-SH026-202603-0191,2026-03-20,240.00,224.30,15.70,,,SKIPPED,PERIOD_NOT_OPENED
SH025,REC-SH025-202603-0157,2026-03-20,160.00,149.53,10.47,,,SKIPPED,PERIOD_NOT_OPENED
SH024,REC-SH024-202603-0139,2026-03-20,80.00,74.77,5.23,,,SKIPPED,PERIOD_NOT_OPENED
SH026,REC-SH026-202603-0192,2026-03-20,280.00,261.68,18.32,,,SKIPPED,PERIOD_NOT_OPENED
SH006,REC-SH006-202603-0288,2026-03-20,325.00,303.74,21.26,,,SKIPPED,PERIOD_NOT_OPENED
SH012,REC-SH012-202603-0139,2026-03-20,120.00,112.15,7.85,,,SKIPPED,PERIOD_NOT_OPENED
SH025,REC-SH025-202603-0158,2026-03-20,160.00,149.53,10.47,,,SKIPPED,PERIOD_NOT_OPENED
SH028,REC-SH028-202603-0052,2026-03-20,1620.00,1514.02,105.98,,,SKIPPED,PERIOD_NOT_OPENED
SH006,REC-SH006-202603-0289,2026-03-20,160.00,149.53,10.47,,,SKIPPED,PERIOD_NOT_OPENED
SH012,REC-SH012-202603-0140,2026-03-20,2200.00,2056.07,143.93,,,SKIPPED,PERIOD_NOT_OPENED
SH026,REC-SH026-202603-0193,2026-03-20,160.00,149.53,10.47,,,SKIPPED,PERIOD_NOT_OPENED
SH028,REC-SH028-202603-0053,2026-03-20,3700.00,3457.94,242.06,,,SKIPPED,PERIOD_NOT_OPENED
SH001,REC-SH001-202603-0203,2026-03-20,120.00,112.15,7.85,,,SKIPPED,PERIOD_NOT_OPENED
SH006,REC-SH006-202603-0290,2026-03-20,3565.00,3331.78,233.22,,,SKIPPED,PERIOD_NOT_OPENED
SH006,REC-SH006-202603-0291,2026-03-20,200.00,186.92,13.08,,,SKIPPED,PERIOD_NOT_OPENED
SH025,REC-SH025-202603-0159,2026-03-20,460.00,429.91,30.09,,,SKIPPED,PERIOD_NOT_OPENED
SH006,REC-SH006-202603-0292,2026-03-21,890.00,831.78,58.22,,,SKIPPED,PERIOD_NOT_OPENED
SH030,REC-SH030-202603-0014,2026-03-21,160.00,149.53,10.47,,,SKIPPED,PERIOD_NOT_OPENED
SH006,REC-SH006-202603-0293,2026-03-21,160.00,149.53,10.47,,,SKIPPED,PERIOD_NOT_OPENED
SH030,REC-SH030-202603-0015,2026-03-21,160.00,149.53,10.47,,,SKIPPED,PERIOD_NOT_OPENED
SH026,REC-SH026-202603-0194,2026-03-21,460.00,429.91,30.09,,,SKIPPED,PERIOD_NOT_OPENED
SH026,REC-SH026-202603-0195,2026-03-21,320.00,299.07,20.93,,,SKIPPED,PERIOD_NOT_OPENED
SH026,REC-SH026-202603-0196,2026-03-21,660.00,616.82,43.18,,,SKIPPED,PERIOD_NOT_OPENED
SH010,REC-SH010-202603-0216,2026-03-21,325.00,303.74,21.26,,,SKIPPED,PERIOD_NOT_OPENED
SH006,REC-SH006-202603-0294,2026-03-21,480.00,448.60,31.40,,,SKIPPED,PERIOD_NOT_OPENED
SH006,REC-SH006-202603-0295,2026-03-21,80.00,74.77,5.23,,,SKIPPED,PERIOD_NOT_OPENED
SH025,REC-SH025-202603-0160,2026-03-21,380.00,355.14,24.86,,,SKIPPED,PERIOD_NOT_OPENED
SH006,REC-SH006-202603-0296,2026-03-21,380.00,355.14,24.86,,,SKIPPED,PERIOD_NOT_OPENED
SH012,REC-SH012-202603-0141,2026-03-21,620.00,579.44,40.56,,,SKIPPED,PERIOD_NOT_OPENED
SH012,REC-SH012-202603-0142,2026-03-21,240.00,224.30,15.70,,,SKIPPED,PERIOD_NOT_OPENED
SH006,REC-SH006-202603-0297,2026-03-21,80.00,74.77,5.23,,,SKIPPED,PERIOD_NOT_OPENED
SH025,REC-SH025-202603-0161,2026-03-21,240.00,224.30,15.70,,,SKIPPED,PERIOD_NOT_OPENED
SH001,REC-SH001-202603-0204,2026-03-21,580.00,542.06,37.94,,,SKIPPED,PERIOD_NOT_OPENED
SH001,REC-SH001-202603-0205,2026-03-21,2500.00,2336.45,163.55,,,SKIPPED,PERIOD_NOT_OPENED
SH012,REC-SH012-202603-0143,2026-03-21,240.00,224.30,15.70,,,SKIPPED,PERIOD_NOT_OPENED
SH010,REC-SH010-202603-0217,2026-03-21,160.00,149.53,10.47,,,SKIPPED,PERIOD_NOT_OPENED
SH010,REC-SH010-202603-0218,2026-03-21,160.00,149.53,10.47,,,SKIPPED,PERIOD_NOT_OPENED
SH006,REC-SH006-202603-0298,2026-03-21,700.00,654.21,45.79,,,SKIPPED,PERIOD_NOT_OPENED
SH026,REC-SH026-202603-0197,2026-03-21,1230.00,1149.53,80.47,,,SKIPPED,PERIOD_NOT_OPENED
SH012,REC-SH012-202603-0144,2026-03-21,3090.00,2887.85,202.15,,,SKIPPED,PERIOD_NOT_OPENED
SH001,REC-SH001-202603-0206,2026-03-21,1580.00,1476.64,103.36,,,SKIPPED,PERIOD_NOT_OPENED
SH010,REC-SH010-202603-0219,2026-03-21,1650.00,1542.06,107.94,,,SKIPPED,PERIOD_NOT_OPENED
SH006,REC-SH006-202603-0299,2026-03-21,130.00,121.50,8.50,,,SKIPPED,PERIOD_NOT_OPENED
SH010,REC-SH010-202603-0220,2026-03-21,325.00,303.74,21.26,,,SKIPPED,PERIOD_NOT_OPENED
SH024,REC-SH024-202603-0140,2026-03-21,80.00,74.77,5.23,,,SKIPPED,PERIOD_NOT_OPENED
SH006,REC-SH006-202603-0300,2026-03-21,120.00,112.15,7.85,,,SKIPPED,PERIOD_NOT_OPENED
SH001,REC-SH001-202603-0207,2026-03-21,330.00,308.41,21.59,,,SKIPPED,PERIOD_NOT_OPENED
SH012,REC-SH012-202603-0145,2026-03-21,80.00,74.77,5.23,,,SKIPPED,PERIOD_NOT_OPENED
SH010,REC-SH010-202603-0221,2026-03-21,660.00,616.82,43.18,,,SKIPPED,PERIOD_NOT_OPENED
SH006,REC-SH006-202603-0301,2026-03-21,1320.00,1233.64,86.36,,,SKIPPED,PERIOD_NOT_OPENED
SH001,REC-SH001-202603-0208,2026-03-21,1160.00,1084.11,75.89,,,SKIPPED,PERIOD_NOT_OPENED
SH025,REC-SH025-202603-0162,2026-03-21,380.00,355.14,24.86,,,SKIPPED,PERIOD_NOT_OPENED
SH006,REC-SH006-202603-0302,2026-03-21,120.00,112.15,7.85,,,SKIPPED,PERIOD_NOT_OPENED
SH010,REC-SH010-202603-0222,2026-03-21,650.00,607.48,42.52,,,SKIPPED,PERIOD_NOT_OPENED
SH006,REC-SH006-202603-0303,2026-03-21,240.00,224.30,15.70,,,SKIPPED,PERIOD_NOT_OPENED
SH026,REC-SH026-202603-0198,2026-03-21,330.00,308.41,21.59,,,SKIPPED,PERIOD_NOT_OPENED
SH006,REC-SH006-202603-0304,2026-03-21,330.00,308.41,21.59,,,SKIPPED,PERIOD_NOT_OPENED
SH012,REC-SH012-202603-0146,2026-03-21,1560.00,1457.94,102.06,,,SKIPPED,PERIOD_NOT_OPENED
SH025,REC-SH025-202603-0163,2026-03-21,320.00,299.07,20.93,,,SKIPPED,PERIOD_NOT_OPENED
SH006,REC-SH006-202603-0305,2026-03-21,130.00,121.50,8.50,,,SKIPPED,PERIOD_NOT_OPENED
SH025,REC-SH025-202603-0164,2026-03-21,240.00,224.30,15.70,,,SKIPPED,PERIOD_NOT_OPENED
SH006,REC-SH006-202603-0306,2026-03-21,330.00,308.41,21.59,,,SKIPPED,PERIOD_NOT_OPENED
SH006,REC-SH006-202603-0307,2026-03-21,120.00,112.15,7.85,,,SKIPPED,PERIOD_NOT_OPENED
SH025,REC-SH025-202603-0165,2026-03-21,80.00,74.77,5.23,,,SKIPPED,PERIOD_NOT_OPENED
SH024,REC-SH024-202603-0141,2026-03-21,330.00,308.41,21.59,,,SKIPPED,PERIOD_NOT_OPENED
SH010,REC-SH010-202603-0223,2026-03-21,330.00,308.41,21.59,,,SKIPPED,PERIOD_NOT_OPENED
SH001,REC-SH001-202603-0209,2026-03-21,580.00,542.06,37.94,,,SKIPPED,PERIOD_NOT_OPENED
SH006,REC-SH006-202603-0308,2026-03-21,160.00,149.53,10.47,,,SKIPPED,PERIOD_NOT_OPENED
SH010,REC-SH010-202603-0224,2026-03-21,2760.00,2579.44,180.56,,,SKIPPED,PERIOD_NOT_OPENED
SH026,REC-SH026-202603-0199,2026-03-21,320.00,299.07,20.93,,,SKIPPED,PERIOD_NOT_OPENED
SH026,REC-SH026-202603-0200,2026-03-21,240.00,224.30,15.70,,,SKIPPED,PERIOD_NOT_OPENED
SH006,REC-SH006-202603-0309,2026-03-21,120.00,112.15,7.85,,,SKIPPED,PERIOD_NOT_OPENED
SH024,REC-SH024-202603-0142,2026-03-21,240.00,224.30,15.70,,,SKIPPED,PERIOD_NOT_OPENED
SH026,REC-SH026-202603-0201,2026-03-21,330.00,308.41,21.59,,,SKIPPED,PERIOD_NOT_OPENED
SH006,REC-SH006-202603-0310,2026-03-21,80.00,74.77,5.23,,,SKIPPED,PERIOD_NOT_OPENED
SH006,REC-SH006-202603-0311,2026-03-21,350.00,327.10,22.90,,,SKIPPED,PERIOD_NOT_OPENED
SH024,REC-SH024-202603-0143,2026-03-21,450.00,420.56,29.44,,,SKIPPED,PERIOD_NOT_OPENED
SH006,REC-SH006-202603-0312,2026-03-21,6620.00,6186.92,433.08,,,SKIPPED,PERIOD_NOT_OPENED
SH025,REC-SH025-202603-0166,2026-03-21,650.00,607.48,42.52,,,SKIPPED,PERIOD_NOT_OPENED
SH012,REC-SH012-202603-0147,2026-03-22,120.00,112.15,7.85,,,SKIPPED,PERIOD_NOT_OPENED
SH026,REC-SH026-202603-0202,2026-03-22,400.00,373.83,26.17,,,SKIPPED,PERIOD_NOT_OPENED
SH025,REC-SH025-202603-0167,2026-03-22,120.00,112.15,7.85,,,SKIPPED,PERIOD_NOT_OPENED
SH006,REC-SH006-202603-0313,2026-03-22,325.00,303.74,21.26,,,SKIPPED,PERIOD_NOT_OPENED
SH026,REC-SH026-202603-0203,2026-03-22,2460.00,2299.07,160.93,,,SKIPPED,PERIOD_NOT_OPENED
SH006,REC-SH006-202603-0314,2026-03-22,1620.00,1514.02,105.98,,,SKIPPED,PERIOD_NOT_OPENED
SH026,REC-SH026-202603-0204,2026-03-22,240.00,224.30,15.70,,,SKIPPED,PERIOD_NOT_OPENED
SH024,REC-SH024-202603-0144,2026-03-22,220.00,205.61,14.39,,,SKIPPED,PERIOD_NOT_OPENED
SH024,REC-SH024-202603-0145,2026-03-22,160.00,149.53,10.47,,,SKIPPED,PERIOD_NOT_OPENED
SH006,REC-SH006-202603-0315,2026-03-22,460.00,429.91,30.09,,,SKIPPED,PERIOD_NOT_OPENED
SH001,REC-SH001-202603-0210,2026-03-22,80.00,74.77,5.23,,,SKIPPED,PERIOD_NOT_OPENED
SH006,REC-SH006-202603-0316,2026-03-22,100.00,93.46,6.54,,,SKIPPED,PERIOD_NOT_OPENED
SH001,REC-SH001-202603-0211,2026-03-22,660.00,616.82,43.18,,,SKIPPED,PERIOD_NOT_OPENED
SH028,REC-SH028-202603-0054,2026-03-22,370.00,345.79,24.21,,,SKIPPED,PERIOD_NOT_OPENED
SH006,REC-SH006-202603-0317,2026-03-22,1360.00,1271.03,88.97,,,SKIPPED,PERIOD_NOT_OPENED
SH024,REC-SH024-202603-0146,2026-03-22,120.00,112.15,7.85,,,SKIPPED,PERIOD_NOT_OPENED
SH025,REC-SH025-202603-0168,2026-03-22,160.00,149.53,10.47,,,SKIPPED,PERIOD_NOT_OPENED
SH026,REC-SH026-202603-0205,2026-03-22,240.00,224.30,15.70,,,SKIPPED,PERIOD_NOT_OPENED
SH026,REC-SH026-202603-0206,2026-03-22,120.00,112.15,7.85,,,SKIPPED,PERIOD_NOT_OPENED
SH001,REC-SH001-202603-0212,2026-03-22,1620.00,1514.02,105.98,,,SKIPPED,PERIOD_NOT_OPENED
SH030,REC-SH030-202603-0016,2026-03-22,240.00,224.30,15.70,,,SKIPPED,PERIOD_NOT_OPENED
SH006,REC-SH006-202603-0318,2026-03-22,1300.00,1214.95,85.05,,,SKIPPED,PERIOD_NOT_OPENED
SH010,REC-SH010-202603-0225,2026-03-22,80.00,74.77,5.23,,,SKIPPED,PERIOD_NOT_OPENED
SH006,REC-SH006-202603-0319,2026-03-22,240.00,224.30,15.70,,,SKIPPED,PERIOD_NOT_OPENED
SH006,REC-SH006-202603-0320,2026-03-22,120.00,112.15,7.85,,,SKIPPED,PERIOD_NOT_OPENED
SH026,REC-SH026-202603-0207,2026-03-22,330.00,308.41,21.59,,,SKIPPED,PERIOD_NOT_OPENED
SH025,REC-SH025-202603-0169,2026-03-22,220.00,205.61,14.39,,,SKIPPED,PERIOD_NOT_OPENED
SH006,REC-SH006-202603-0321,2026-03-22,700.00,654.21,45.79,,,SKIPPED,PERIOD_NOT_OPENED
SH025,REC-SH025-202603-0170,2026-03-22,320.00,299.07,20.93,,,SKIPPED,PERIOD_NOT_OPENED
SH001,REC-SH001-202603-0213,2026-03-22,1230.00,1149.53,80.47,,,SKIPPED,PERIOD_NOT_OPENED
SH026,REC-SH026-202603-0208,2026-03-22,160.00,149.53,10.47,,,SKIPPED,PERIOD_NOT_OPENED
SH012,REC-SH012-202603-0148,2026-03-22,120.00,112.15,7.85,,,SKIPPED,PERIOD_NOT_OPENED
SH028,REC-SH028-202603-0055,2026-03-22,240.00,224.30,15.70,,,SKIPPED,PERIOD_NOT_OPENED
SH024,REC-SH024-202603-0147,2026-03-22,300.00,280.37,19.63,,,SKIPPED,PERIOD_NOT_OPENED
SH001,REC-SH001-202603-0214,2026-03-22,460.00,429.91,30.09,,,SKIPPED,PERIOD_NOT_OPENED
SH028,REC-SH028-202603-0056,2026-03-22,600.00,560.75,39.25,,,SKIPPED,PERIOD_NOT_OPENED
SH006,REC-SH006-202603-0322,2026-03-22,1760.00,1644.86,115.14,,,SKIPPED,PERIOD_NOT_OPENED
SH001,REC-SH001-202603-0215,2026-03-22,1620.00,1514.02,105.98,,,SKIPPED,PERIOD_NOT_OPENED
SH026,REC-SH026-202603-0209,2026-03-22,360.00,336.45,23.55,,,SKIPPED,PERIOD_NOT_OPENED
SH001,REC-SH001-202603-0216,2026-03-22,1990.00,1859.81,130.19,,,SKIPPED,PERIOD_NOT_OPENED
SH012,REC-SH012-202603-0149,2026-03-22,600.00,560.75,39.25,,,SKIPPED,PERIOD_NOT_OPENED
SH025,REC-SH025-202603-0171,2026-03-22,190.00,177.57,12.43,,,SKIPPED,PERIOD_NOT_OPENED
SH006,REC-SH006-202603-0323,2026-03-22,240.00,224.30,15.70,,,SKIPPED,PERIOD_NOT_OPENED
SH006,REC-SH006-202603-0324,2026-03-22,80.00,74.77,5.23,,,SKIPPED,PERIOD_NOT_OPENED
SH010,REC-SH010-202603-0226,2026-03-22,330.00,308.41,21.59,,,SKIPPED,PERIOD_NOT_OPENED
SH026,REC-SH026-202603-0210,2026-03-22,330.00,308.41,21.59,,,SKIPPED,PERIOD_NOT_OPENED
SH010,REC-SH010-202603-0227,2026-03-22,1230.00,1149.53,80.47,,,SKIPPED,PERIOD_NOT_OPENED
SH006,REC-SH006-202603-0325,2026-03-22,160.00,149.53,10.47,,,SKIPPED,PERIOD_NOT_OPENED
SH010,REC-SH010-202603-0228,2026-03-22,80.00,74.77,5.23,,,SKIPPED,PERIOD_NOT_OPENED
SH025,REC-SH025-202603-0172,2026-03-22,190.00,177.57,12.43,,,SKIPPED,PERIOD_NOT_OPENED
SH006,REC-SH006-202603-0326,2026-03-22,240.00,224.30,15.70,,,SKIPPED,PERIOD_NOT_OPENED
SH001,REC-SH001-202603-0217,2026-03-22,1710.00,1598.13,111.87,,,SKIPPED,PERIOD_NOT_OPENED
SH028,REC-SH028-202603-0057,2026-03-22,240.00,224.30,15.70,,,SKIPPED,PERIOD_NOT_OPENED
SH026,REC-SH026-202603-0211,2026-03-22,660.00,616.82,43.18,,,SKIPPED,PERIOD_NOT_OPENED
SH006,REC-SH006-202603-0327,2026-03-22,80.00,74.77,5.23,,,SKIPPED,PERIOD_NOT_OPENED
SH024,REC-SH024-202603-0148,2026-03-22,400.00,373.83,26.17,,,SKIPPED,PERIOD_NOT_OPENED
SH006,REC-SH006-202603-0328,2026-03-22,80.00,74.77,5.23,,,SKIPPED,PERIOD_NOT_OPENED
SH006,REC-SH006-202603-0329,2026-03-22,160.00,149.53,10.47,,,SKIPPED,PERIOD_NOT_OPENED
SH006,REC-SH006-202603-0330,2026-03-22,1250.00,1168.22,81.78,,,SKIPPED,PERIOD_NOT_OPENED
SH026,REC-SH026-202603-0212,2026-03-22,320.00,299.07,20.93,,,SKIPPED,PERIOD_NOT_OPENED
SH010,REC-SH010-202603-0229,2026-03-22,1240.00,1158.88,81.12,,,SKIPPED,PERIOD_NOT_OPENED
SH026,REC-SH026-202603-0213,2026-03-22,1230.00,1149.53,80.47,,,SKIPPED,PERIOD_NOT_OPENED
SH001,REC-SH001-202603-0218,2026-03-22,680.00,635.51,44.49,,,SKIPPED,PERIOD_NOT_OPENED
SH025,REC-SH025-202603-0173,2026-03-22,580.00,542.06,37.94,,,SKIPPED,PERIOD_NOT_OPENED
SH025,REC-SH025-202603-0174,2026-03-22,3030.00,2831.78,198.22,,,SKIPPED,PERIOD_NOT_OPENED
SH012,REC-SH012-202603-0150,2026-03-22,240.00,224.30,15.70,,,SKIPPED,PERIOD_NOT_OPENED
SH001,REC-SH001-202603-0219,2026-03-22,460.00,429.91,30.09,,,SKIPPED,PERIOD_NOT_OPENED
SH001,REC-SH001-202603-0220,2026-03-22,1380.00,1289.72,90.28,,,SKIPPED,PERIOD_NOT_OPENED
SH001,REC-SH001-202603-0221,2026-03-22,450.00,420.56,29.44,,,SKIPPED,PERIOD_NOT_OPENED
SH025,REC-SH025-202603-0175,2026-03-22,840.00,785.05,54.95,,,SKIPPED,PERIOD_NOT_OPENED
SH024,REC-SH024-202603-0149,2026-03-22,120.00,112.15,7.85,,,SKIPPED,PERIOD_NOT_OPENED
SH024,REC-SH024-202603-0150,2026-03-23,410.00,383.18,26.82,,,SKIPPED,PERIOD_NOT_OPENED
SH024,REC-SH024-202603-0151,2026-03-23,410.00,383.18,26.82,,,SKIPPED,PERIOD_NOT_OPENED
SH006,REC-SH006-202603-0331,2026-03-23,1320.00,1233.64,86.36,,,SKIPPED,PERIOD_NOT_OPENED
SH028,REC-SH028-202603-0058,2026-03-23,160.00,149.53,10.47,,,SKIPPED,PERIOD_NOT_OPENED
SH006,REC-SH006-202603-0332,2026-03-23,130.00,121.50,8.50,,,SKIPPED,PERIOD_NOT_OPENED
SH001,REC-SH001-202603-0222,2026-03-23,330.00,308.41,21.59,,,SKIPPED,PERIOD_NOT_OPENED
SH024,REC-SH024-202603-0152,2026-03-23,300.00,280.37,19.63,,,SKIPPED,PERIOD_NOT_OPENED
SH001,REC-SH001-202603-0223,2026-03-23,580.00,542.06,37.94,,,SKIPPED,PERIOD_NOT_OPENED
SH025,REC-SH025-202603-0176,2026-03-23,400.00,373.83,26.17,,,SKIPPED,PERIOD_NOT_OPENED
SH006,REC-SH006-202603-0333,2026-03-23,80.00,74.77,5.23,,,SKIPPED,PERIOD_NOT_OPENED
SH001,REC-SH001-202603-0224,2026-03-23,1620.00,1514.02,105.98,,,SKIPPED,PERIOD_NOT_OPENED
SH024,REC-SH024-202603-0153,2026-03-23,120.00,112.15,7.85,,,SKIPPED,PERIOD_NOT_OPENED
SH024,REC-SH024-202603-0154,2026-03-23,240.00,224.30,15.70,,,SKIPPED,PERIOD_NOT_OPENED
SH001,REC-SH001-202603-0225,2026-03-23,330.00,308.41,21.59,,,SKIPPED,PERIOD_NOT_OPENED
SH006,REC-SH006-202603-0334,2026-03-23,1600.00,1495.33,104.67,,,SKIPPED,PERIOD_NOT_OPENED
SH026,REC-SH026-202603-0214,2026-03-23,330.00,308.41,21.59,,,SKIPPED,PERIOD_NOT_OPENED
SH012,REC-SH012-202603-0151,2026-03-23,380.00,355.14,24.86,,,SKIPPED,PERIOD_NOT_OPENED
SH012,REC-SH012-202603-0152,2026-03-23,450.00,420.56,29.44,,,SKIPPED,PERIOD_NOT_OPENED
SH026,REC-SH026-202603-0215,2026-03-23,120.00,112.15,7.85,,,SKIPPED,PERIOD_NOT_OPENED
SH001,REC-SH001-202603-0226,2026-03-23,1620.00,1514.02,105.98,,,SKIPPED,PERIOD_NOT_OPENED
SH028,REC-SH028-202603-0059,2026-03-23,610.00,570.09,39.91,,,SKIPPED,PERIOD_NOT_OPENED
SH025,REC-SH025-202603-0177,2026-03-23,680.00,635.51,44.49,,,SKIPPED,PERIOD_NOT_OPENED
SH012,REC-SH012-202603-0153,2026-03-23,330.00,308.41,21.59,,,SKIPPED,PERIOD_NOT_OPENED
SH012,REC-SH012-202603-0154,2026-03-23,240.00,224.30,15.70,,,SKIPPED,PERIOD_NOT_OPENED
SH024,REC-SH024-202603-0155,2026-03-23,240.00,224.30,15.70,,,SKIPPED,PERIOD_NOT_OPENED
SH026,REC-SH026-202603-0216,2026-03-23,120.00,112.15,7.85,,,SKIPPED,PERIOD_NOT_OPENED
SH001,REC-SH001-202603-0227,2026-03-23,330.00,308.41,21.59,,,SKIPPED,PERIOD_NOT_OPENED
SH026,REC-SH026-202603-0217,2026-03-23,240.00,224.30,15.70,,,SKIPPED,PERIOD_NOT_OPENED
SH006,REC-SH006-202603-0335,2026-03-23,1320.00,1233.64,86.36,,,SKIPPED,PERIOD_NOT_OPENED
SH012,REC-SH012-202603-0155,2026-03-23,380.00,355.14,24.86,,,SKIPPED,PERIOD_NOT_OPENED
SH026,REC-SH026-202603-0218,2026-03-23,2460.00,2299.07,160.93,,,SKIPPED,PERIOD_NOT_OPENED
SH010,REC-SH010-202603-0230,2026-03-23,460.00,429.91,30.09,,,SKIPPED,PERIOD_NOT_OPENED
SH010,REC-SH010-202603-0231,2026-03-23,4290.00,4009.35,280.65,,,SKIPPED,PERIOD_NOT_OPENED
SH006,REC-SH006-202603-0336,2026-03-23,320.00,299.07,20.93,,,SKIPPED,PERIOD_NOT_OPENED
SH010,REC-SH010-202603-0232,2026-03-23,820.00,766.36,53.64,,,SKIPPED,PERIOD_NOT_OPENED
SH006,REC-SH006-202603-0337,2026-03-23,325.00,303.74,21.26,,,SKIPPED,PERIOD_NOT_OPENED
SH006,REC-SH006-202603-0338,2026-03-23,80.00,74.77,5.23,,,SKIPPED,PERIOD_NOT_OPENED
SH006,REC-SH006-202603-0339,2026-03-23,325.00,303.74,21.26,,,SKIPPED,PERIOD_NOT_OPENED
SH012,REC-SH012-202603-0156,2026-03-23,900.00,841.12,58.88,,,SKIPPED,PERIOD_NOT_OPENED
SH001,REC-SH001-202603-0228,2026-03-23,120.00,112.15,7.85,,,SKIPPED,PERIOD_NOT_OPENED
SH006,REC-SH006-202603-0340,2026-03-23,240.00,224.30,15.70,,,SKIPPED,PERIOD_NOT_OPENED
SH006,REC-SH006-202603-0341,2026-03-23,2870.00,2682.24,187.76,,,SKIPPED,PERIOD_NOT_OPENED
SH024,REC-SH024-202603-0156,2026-03-23,1060.00,990.65,69.35,,,SKIPPED,PERIOD_NOT_OPENED
SH026,REC-SH026-202603-0219,2026-03-23,130.00,121.50,8.50,,,SKIPPED,PERIOD_NOT_OPENED
SH026,REC-SH026-202603-0220,2026-03-23,780.00,728.97,51.03,,,SKIPPED,PERIOD_NOT_OPENED
SH001,REC-SH001-202603-0229,2026-03-23,3160.00,2953.27,206.73,,,SKIPPED,PERIOD_NOT_OPENED
SH006,REC-SH006-202603-0342,2026-03-23,80.00,74.77,5.23,,,SKIPPED,PERIOD_NOT_OPENED
SH006,REC-SH006-202603-0343,2026-03-23,130.00,121.50,8.50,,,SKIPPED,PERIOD_NOT_OPENED
SH012,REC-SH012-202603-0157,2026-03-23,120.00,112.15,7.85,,,SKIPPED,PERIOD_NOT_OPENED
SH026,REC-SH026-202603-0221,2026-03-23,120.00,112.15,7.85,,,SKIPPED,PERIOD_NOT_OPENED
SH025,REC-SH025-202603-0178,2026-03-23,1230.00,1149.53,80.47,,,SKIPPED,PERIOD_NOT_OPENED
SH025,REC-SH025-202603-0179,2026-03-23,80.00,74.77,5.23,,,SKIPPED,PERIOD_NOT_OPENED
SH012,REC-SH012-202603-0158,2026-03-23,240.00,224.30,15.70,,,SKIPPED,PERIOD_NOT_OPENED
SH006,REC-SH006-202603-0344,2026-03-23,200.00,186.92,13.08,,,SKIPPED,PERIOD_NOT_OPENED
SH012,REC-SH012-202603-0159,2026-03-23,120.00,112.15,7.85,,,SKIPPED,PERIOD_NOT_OPENED
SH012,REC-SH012-202603-0160,2026-03-23,1560.00,1457.94,102.06,,,SKIPPED,PERIOD_NOT_OPENED
SH010,REC-SH010-202603-0233,2026-03-23,1230.00,1149.53,80.47,,,SKIPPED,PERIOD_NOT_OPENED
SH006,REC-SH006-202603-0345,2026-03-23,360.00,336.45,23.55,,,SKIPPED,PERIOD_NOT_OPENED
SH010,REC-SH010-202603-0234,2026-03-23,1620.00,1514.02,105.98,,,SKIPPED,PERIOD_NOT_OPENED
SH010,REC-SH010-202603-0235,2026-03-23,460.00,429.91,30.09,,,SKIPPED,PERIOD_NOT_OPENED
SH006,REC-SH006-202603-0346,2026-03-23,400.00,373.83,26.17,,,SKIPPED,PERIOD_NOT_OPENED
SH024,REC-SH024-202603-0157,2026-03-23,80.00,74.77,5.23,,,SKIPPED,PERIOD_NOT_OPENED
SH024,REC-SH024-202603-0158,2026-03-23,80.00,74.77,5.23,,,SKIPPED,PERIOD_NOT_OPENED
SH024,REC-SH024-202603-0159,2026-03-23,680.00,635.51,44.49,,,SKIPPED,PERIOD_NOT_OPENED
SH006,REC-SH006-202603-0347,2026-03-23,320.00,299.07,20.93,,,SKIPPED,PERIOD_NOT_OPENED
SH026,REC-SH026-202603-0222,2026-03-23,80.00,74.77,5.23,,,SKIPPED,PERIOD_NOT_OPENED
SH025,REC-SH025-202603-0180,2026-03-23,440.00,411.21,28.79,,,SKIPPED,PERIOD_NOT_OPENED
SH010,REC-SH010-202603-0236,2026-03-23,130.00,121.50,8.50,,,SKIPPED,PERIOD_NOT_OPENED
SH025,REC-SH025-202603-0181,2026-03-23,280.00,261.68,18.32,,,SKIPPED,PERIOD_NOT_OPENED
SH001,REC-SH001-202603-0230,2026-03-24,2500.00,2336.45,163.55,,,SKIPPED,PERIOD_NOT_OPENED
SH028,REC-SH028-202603-0060,2026-03-24,240.00,224.30,15.70,,,SKIPPED,PERIOD_NOT_OPENED
SH010,REC-SH010-202603-0237,2026-03-24,2460.00,2299.07,160.93,,,SKIPPED,PERIOD_NOT_OPENED
SH010,REC-SH010-202603-0238,2026-03-24,310.00,289.72,20.28,,,SKIPPED,PERIOD_NOT_OPENED
SH006,REC-SH006-202603-0348,2026-03-24,260.00,242.99,17.01,,,SKIPPED,PERIOD_NOT_OPENED
SH024,REC-SH024-202603-0160,2026-03-24,910.00,850.47,59.53,,,SKIPPED,PERIOD_NOT_OPENED
SH006,REC-SH006-202603-0349,2026-03-24,1620.00,1514.02,105.98,,,SKIPPED,PERIOD_NOT_OPENED
SH001,REC-SH001-202603-0231,2026-03-24,120.00,112.15,7.85,,,SKIPPED,PERIOD_NOT_OPENED
SH025,REC-SH025-202603-0182,2026-03-24,240.00,224.30,15.70,,,SKIPPED,PERIOD_NOT_OPENED
SH006,REC-SH006-202603-0350,2026-03-24,120.00,112.15,7.85,,,SKIPPED,PERIOD_NOT_OPENED
SH025,REC-SH025-202603-0183,2026-03-24,280.00,261.68,18.32,,,SKIPPED,PERIOD_NOT_OPENED
SH026,REC-SH026-202603-0223,2026-03-24,120.00,112.15,7.85,,,SKIPPED,PERIOD_NOT_OPENED
SH006,REC-SH006-202603-0351,2026-03-24,450.00,420.56,29.44,,,SKIPPED,PERIOD_NOT_OPENED
SH025,REC-SH025-202603-0184,2026-03-24,120.00,112.15,7.85,,,SKIPPED,PERIOD_NOT_OPENED
SH006,REC-SH006-202603-0352,2026-03-24,330.00,308.41,21.59,,,SKIPPED,PERIOD_NOT_OPENED
SH010,REC-SH010-202603-0239,2026-03-24,6900.00,6448.60,451.40,,,SKIPPED,PERIOD_NOT_OPENED
SH006,REC-SH006-202603-0353,2026-03-24,240.00,224.30,15.70,,,SKIPPED,PERIOD_NOT_OPENED
SH024,REC-SH024-202603-0161,2026-03-24,80.00,74.77,5.23,,,SKIPPED,PERIOD_NOT_OPENED
SH001,REC-SH001-202603-0232,2026-03-24,1620.00,1514.02,105.98,,,SKIPPED,PERIOD_NOT_OPENED
SH025,REC-SH025-202603-0185,2026-03-24,160.00,149.53,10.47,,,SKIPPED,PERIOD_NOT_OPENED
SH001,REC-SH001-202603-0233,2026-03-24,1970.00,1841.12,128.88,,,SKIPPED,PERIOD_NOT_OPENED
SH026,REC-SH026-202603-0224,2026-03-24,200.00,186.92,13.08,,,SKIPPED,PERIOD_NOT_OPENED
SH006,REC-SH006-202603-0354,2026-03-24,80.00,74.77,5.23,,,SKIPPED,PERIOD_NOT_OPENED
SH026,REC-SH026-202603-0225,2026-03-24,2460.00,2299.07,160.93,,,SKIPPED,PERIOD_NOT_OPENED
SH010,REC-SH010-202603-0240,2026-03-24,330.00,308.41,21.59,,,SKIPPED,PERIOD_NOT_OPENED
SH025,REC-SH025-202603-0186,2026-03-24,160.00,149.53,10.47,,,SKIPPED,PERIOD_NOT_OPENED
SH024,REC-SH024-202603-0162,2026-03-24,80.00,74.77,5.23,,,SKIPPED,PERIOD_NOT_OPENED
SH026,REC-SH026-202603-0226,2026-03-24,2830.00,2644.86,185.14,,,SKIPPED,PERIOD_NOT_OPENED
SH026,REC-SH026-202603-0227,2026-03-24,120.00,112.15,7.85,,,SKIPPED,PERIOD_NOT_OPENED
SH026,REC-SH026-202603-0228,2026-03-24,330.00,308.41,21.59,,,SKIPPED,PERIOD_NOT_OPENED
SH001,REC-SH001-202603-0234,2026-03-24,3750.00,3504.67,245.33,,,SKIPPED,PERIOD_NOT_OPENED
SH006,REC-SH006-202603-0355,2026-03-24,80.00,74.77,5.23,,,SKIPPED,PERIOD_NOT_OPENED
SH001,REC-SH001-202603-0235,2026-03-24,220.00,205.61,14.39,,,SKIPPED,PERIOD_NOT_OPENED
SH026,REC-SH026-202603-0229,2026-03-24,160.00,149.53,10.47,,,SKIPPED,PERIOD_NOT_OPENED
SH025,REC-SH025-202603-0187,2026-03-24,80.00,74.77,5.23,,,SKIPPED,PERIOD_NOT_OPENED
SH006,REC-SH006-202603-0356,2026-03-24,890.00,831.78,58.22,,,SKIPPED,PERIOD_NOT_OPENED
SH024,REC-SH024-202603-0163,2026-03-24,325.00,303.74,21.26,,,SKIPPED,PERIOD_NOT_OPENED
SH025,REC-SH025-202603-0188,2026-03-24,160.00,149.53,10.47,,,SKIPPED,PERIOD_NOT_OPENED
SH001,REC-SH001-202603-0236,2026-03-24,1280.00,1196.26,83.74,,,SKIPPED,PERIOD_NOT_OPENED
SH025,REC-SH025-202603-0189,2026-03-24,80.00,74.77,5.23,,,SKIPPED,PERIOD_NOT_OPENED
SH006,REC-SH006-202603-0357,2026-03-24,160.00,149.53,10.47,,,SKIPPED,PERIOD_NOT_OPENED
SH028,REC-SH028-202603-0061,2026-03-24,120.00,112.15,7.85,,,SKIPPED,PERIOD_NOT_OPENED
SH006,REC-SH006-202603-0358,2026-03-24,240.00,224.30,15.70,,,SKIPPED,PERIOD_NOT_OPENED
SH001,REC-SH001-202603-0237,2026-03-24,330.00,308.41,21.59,,,SKIPPED,PERIOD_NOT_OPENED
SH010,REC-SH010-202603-0241,2026-03-24,320.00,299.07,20.93,,,SKIPPED,PERIOD_NOT_OPENED
SH010,REC-SH010-202603-0242,2026-03-24,320.00,299.07,20.93,,,SKIPPED,PERIOD_NOT_OPENED
SH024,REC-SH024-202603-0164,2026-03-24,120.00,112.15,7.85,,,SKIPPED,PERIOD_NOT_OPENED
SH024,REC-SH024-202603-0165,2026-03-24,80.00,74.77,5.23,,,SKIPPED,PERIOD_NOT_OPENED
SH010,REC-SH010-202603-0243,2026-03-24,320.00,299.07,20.93,,,SKIPPED,PERIOD_NOT_OPENED
SH012,REC-SH012-202603-0161,2026-03-24,240.00,224.30,15.70,,,SKIPPED,PERIOD_NOT_OPENED
SH006,REC-SH006-202603-0359,2026-03-24,240.00,224.30,15.70,,,SKIPPED,PERIOD_NOT_OPENED
SH024,REC-SH024-202603-0166,2026-03-24,240.00,224.30,15.70,,,SKIPPED,PERIOD_NOT_OPENED
SH010,REC-SH010-202603-0244,2026-03-25,1970.00,1841.12,128.88,,,SKIPPED,PERIOD_NOT_OPENED
SH010,REC-SH010-202603-0245,2026-03-25,160.00,149.53,10.47,,,SKIPPED,PERIOD_NOT_OPENED
SH028,REC-SH028-202603-0062,2026-03-25,610.00,570.09,39.91,,,SKIPPED,PERIOD_NOT_OPENED
SH001,REC-SH001-202603-0238,2026-03-25,1380.00,1289.72,90.28,,,SKIPPED,PERIOD_NOT_OPENED
SH001,REC-SH001-202603-0239,2026-03-25,160.00,149.53,10.47,,,SKIPPED,PERIOD_NOT_OPENED
SH012,REC-SH012-202603-0162,2026-03-25,320.00,299.07,20.93,,,SKIPPED,PERIOD_NOT_OPENED
SH026,REC-SH026-202603-0230,2026-03-25,660.00,616.82,43.18,,,SKIPPED,PERIOD_NOT_OPENED
SH006,REC-SH006-202603-0360,2026-03-25,80.00,74.77,5.23,,,SKIPPED,PERIOD_NOT_OPENED
SH006,REC-SH006-202603-0361,2026-03-25,240.00,224.30,15.70,,,SKIPPED,PERIOD_NOT_OPENED
SH001,REC-SH001-202603-0240,2026-03-25,120.00,112.15,7.85,,,SKIPPED,PERIOD_NOT_OPENED
SH012,REC-SH012-202603-0163,2026-03-25,320.00,299.07,20.93,,,SKIPPED,PERIOD_NOT_OPENED
SH001,REC-SH001-202603-0241,2026-03-25,330.00,308.41,21.59,,,SKIPPED,PERIOD_NOT_OPENED
SH006,REC-SH006-202603-0362,2026-03-25,1320.00,1233.64,86.36,,,SKIPPED,PERIOD_NOT_OPENED
SH025,REC-SH025-202603-0190,2026-03-25,120.00,112.15,7.85,,,SKIPPED,PERIOD_NOT_OPENED
SH006,REC-SH006-202603-0363,2026-03-25,610.00,570.09,39.91,,,SKIPPED,PERIOD_NOT_OPENED
SH026,REC-SH026-202603-0231,2026-03-25,450.00,420.56,29.44,,,SKIPPED,PERIOD_NOT_OPENED
SH028,REC-SH028-202603-0063,2026-03-25,1620.00,1514.02,105.98,,,SKIPPED,PERIOD_NOT_OPENED
SH001,REC-SH001-202603-0242,2026-03-25,330.00,308.41,21.59,,,SKIPPED,PERIOD_NOT_OPENED
SH026,REC-SH026-202603-0232,2026-03-25,1620.00,1514.02,105.98,,,SKIPPED,PERIOD_NOT_OPENED
SH010,REC-SH010-202603-0246,2026-03-25,240.00,224.30,15.70,,,SKIPPED,PERIOD_NOT_OPENED
SH025,REC-SH025-202603-0191,2026-03-25,809.00,756.07,52.93,,,SKIPPED,PERIOD_NOT_OPENED
SH001,REC-SH001-202603-0243,2026-03-25,1520.00,1420.56,99.44,,,SKIPPED,PERIOD_NOT_OPENED
SH012,REC-SH012-202603-0164,2026-03-25,3030.00,2831.78,198.22,,,SKIPPED,PERIOD_NOT_OPENED
SH024,REC-SH024-202603-0167,2026-03-25,100.00,93.46,6.54,,,SKIPPED,PERIOD_NOT_OPENED
SH025,REC-SH025-202603-0192,2026-03-25,160.00,149.53,10.47,,,SKIPPED,PERIOD_NOT_OPENED
SH010,REC-SH010-202603-0247,2026-03-25,160.00,149.53,10.47,,,SKIPPED,PERIOD_NOT_OPENED
SH010,REC-SH010-202603-0248,2026-03-25,80.00,74.77,5.23,,,SKIPPED,PERIOD_NOT_OPENED
SH010,REC-SH010-202603-0249,2026-03-25,80.00,74.77,5.23,,,SKIPPED,PERIOD_NOT_OPENED
SH010,REC-SH010-202603-0250,2026-03-25,460.00,429.91,30.09,,,SKIPPED,PERIOD_NOT_OPENED
SH001,REC-SH001-202603-0244,2026-03-25,330.00,308.41,21.59,,,SKIPPED,PERIOD_NOT_OPENED
SH024,REC-SH024-202603-0168,2026-03-25,680.00,635.51,44.49,,,SKIPPED,PERIOD_NOT_OPENED
SH024,REC-SH024-202603-0169,2026-03-25,120.00,112.15,7.85,,,SKIPPED,PERIOD_NOT_OPENED
SH024,REC-SH024-202603-0170,2026-03-25,2460.00,2299.07,160.93,,,SKIPPED,PERIOD_NOT_OPENED
SH024,REC-SH024-202603-0171,2026-03-25,650.00,607.48,42.52,,,SKIPPED,PERIOD_NOT_OPENED
SH010,REC-SH010-202603-0251,2026-03-25,410.00,383.18,26.82,,,SKIPPED,PERIOD_NOT_OPENED
SH006,REC-SH006-202603-0364,2026-03-25,120.00,112.15,7.85,,,SKIPPED,PERIOD_NOT_OPENED
SH025,REC-SH025-202603-0193,2026-03-25,120.00,112.15,7.85,,,SKIPPED,PERIOD_NOT_OPENED
SH028,REC-SH028-202603-0064,2026-03-25,370.00,345.79,24.21,,,SKIPPED,PERIOD_NOT_OPENED
SH006,REC-SH006-202603-0365,2026-03-25,120.00,112.15,7.85,,,SKIPPED,PERIOD_NOT_OPENED
SH006,REC-SH006-202603-0366,2026-03-25,1380.00,1289.72,90.28,,,SKIPPED,PERIOD_NOT_OPENED
SH010,REC-SH010-202603-0252,2026-03-25,1600.00,1495.33,104.67,,,SKIPPED,PERIOD_NOT_OPENED
SH026,REC-SH026-202603-0233,2026-03-25,450.00,420.56,29.44,,,SKIPPED,PERIOD_NOT_OPENED
SH006,REC-SH006-202603-0367,2026-03-25,1620.00,1514.02,105.98,,,SKIPPED,PERIOD_NOT_OPENED
SH028,REC-SH028-202603-0065,2026-03-25,330.00,308.41,21.59,,,SKIPPED,PERIOD_NOT_OPENED
SH010,REC-SH010-202603-0253,2026-03-25,660.00,616.82,43.18,,,SKIPPED,PERIOD_NOT_OPENED
SH024,REC-SH024-202603-0172,2026-03-25,160.00,149.53,10.47,,,SKIPPED,PERIOD_NOT_OPENED
SH012,REC-SH012-202603-0165,2026-03-25,450.00,420.56,29.44,,,SKIPPED,PERIOD_NOT_OPENED
SH006,REC-SH006-202603-0368,2026-03-25,300.00,280.37,19.63,,,SKIPPED,PERIOD_NOT_OPENED
SH026,REC-SH026-202603-0234,2026-03-25,120.00,112.15,7.85,,,SKIPPED,PERIOD_NOT_OPENED
SH028,REC-SH028-202603-0066,2026-03-25,2830.00,2644.86,185.14,,,SKIPPED,PERIOD_NOT_OPENED
SH026,REC-SH026-202603-0235,2026-03-25,330.00,308.41,21.59,,,SKIPPED,PERIOD_NOT_OPENED
SH006,REC-SH006-202603-0369,2026-03-25,240.00,224.30,15.70,,,SKIPPED,PERIOD_NOT_OPENED
SH024,REC-SH024-202603-0173,2026-03-25,240.00,224.30,15.70,,,SKIPPED,PERIOD_NOT_OPENED
SH010,REC-SH010-202603-0254,2026-03-25,120.00,112.15,7.85,,,SKIPPED,PERIOD_NOT_OPENED
SH026,REC-SH026-202603-0236,2026-03-26,240.00,224.30,15.70,,,SKIPPED,PERIOD_NOT_OPENED
SH028,REC-SH028-202603-0067,2026-03-26,1690.00,1579.44,110.56,,,SKIPPED,PERIOD_NOT_OPENED
SH026,REC-SH026-202603-0237,2026-03-26,460.00,429.91,30.09,,,SKIPPED,PERIOD_NOT_OPENED
SH028,REC-SH028-202603-0068,2026-03-26,2500.00,2336.45,163.55,,,SKIPPED,PERIOD_NOT_OPENED
SH001,REC-SH001-202603-0245,2026-03-26,580.00,542.06,37.94,,,SKIPPED,PERIOD_NOT_OPENED
SH010,REC-SH010-202603-0255,2026-03-26,60.00,56.07,3.93,,,SKIPPED,PERIOD_NOT_OPENED
SH010,REC-SH010-202603-0256,2026-03-26,410.00,383.18,26.82,,,SKIPPED,PERIOD_NOT_OPENED
SH010,REC-SH010-202603-0257,2026-03-26,80.00,74.77,5.23,,,SKIPPED,PERIOD_NOT_OPENED
SH001,REC-SH001-202603-0246,2026-03-26,760.00,710.28,49.72,,,SKIPPED,PERIOD_NOT_OPENED
SH024,REC-SH024-202603-0174,2026-03-26,240.00,224.30,15.70,,,SKIPPED,PERIOD_NOT_OPENED
SH025,REC-SH025-202603-0194,2026-03-26,160.00,149.53,10.47,,,SKIPPED,PERIOD_NOT_OPENED
SH028,REC-SH028-202603-0069,2026-03-26,610.00,570.09,39.91,,,SKIPPED,PERIOD_NOT_OPENED
SH001,REC-SH001-202603-0247,2026-03-26,1990.00,1859.81,130.19,,,SKIPPED,PERIOD_NOT_OPENED
SH028,REC-SH028-202603-0070,2026-03-26,2440.00,2280.37,159.63,,,SKIPPED,PERIOD_NOT_OPENED
SH025,REC-SH025-202603-0195,2026-03-26,330.00,308.41,21.59,,,SKIPPED,PERIOD_NOT_OPENED
SH025,REC-SH025-202603-0196,2026-03-26,220.00,205.61,14.39,,,SKIPPED,PERIOD_NOT_OPENED
SH006,REC-SH006-202603-0370,2026-03-26,340.00,317.76,22.24,,,SKIPPED,PERIOD_NOT_OPENED
SH001,REC-SH001-202603-0248,2026-03-26,240.00,224.30,15.70,,,SKIPPED,PERIOD_NOT_OPENED
SH006,REC-SH006-202603-0371,2026-03-26,1320.00,1233.64,86.36,,,SKIPPED,PERIOD_NOT_OPENED
SH001,REC-SH001-202603-0249,2026-03-26,1250.00,1168.22,81.78,,,SKIPPED,PERIOD_NOT_OPENED
SH026,REC-SH026-202603-0238,2026-03-26,330.00,308.41,21.59,,,SKIPPED,PERIOD_NOT_OPENED
SH025,REC-SH025-202603-0197,2026-03-26,240.00,224.30,15.70,,,SKIPPED,PERIOD_NOT_OPENED
SH001,REC-SH001-202603-0250,2026-03-26,220.00,205.61,14.39,,,SKIPPED,PERIOD_NOT_OPENED
SH010,REC-SH010-202603-0258,2026-03-26,11040.00,10317.76,722.24,,,SKIPPED,PERIOD_NOT_OPENED
SH012,REC-SH012-202603-0166,2026-03-26,240.00,224.30,15.70,,,SKIPPED,PERIOD_NOT_OPENED
SH001,REC-SH001-202603-0251,2026-03-26,660.00,616.82,43.18,,,SKIPPED,PERIOD_NOT_OPENED
SH001,REC-SH001-202603-0252,2026-03-26,330.00,308.41,21.59,,,SKIPPED,PERIOD_NOT_OPENED
SH026,REC-SH026-202603-0239,2026-03-26,80.00,74.77,5.23,,,SKIPPED,PERIOD_NOT_OPENED
SH010,REC-SH010-202603-0259,2026-03-26,80.00,74.77,5.23,,,SKIPPED,PERIOD_NOT_OPENED
SH010,REC-SH010-202603-0260,2026-03-26,1380.00,1289.72,90.28,,,SKIPPED,PERIOD_NOT_OPENED
SH006,REC-SH006-202603-0372,2026-03-26,580.00,542.06,37.94,,,SKIPPED,PERIOD_NOT_OPENED
SH001,REC-SH001-202603-0253,2026-03-26,80.00,74.77,5.23,,,SKIPPED,PERIOD_NOT_OPENED
SH006,REC-SH006-202603-0373,2026-03-26,410.00,383.18,26.82,,,SKIPPED,PERIOD_NOT_OPENED
SH006,REC-SH006-202603-0374,2026-03-26,1230.00,1149.53,80.47,,,SKIPPED,PERIOD_NOT_OPENED
SH001,REC-SH001-202603-0254,2026-03-26,3820.00,3570.09,249.91,,,SKIPPED,PERIOD_NOT_OPENED
SH024,REC-SH024-202603-0175,2026-03-26,80.00,74.77,5.23,,,SKIPPED,PERIOD_NOT_OPENED
SH028,REC-SH028-202603-0071,2026-03-26,1620.00,1514.02,105.98,,,SKIPPED,PERIOD_NOT_OPENED
SH001,REC-SH001-202603-0255,2026-03-26,160.00,149.53,10.47,,,SKIPPED,PERIOD_NOT_OPENED
SH001,REC-SH001-202603-0256,2026-03-26,80.00,74.77,5.23,,,SKIPPED,PERIOD_NOT_OPENED
SH010,REC-SH010-202603-0261,2026-03-26,5220.00,4878.50,341.50,,,SKIPPED,PERIOD_NOT_OPENED
SH010,REC-SH010-202603-0262,2026-03-26,330.00,308.41,21.59,,,SKIPPED,PERIOD_NOT_OPENED
SH024,REC-SH024-202603-0176,2026-03-26,120.00,112.15,7.85,,,SKIPPED,PERIOD_NOT_OPENED
SH024,REC-SH024-202603-0177,2026-03-26,460.00,429.91,30.09,,,SKIPPED,PERIOD_NOT_OPENED
SH006,REC-SH006-202603-0375,2026-03-26,240.00,224.30,15.70,,,SKIPPED,PERIOD_NOT_OPENED
SH025,REC-SH025-202603-0198,2026-03-26,160.00,149.53,10.47,,,SKIPPED,PERIOD_NOT_OPENED
SH001,REC-SH001-202603-0257,2026-03-26,2080.00,1943.93,136.07,,,SKIPPED,PERIOD_NOT_OPENED
SH030,REC-SH030-202603-0017,2026-03-26,80.00,74.77,5.23,,,SKIPPED,PERIOD_NOT_OPENED
SH026,REC-SH026-202603-0240,2026-03-26,120.00,112.15,7.85,,,SKIPPED,PERIOD_NOT_OPENED
SH010,REC-SH010-202603-0263,2026-03-26,80.00,74.77,5.23,,,SKIPPED,PERIOD_NOT_OPENED
SH010,REC-SH010-202603-0264,2026-03-26,160.00,149.53,10.47,,,SKIPPED,PERIOD_NOT_OPENED
SH024,REC-SH024-202603-0178,2026-03-26,160.00,149.53,10.47,,,SKIPPED,PERIOD_NOT_OPENED
SH024,REC-SH024-202603-0179,2026-03-26,240.00,224.30,15.70,,,SKIPPED,PERIOD_NOT_OPENED
SH024,REC-SH024-202603-0180,2026-03-26,240.00,224.30,15.70,,,SKIPPED,PERIOD_NOT_OPENED
SH026,REC-SH026-202603-0241,2026-03-26,960.00,897.20,62.80,,,SKIPPED,PERIOD_NOT_OPENED
SH026,REC-SH026-202603-0242,2026-03-26,120.00,112.15,7.85,,,SKIPPED,PERIOD_NOT_OPENED
SH026,REC-SH026-202603-0243,2026-03-26,120.00,112.15,7.85,,,SKIPPED,PERIOD_NOT_OPENED
SH006,REC-SH006-202603-0376,2026-03-26,240.00,224.30,15.70,,,SKIPPED,PERIOD_NOT_OPENED
SH025,REC-SH025-202603-0199,2026-03-26,120.00,112.15,7.85,,,SKIPPED,PERIOD_NOT_OPENED
SH006,REC-SH006-202603-0377,2026-03-26,200.00,186.92,13.08,,,SKIPPED,PERIOD_NOT_OPENED
SH001,REC-SH001-202603-0258,2026-03-27,820.00,766.36,53.64,,,SKIPPED,PERIOD_NOT_OPENED
SH026,REC-SH026-202603-0244,2026-03-27,1690.00,1579.44,110.56,,,SKIPPED,PERIOD_NOT_OPENED
SH001,REC-SH001-202603-0259,2026-03-27,1580.00,1476.64,103.36,,,SKIPPED,PERIOD_NOT_OPENED
SH010,REC-SH010-202603-0265,2026-03-27,650.00,607.48,42.52,,,SKIPPED,PERIOD_NOT_OPENED
SH010,REC-SH010-202603-0266,2026-03-27,325.00,303.74,21.26,,,SKIPPED,PERIOD_NOT_OPENED
SH026,REC-SH026-202603-0245,2026-03-27,120.00,112.15,7.85,,,SKIPPED,PERIOD_NOT_OPENED
SH026,REC-SH026-202603-0246,2026-03-27,120.00,112.15,7.85,,,SKIPPED,PERIOD_NOT_OPENED
SH010,REC-SH010-202603-0267,2026-03-27,360.00,336.45,23.55,,,SKIPPED,PERIOD_NOT_OPENED
SH025,REC-SH025-202603-0200,2026-03-27,380.00,355.14,24.86,,,SKIPPED,PERIOD_NOT_OPENED
SH006,REC-SH006-202603-0378,2026-03-27,240.00,224.30,15.70,,,SKIPPED,PERIOD_NOT_OPENED
SH001,REC-SH001-202603-0260,2026-03-27,1380.00,1289.72,90.28,,,SKIPPED,PERIOD_NOT_OPENED
SH010,REC-SH010-202603-0268,2026-03-27,1620.00,1514.02,105.98,,,SKIPPED,PERIOD_NOT_OPENED
SH025,REC-SH025-202603-0201,2026-03-27,2400.00,2242.99,157.01,,,SKIPPED,PERIOD_NOT_OPENED
SH006,REC-SH006-202603-0379,2026-03-27,120.00,112.15,7.85,,,SKIPPED,PERIOD_NOT_OPENED
SH006,REC-SH006-202603-0380,2026-03-27,460.00,429.91,30.09,,,SKIPPED,PERIOD_NOT_OPENED
SH001,REC-SH001-202603-0261,2026-03-27,1250.00,1168.22,81.78,,,SKIPPED,PERIOD_NOT_OPENED
SH001,REC-SH001-202603-0262,2026-03-27,2500.00,2336.45,163.55,,,SKIPPED,PERIOD_NOT_OPENED
SH006,REC-SH006-202603-0381,2026-03-27,80.00,74.77,5.23,,,SKIPPED,PERIOD_NOT_OPENED
SH026,REC-SH026-202603-0247,2026-03-27,440.00,411.21,28.79,,,SKIPPED,PERIOD_NOT_OPENED
SH012,REC-SH012-202603-0167,2026-03-27,480.00,448.60,31.40,,,SKIPPED,PERIOD_NOT_OPENED
SH006,REC-SH006-202603-0382,2026-03-27,700.00,654.21,45.79,,,SKIPPED,PERIOD_NOT_OPENED
SH028,REC-SH028-202603-0072,2026-03-27,370.00,345.79,24.21,,,SKIPPED,PERIOD_NOT_OPENED
SH006,REC-SH006-202603-0383,2026-03-27,650.00,607.48,42.52,,,SKIPPED,PERIOD_NOT_OPENED
SH026,REC-SH026-202603-0248,2026-03-27,560.00,523.36,36.64,,,SKIPPED,PERIOD_NOT_OPENED
SH026,REC-SH026-202603-0249,2026-03-27,330.00,308.41,21.59,,,SKIPPED,PERIOD_NOT_OPENED
SH010,REC-SH010-202603-0269,2026-03-27,1620.00,1514.02,105.98,,,SKIPPED,PERIOD_NOT_OPENED
SH025,REC-SH025-202603-0202,2026-03-27,80.00,74.77,5.23,,,SKIPPED,PERIOD_NOT_OPENED
SH010,REC-SH010-202603-0270,2026-03-27,200.00,186.92,13.08,,,SKIPPED,PERIOD_NOT_OPENED
SH025,REC-SH025-202603-0203,2026-03-27,160.00,149.53,10.47,,,SKIPPED,PERIOD_NOT_OPENED
SH026,REC-SH026-202603-0250,2026-03-27,120.00,112.15,7.85,,,SKIPPED,PERIOD_NOT_OPENED
SH001,REC-SH001-202603-0263,2026-03-27,330.00,308.41,21.59,,,SKIPPED,PERIOD_NOT_OPENED
SH024,REC-SH024-202603-0181,2026-03-27,780.00,728.97,51.03,,,SKIPPED,PERIOD_NOT_OPENED
SH024,REC-SH024-202603-0182,2026-03-27,1680.00,1570.09,109.91,,,SKIPPED,PERIOD_NOT_OPENED
SH006,REC-SH006-202603-0384,2026-03-27,1010.00,943.93,66.07,,,SKIPPED,PERIOD_NOT_OPENED
SH026,REC-SH026-202603-0251,2026-03-27,1250.00,1168.22,81.78,,,SKIPPED,PERIOD_NOT_OPENED
SH028,REC-SH028-202603-0073,2026-03-27,160.00,149.53,10.47,,,SKIPPED,PERIOD_NOT_OPENED
SH006,REC-SH006-202603-0385,2026-03-27,700.00,654.21,45.79,,,SKIPPED,PERIOD_NOT_OPENED
SH006,REC-SH006-202603-0386,2026-03-27,325.00,303.74,21.26,,,SKIPPED,PERIOD_NOT_OPENED
SH030,REC-SH030-202603-0018,2026-03-27,80.00,74.77,5.23,,,SKIPPED,PERIOD_NOT_OPENED
SH010,REC-SH010-202603-0271,2026-03-27,330.00,308.41,21.59,,,SKIPPED,PERIOD_NOT_OPENED
SH006,REC-SH006-202603-0387,2026-03-27,80.00,74.77,5.23,,,SKIPPED,PERIOD_NOT_OPENED
SH024,REC-SH024-202603-0183,2026-03-27,325.00,303.74,21.26,,,SKIPPED,PERIOD_NOT_OPENED
SH010,REC-SH010-202603-0272,2026-03-27,60.00,56.07,3.93,,,SKIPPED,PERIOD_NOT_OPENED
SH025,REC-SH025-202603-0204,2026-03-27,120.00,112.15,7.85,,,SKIPPED,PERIOD_NOT_OPENED
SH025,REC-SH025-202603-0205,2026-03-27,1230.00,1149.53,80.47,,,SKIPPED,PERIOD_NOT_OPENED
SH001,REC-SH001-202603-0264,2026-03-27,1620.00,1514.02,105.98,,,SKIPPED,PERIOD_NOT_OPENED
SH028,REC-SH028-202603-0074,2026-03-27,1250.00,1168.22,81.78,,,SKIPPED,PERIOD_NOT_OPENED
SH012,REC-SH012-202603-0168,2026-03-28,580.00,542.06,37.94,,,SKIPPED,PERIOD_NOT_OPENED
SH028,REC-SH028-202603-0075,2026-03-28,1620.00,1514.02,105.98,,,SKIPPED,PERIOD_NOT_OPENED
SH012,REC-SH012-202603-0169,2026-03-28,100.00,93.46,6.54,,,SKIPPED,PERIOD_NOT_OPENED
SH026,REC-SH026-202603-0252,2026-03-28,240.00,224.30,15.70,,,SKIPPED,PERIOD_NOT_OPENED
SH026,REC-SH026-202603-0253,2026-03-28,80.00,74.77,5.23,,,SKIPPED,PERIOD_NOT_OPENED
SH010,REC-SH010-202603-0273,2026-03-28,460.00,429.91,30.09,,,SKIPPED,PERIOD_NOT_OPENED
SH006,REC-SH006-202603-0388,2026-03-28,240.00,224.30,15.70,,,SKIPPED,PERIOD_NOT_OPENED
SH006,REC-SH006-202603-0389,2026-03-28,330.00,308.41,21.59,,,SKIPPED,PERIOD_NOT_OPENED
SH006,REC-SH006-202603-0390,2026-03-28,460.00,429.91,30.09,,,SKIPPED,PERIOD_NOT_OPENED
SH010,REC-SH010-202603-0274,2026-03-28,160.00,149.53,10.47,,,SKIPPED,PERIOD_NOT_OPENED
SH006,REC-SH006-202603-0391,2026-03-28,160.00,149.53,10.47,,,SKIPPED,PERIOD_NOT_OPENED
SH012,REC-SH012-202603-0170,2026-03-28,680.00,635.51,44.49,,,SKIPPED,PERIOD_NOT_OPENED
SH006,REC-SH006-202603-0392,2026-03-28,700.00,654.21,45.79,,,SKIPPED,PERIOD_NOT_OPENED
SH006,REC-SH006-202603-0393,2026-03-28,330.00,308.41,21.59,,,SKIPPED,PERIOD_NOT_OPENED
SH025,REC-SH025-202603-0206,2026-03-28,380.00,355.14,24.86,,,SKIPPED,PERIOD_NOT_OPENED
SH026,REC-SH026-202603-0254,2026-03-28,280.00,261.68,18.32,,,SKIPPED,PERIOD_NOT_OPENED
SH026,REC-SH026-202603-0255,2026-03-28,460.00,429.91,30.09,,,SKIPPED,PERIOD_NOT_OPENED
SH001,REC-SH001-202603-0265,2026-03-28,1380.00,1289.72,90.28,,,SKIPPED,PERIOD_NOT_OPENED
SH012,REC-SH012-202603-0171,2026-03-28,260.00,242.99,17.01,,,SKIPPED,PERIOD_NOT_OPENED
SH006,REC-SH006-202603-0394,2026-03-28,1830.00,1710.28,119.72,,,SKIPPED,PERIOD_NOT_OPENED
SH001,REC-SH001-202603-0266,2026-03-28,2500.00,2336.45,163.55,,,SKIPPED,PERIOD_NOT_OPENED
SH026,REC-SH026-202603-0256,2026-03-28,60.00,56.07,3.93,,,SKIPPED,PERIOD_NOT_OPENED
SH026,REC-SH026-202603-0257,2026-03-28,580.00,542.06,37.94,,,SKIPPED,PERIOD_NOT_OPENED
SH006,REC-SH006-202603-0395,2026-03-28,80.00,74.77,5.23,,,SKIPPED,PERIOD_NOT_OPENED
SH026,REC-SH026-202603-0258,2026-03-28,80.00,74.77,5.23,,,SKIPPED,PERIOD_NOT_OPENED
SH012,REC-SH012-202603-0172,2026-03-28,330.00,308.41,21.59,,,SKIPPED,PERIOD_NOT_OPENED
SH026,REC-SH026-202603-0259,2026-03-28,80.00,74.77,5.23,,,SKIPPED,PERIOD_NOT_OPENED
SH006,REC-SH006-202603-0396,2026-03-28,120.00,112.15,7.85,,,SKIPPED,PERIOD_NOT_OPENED
SH006,REC-SH006-202603-0397,2026-03-28,120.00,112.15,7.85,,,SKIPPED,PERIOD_NOT_OPENED
SH025,REC-SH025-202603-0207,2026-03-28,240.00,224.30,15.70,,,SKIPPED,PERIOD_NOT_OPENED
SH006,REC-SH006-202603-0398,2026-03-28,80.00,74.77,5.23,,,SKIPPED,PERIOD_NOT_OPENED
SH001,REC-SH001-202603-0267,2026-03-28,220.00,205.61,14.39,,,SKIPPED,PERIOD_NOT_OPENED
SH025,REC-SH025-202603-0208,2026-03-28,330.00,308.41,21.59,,,SKIPPED,PERIOD_NOT_OPENED
SH001,REC-SH001-202603-0268,2026-03-28,3240.00,3028.04,211.96,,,SKIPPED,PERIOD_NOT_OPENED
SH026,REC-SH026-202603-0260,2026-03-28,220.00,205.61,14.39,,,SKIPPED,PERIOD_NOT_OPENED
SH006,REC-SH006-202603-0399,2026-03-28,640.00,598.13,41.87,,,SKIPPED,PERIOD_NOT_OPENED
SH010,REC-SH010-202603-0275,2026-03-28,240.00,224.30,15.70,,,SKIPPED,PERIOD_NOT_OPENED
SH025,REC-SH025-202603-0209,2026-03-28,390.00,364.49,25.51,,,SKIPPED,PERIOD_NOT_OPENED
SH006,REC-SH006-202603-0400,2026-03-28,240.00,224.30,15.70,,,SKIPPED,PERIOD_NOT_OPENED
SH006,REC-SH006-202603-0401,2026-03-28,325.00,303.74,21.26,,,SKIPPED,PERIOD_NOT_OPENED
SH006,REC-SH006-202603-0402,2026-03-28,80.00,74.77,5.23,,,SKIPPED,PERIOD_NOT_OPENED
SH030,REC-SH030-202603-0019,2026-03-28,240.00,224.30,15.70,,,SKIPPED,PERIOD_NOT_OPENED
SH006,REC-SH006-202603-0403,2026-03-28,140.00,130.84,9.16,,,SKIPPED,PERIOD_NOT_OPENED
SH025,REC-SH025-202603-0210,2026-03-28,120.00,112.15,7.85,,,SKIPPED,PERIOD_NOT_OPENED
SH026,REC-SH026-202603-0261,2026-03-28,1230.00,1149.53,80.47,,,SKIPPED,PERIOD_NOT_OPENED
SH010,REC-SH010-202603-0276,2026-03-28,520.00,485.98,34.02,,,SKIPPED,PERIOD_NOT_OPENED
SH026,REC-SH026-202603-0262,2026-03-28,80.00,74.77,5.23,,,SKIPPED,PERIOD_NOT_OPENED
SH012,REC-SH012-202603-0173,2026-03-28,580.00,542.06,37.94,,,SKIPPED,PERIOD_NOT_OPENED
SH012,REC-SH012-202603-0174,2026-03-28,160.00,149.53,10.47,,,SKIPPED,PERIOD_NOT_OPENED
SH012,REC-SH012-202603-0175,2026-03-28,580.00,542.06,37.94,,,SKIPPED,PERIOD_NOT_OPENED
SH006,REC-SH006-202603-0404,2026-03-28,160.00,149.53,10.47,,,SKIPPED,PERIOD_NOT_OPENED
SH010,REC-SH010-202603-0277,2026-03-28,1380.00,1289.72,90.28,,,SKIPPED,PERIOD_NOT_OPENED
SH026,REC-SH026-202603-0263,2026-03-28,200.00,186.92,13.08,,,SKIPPED,PERIOD_NOT_OPENED
SH026,REC-SH026-202603-0264,2026-03-28,280.00,261.68,18.32,,,SKIPPED,PERIOD_NOT_OPENED
SH024,REC-SH024-202603-0184,2026-03-28,1020.00,953.27,66.73,,,SKIPPED,PERIOD_NOT_OPENED
SH001,REC-SH001-202603-0269,2026-03-28,220.00,205.61,14.39,,,SKIPPED,PERIOD_NOT_OPENED
SH001,REC-SH001-202603-0270,2026-03-29,60.00,56.07,3.93,,,SKIPPED,PERIOD_NOT_OPENED
SH026,REC-SH026-202603-0265,2026-03-29,160.00,149.53,10.47,,,SKIPPED,PERIOD_NOT_OPENED
SH010,REC-SH010-202603-0278,2026-03-29,410.00,383.18,26.82,,,SKIPPED,PERIOD_NOT_OPENED
SH028,REC-SH028-202603-0076,2026-03-29,1620.00,1514.02,105.98,,,SKIPPED,PERIOD_NOT_OPENED
SH010,REC-SH010-202603-0279,2026-03-29,1320.00,1233.64,86.36,,,SKIPPED,PERIOD_NOT_OPENED
SH006,REC-SH006-202603-0405,2026-03-29,120.00,112.15,7.85,,,SKIPPED,PERIOD_NOT_OPENED
SH012,REC-SH012-202603-0176,2026-03-29,580.00,542.06,37.94,,,SKIPPED,PERIOD_NOT_OPENED
SH010,REC-SH010-202603-0280,2026-03-29,1380.00,1289.72,90.28,,,SKIPPED,PERIOD_NOT_OPENED
SH006,REC-SH006-202603-0406,2026-03-29,240.00,224.30,15.70,,,SKIPPED,PERIOD_NOT_OPENED
SH028,REC-SH028-202603-0077,2026-03-29,120.00,112.15,7.85,,,SKIPPED,PERIOD_NOT_OPENED
SH006,REC-SH006-202603-0407,2026-03-29,80.00,74.77,5.23,,,SKIPPED,PERIOD_NOT_OPENED
SH026,REC-SH026-202603-0266,2026-03-29,460.00,429.91,30.09,,,SKIPPED,PERIOD_NOT_OPENED
SH006,REC-SH006-202603-0408,2026-03-29,360.00,336.45,23.55,,,SKIPPED,PERIOD_NOT_OPENED
SH006,REC-SH006-202603-0409,2026-03-29,160.00,149.53,10.47,,,SKIPPED,PERIOD_NOT_OPENED
SH028,REC-SH028-202603-0078,2026-03-29,120.00,112.15,7.85,,,SKIPPED,PERIOD_NOT_OPENED
SH012,REC-SH012-202603-0177,2026-03-29,150.00,140.19,9.81,,,SKIPPED,PERIOD_NOT_OPENED
SH001,REC-SH001-202603-0271,2026-03-29,1280.00,1196.26,83.74,,,SKIPPED,PERIOD_NOT_OPENED
SH010,REC-SH010-202603-0281,2026-03-29,160.00,149.53,10.47,,,SKIPPED,PERIOD_NOT_OPENED
SH024,REC-SH024-202603-0185,2026-03-29,460.00,429.91,30.09,,,SKIPPED,PERIOD_NOT_OPENED
SH025,REC-SH025-202603-0211,2026-03-29,120.00,112.15,7.85,,,SKIPPED,PERIOD_NOT_OPENED
SH006,REC-SH006-202603-0410,2026-03-29,200.00,186.92,13.08,,,SKIPPED,PERIOD_NOT_OPENED
SH001,REC-SH001-202603-0272,2026-03-29,80.00,74.77,5.23,,,SKIPPED,PERIOD_NOT_OPENED
SH006,REC-SH006-202603-0411,2026-03-29,160.00,149.53,10.47,,,SKIPPED,PERIOD_NOT_OPENED
SH025,REC-SH025-202603-0212,2026-03-29,160.00,149.53,10.47,,,SKIPPED,PERIOD_NOT_OPENED
SH006,REC-SH006-202603-0412,2026-03-29,160.00,149.53,10.47,,,SKIPPED,PERIOD_NOT_OPENED
SH006,REC-SH006-202603-0413,2026-03-29,450.00,420.56,29.44,,,SKIPPED,PERIOD_NOT_OPENED
SH024,REC-SH024-202603-0186,2026-03-29,150.00,140.19,9.81,,,SKIPPED,PERIOD_NOT_OPENED
SH001,REC-SH001-202603-0273,2026-03-29,6480.00,6056.07,423.93,,,SKIPPED,PERIOD_NOT_OPENED
SH006,REC-SH006-202603-0414,2026-03-29,80.00,74.77,5.23,,,SKIPPED,PERIOD_NOT_OPENED
SH026,REC-SH026-202603-0267,2026-03-29,400.00,373.83,26.17,,,SKIPPED,PERIOD_NOT_OPENED
SH030,REC-SH030-202603-0020,2026-03-29,60.00,56.07,3.93,,,SKIPPED,PERIOD_NOT_OPENED
SH026,REC-SH026-202603-0268,2026-03-29,80.00,74.77,5.23,,,SKIPPED,PERIOD_NOT_OPENED
SH024,REC-SH024-202603-0187,2026-03-29,1230.00,1149.53,80.47,,,SKIPPED,PERIOD_NOT_OPENED
SH026,REC-SH026-202603-0269,2026-03-29,160.00,149.53,10.47,,,SKIPPED,PERIOD_NOT_OPENED
SH026,REC-SH026-202603-0270,2026-03-29,160.00,149.53,10.47,,,SKIPPED,PERIOD_NOT_OPENED
SH006,REC-SH006-202603-0415,2026-03-29,260.00,242.99,17.01,,,SKIPPED,PERIOD_NOT_OPENED
SH010,REC-SH010-202603-0282,2026-03-29,1320.00,1233.64,86.36,,,SKIPPED,PERIOD_NOT_OPENED
SH024,REC-SH024-202603-0188,2026-03-29,1620.00,1514.02,105.98,,,SKIPPED,PERIOD_NOT_OPENED
SH001,REC-SH001-202603-0274,2026-03-29,1320.00,1233.64,86.36,,,SKIPPED,PERIOD_NOT_OPENED
SH010,REC-SH010-202603-0283,2026-03-29,2460.00,2299.07,160.93,,,SKIPPED,PERIOD_NOT_OPENED
SH025,REC-SH025-202603-0213,2026-03-29,60.00,56.07,3.93,,,SKIPPED,PERIOD_NOT_OPENED
SH010,REC-SH010-202603-0284,2026-03-29,330.00,308.41,21.59,,,SKIPPED,PERIOD_NOT_OPENED
SH024,REC-SH024-202603-0189,2026-03-29,450.00,420.56,29.44,,,SKIPPED,PERIOD_NOT_OPENED
SH026,REC-SH026-202603-0271,2026-03-29,120.00,112.15,7.85,,,SKIPPED,PERIOD_NOT_OPENED
SH001,REC-SH001-202603-0275,2026-03-29,3130.00,2925.23,204.77,,,SKIPPED,PERIOD_NOT_OPENED
SH006,REC-SH006-202603-0416,2026-03-29,650.00,607.48,42.52,,,SKIPPED,PERIOD_NOT_OPENED
SH028,REC-SH028-202603-0079,2026-03-29,1990.00,1859.81,130.19,,,SKIPPED,PERIOD_NOT_OPENED
SH024,REC-SH024-202603-0190,2026-03-29,460.00,429.91,30.09,,,SKIPPED,PERIOD_NOT_OPENED
SH001,REC-SH001-202603-0276,2026-03-29,220.00,205.61,14.39,,,SKIPPED,PERIOD_NOT_OPENED
SH024,REC-SH024-202603-0191,2026-03-29,200.00,186.92,13.08,,,SKIPPED,PERIOD_NOT_OPENED
SH006,REC-SH006-202603-0417,2026-03-29,380.00,355.14,24.86,,,SKIPPED,PERIOD_NOT_OPENED
SH010,REC-SH010-202603-0285,2026-03-29,5220.00,4878.50,341.50,,,SKIPPED,PERIOD_NOT_OPENED
SH006,REC-SH006-202603-0418,2026-03-29,160.00,149.53,10.47,,,SKIPPED,PERIOD_NOT_OPENED
SH026,REC-SH026-202603-0272,2026-03-29,120.00,112.15,7.85,,,SKIPPED,PERIOD_NOT_OPENED
SH006,REC-SH006-202603-0419,2026-03-29,380.00,355.14,24.86,,,SKIPPED,PERIOD_NOT_OPENED
SH026,REC-SH026-202603-0273,2026-03-29,560.00,523.36,36.64,,,SKIPPED,PERIOD_NOT_OPENED
SH025,REC-SH025-202603-0214,2026-03-29,160.00,149.53,10.47,,,SKIPPED,PERIOD_NOT_OPENED
SH012,REC-SH012-202603-0178,2026-03-29,80.00,74.77,5.23,,,SKIPPED,PERIOD_NOT_OPENED
SH028,REC-SH028-202603-0080,2026-03-29,2360.00,2205.61,154.39,,,SKIPPED,PERIOD_NOT_OPENED
SH010,REC-SH010-202603-0286,2026-03-29,325.00,303.74,21.26,,,SKIPPED,PERIOD_NOT_OPENED
SH024,REC-SH024-202603-0192,2026-03-29,2850.00,2663.55,186.45,,,SKIPPED,PERIOD_NOT_OPENED
SH024,REC-SH024-202603-0193,2026-03-29,60.00,56.07,3.93,,,SKIPPED,PERIOD_NOT_OPENED
SH010,REC-SH010-202603-0287,2026-03-29,80.00,74.77,5.23,,,SKIPPED,PERIOD_NOT_OPENED
SH025,REC-SH025-202603-0215,2026-03-29,160.00,149.53,10.47,,,SKIPPED,PERIOD_NOT_OPENED
SH010,REC-SH010-202603-0288,2026-03-29,160.00,149.53,10.47,,,SKIPPED,PERIOD_NOT_OPENED
SH010,REC-SH010-202603-0289,2026-03-30,280.00,261.68,18.32,,,SKIPPED,PERIOD_NOT_OPENED
SH012,REC-SH012-202603-0179,2026-03-30,160.00,149.53,10.47,,,SKIPPED,PERIOD_NOT_OPENED
SH010,REC-SH010-202603-0290,2026-03-30,80.00,74.77,5.23,,,SKIPPED,PERIOD_NOT_OPENED
SH024,REC-SH024-202603-0194,2026-03-30,100.00,93.46,6.54,,,SKIPPED,PERIOD_NOT_OPENED
SH006,REC-SH006-202603-0420,2026-03-30,700.00,654.21,45.79,,,SKIPPED,PERIOD_NOT_OPENED
SH026,REC-SH026-202603-0274,2026-03-30,280.00,261.68,18.32,,,SKIPPED,PERIOD_NOT_OPENED
SH026,REC-SH026-202603-0275,2026-03-30,1250.00,1168.22,81.78,,,SKIPPED,PERIOD_NOT_OPENED
SH025,REC-SH025-202603-0216,2026-03-30,360.00,336.45,23.55,,,SKIPPED,PERIOD_NOT_OPENED
SH006,REC-SH006-202603-0421,2026-03-30,320.00,299.07,20.93,,,SKIPPED,PERIOD_NOT_OPENED
SH026,REC-SH026-202603-0276,2026-03-30,80.00,74.77,5.23,,,SKIPPED,PERIOD_NOT_OPENED
SH006,REC-SH006-202603-0422,2026-03-30,160.00,149.53,10.47,,,SKIPPED,PERIOD_NOT_OPENED
SH024,REC-SH024-202603-0195,2026-03-30,1200.00,1121.50,78.50,,,SKIPPED,PERIOD_NOT_OPENED
SH024,REC-SH024-202603-0196,2026-03-30,240.00,224.30,15.70,,,SKIPPED,PERIOD_NOT_OPENED
SH026,REC-SH026-202603-0277,2026-03-30,800.00,747.66,52.34,,,SKIPPED,PERIOD_NOT_OPENED
SH010,REC-SH010-202603-0291,2026-03-30,80.00,74.77,5.23,,,SKIPPED,PERIOD_NOT_OPENED
SH026,REC-SH026-202603-0278,2026-03-30,120.00,112.15,7.85,,,SKIPPED,PERIOD_NOT_OPENED
SH006,REC-SH006-202603-0423,2026-03-30,940.00,878.50,61.50,,,SKIPPED,PERIOD_NOT_OPENED
SH006,REC-SH006-202603-0424,2026-03-30,700.00,654.21,45.79,,,SKIPPED,PERIOD_NOT_OPENED
SH025,REC-SH025-202603-0217,2026-03-30,160.00,149.53,10.47,,,SKIPPED,PERIOD_NOT_OPENED
SH028,REC-SH028-202603-0081,2026-03-30,1620.00,1514.02,105.98,,,SKIPPED,PERIOD_NOT_OPENED
SH010,REC-SH010-202603-0292,2026-03-30,310.00,289.72,20.28,,,SKIPPED,PERIOD_NOT_OPENED
SH010,REC-SH010-202603-0293,2026-03-30,80.00,74.77,5.23,,,SKIPPED,PERIOD_NOT_OPENED
SH026,REC-SH026-202603-0279,2026-03-30,180.00,168.22,11.78,,,SKIPPED,PERIOD_NOT_OPENED
SH026,REC-SH026-202603-0280,2026-03-30,80.00,74.77,5.23,,,SKIPPED,PERIOD_NOT_OPENED
SH006,REC-SH006-202603-0425,2026-03-30,240.00,224.30,15.70,,,SKIPPED,PERIOD_NOT_OPENED
SH010,REC-SH010-202603-0294,2026-03-30,1500.00,1401.87,98.13,,,SKIPPED,PERIOD_NOT_OPENED
SH012,REC-SH012-202603-0180,2026-03-30,240.00,224.30,15.70,,,SKIPPED,PERIOD_NOT_OPENED
SH026,REC-SH026-202603-0281,2026-03-30,410.00,383.18,26.82,,,SKIPPED,PERIOD_NOT_OPENED
SH010,REC-SH010-202603-0295,2026-03-30,320.00,299.07,20.93,,,SKIPPED,PERIOD_NOT_OPENED
SH001,REC-SH001-202603-0277,2026-03-30,1580.00,1476.64,103.36,,,SKIPPED,PERIOD_NOT_OPENED
SH026,REC-SH026-202603-0282,2026-03-30,26670.00,24925.23,1744.77,,,SKIPPED,PERIOD_NOT_OPENED
SH001,REC-SH001-202603-0278,2026-03-30,1620.00,1514.02,105.98,,,SKIPPED,PERIOD_NOT_OPENED
SH010,REC-SH010-202603-0296,2026-03-30,460.00,429.91,30.09,,,SKIPPED,PERIOD_NOT_OPENED
SH006,REC-SH006-202603-0426,2026-03-30,3240.00,3028.04,211.96,,,SKIPPED,PERIOD_NOT_OPENED
SH026,REC-SH026-202603-0283,2026-03-30,1230.00,1149.53,80.47,,,SKIPPED,PERIOD_NOT_OPENED
SH026,REC-SH026-202603-0284,2026-03-30,160.00,149.53,10.47,,,SKIPPED,PERIOD_NOT_OPENED
SH006,REC-SH006-202603-0427,2026-03-30,180.00,168.22,11.78,,,SKIPPED,PERIOD_NOT_OPENED
SH001,REC-SH001-202603-0279,2026-03-30,240.00,224.30,15.70,,,SKIPPED,PERIOD_NOT_OPENED
SH006,REC-SH006-202603-0428,2026-03-30,400.00,373.83,26.17,,,SKIPPED,PERIOD_NOT_OPENED
SH026,REC-SH026-202603-0285,2026-03-30,200.00,186.92,13.08,,,SKIPPED,PERIOD_NOT_OPENED
SH006,REC-SH006-202603-0429,2026-03-30,160.00,149.53,10.47,,,SKIPPED,PERIOD_NOT_OPENED
SH010,REC-SH010-202603-0297,2026-03-30,80.00,74.77,5.23,,,SKIPPED,PERIOD_NOT_OPENED
SH025,REC-SH025-202603-0218,2026-03-30,240.00,224.30,15.70,,,SKIPPED,PERIOD_NOT_OPENED
SH012,REC-SH012-202603-0181,2026-03-30,580.00,542.06,37.94,,,SKIPPED,PERIOD_NOT_OPENED
SH012,REC-SH012-202603-0182,2026-03-30,460.00,429.91,30.09,,,SKIPPED,PERIOD_NOT_OPENED
SH001,REC-SH001-202603-0280,2026-03-30,1710.00,1598.13,111.87,,,SKIPPED,PERIOD_NOT_OPENED
SH024,REC-SH024-202603-0197,2026-03-30,320.00,299.07,20.93,,,SKIPPED,PERIOD_NOT_OPENED
SH006,REC-SH006-202603-0430,2026-03-30,700.00,654.21,45.79,,,SKIPPED,PERIOD_NOT_OPENED
SH028,REC-SH028-202603-0082,2026-03-30,120.00,112.15,7.85,,,SKIPPED,PERIOD_NOT_OPENED
SH024,REC-SH024-202603-0198,2026-03-30,120.00,112.15,7.85,,,SKIPPED,PERIOD_NOT_OPENED
SH024,REC-SH024-202603-0199,2026-03-30,120.00,112.15,7.85,,,SKIPPED,PERIOD_NOT_OPENED
SH010,REC-SH010-202603-0298,2026-03-30,1380.00,1289.72,90.28,,,SKIPPED,PERIOD_NOT_OPENED
SH028,REC-SH028-202603-0083,2026-03-30,120.00,112.15,7.85,,,SKIPPED,PERIOD_NOT_OPENED
SH025,REC-SH025-202603-0219,2026-03-30,280.00,261.68,18.32,,,SKIPPED,PERIOD_NOT_OPENED
SH006,REC-SH006-202603-0431,2026-03-30,1160.00,1084.11,75.89,,,SKIPPED,PERIOD_NOT_OPENED
SH026,REC-SH026-202603-0286,2026-03-30,160.00,149.53,10.47,,,SKIPPED,PERIOD_NOT_OPENED
SH012,REC-SH012-202603-0183,2026-03-30,1760.00,1644.86,115.14,,,SKIPPED,PERIOD_NOT_OPENED
SH006,REC-SH006-202603-0432,2026-03-30,80.00,74.77,5.23,,,SKIPPED,PERIOD_NOT_OPENED
SH028,REC-SH028-202603-0084,2026-03-30,480.00,448.60,31.40,,,SKIPPED,PERIOD_NOT_OPENED
SH025,REC-SH025-202603-0220,2026-03-30,80.00,74.77,5.23,,,SKIPPED,PERIOD_NOT_OPENED
SH025,REC-SH025-202603-0221,2026-03-30,80.00,74.77,5.23,,,SKIPPED,PERIOD_NOT_OPENED
SH001,REC-SH001-202603-0281,2026-03-30,330.00,308.41,21.59,,,SKIPPED,PERIOD_NOT_OPENED
SH010,REC-SH010-202603-0299,2026-03-30,325.00,303.74,21.26,,,SKIPPED,PERIOD_NOT_OPENED
SH025,REC-SH025-202603-0222,2026-03-30,160.00,149.53,10.47,,,SKIPPED,PERIOD_NOT_OPENED
SH024,REC-SH024-202603-0200,2026-03-30,120.00,112.15,7.85,,,SKIPPED,PERIOD_NOT_OPENED
SH025,REC-SH025-202603-0223,2026-03-30,280.00,261.68,18.32,,,SKIPPED,PERIOD_NOT_OPENED
SH001,REC-SH001-202603-0282,2026-03-31,220.00,205.61,14.39,,,SKIPPED,PERIOD_NOT_OPENED
SH001,REC-SH001-202603-0283,2026-03-31,610.00,570.09,39.91,,,SKIPPED,PERIOD_NOT_OPENED
SH024,REC-SH024-202603-0201,2026-03-31,1120.00,1046.73,73.27,,,SKIPPED,PERIOD_NOT_OPENED
SH026,REC-SH026-202603-0287,2026-03-31,120.00,112.15,7.85,,,SKIPPED,PERIOD_NOT_OPENED
SH006,REC-SH006-202603-0433,2026-03-31,1760.00,1644.86,115.14,,,SKIPPED,PERIOD_NOT_OPENED
SH006,REC-SH006-202603-0434,2026-03-31,240.00,224.30,15.70,,,SKIPPED,PERIOD_NOT_OPENED
SH001,REC-SH001-202603-0284,2026-03-31,580.00,542.06,37.94,,,SKIPPED,PERIOD_NOT_OPENED
SH012,REC-SH012-202603-0184,2026-03-31,580.00,542.06,37.94,,,SKIPPED,PERIOD_NOT_OPENED
SH010,REC-SH010-202603-0300,2026-03-31,330.00,308.41,21.59,,,SKIPPED,PERIOD_NOT_OPENED
SH026,REC-SH026-202603-0288,2026-03-31,330.00,308.41,21.59,,,SKIPPED,PERIOD_NOT_OPENED
SH025,REC-SH025-202603-0224,2026-03-31,120.00,112.15,7.85,,,SKIPPED,PERIOD_NOT_OPENED
SH010,REC-SH010-202603-0301,2026-03-31,460.00,429.91,30.09,,,SKIPPED,PERIOD_NOT_OPENED
SH006,REC-SH006-202603-0435,2026-03-31,6870.00,6420.56,449.44,,,SKIPPED,PERIOD_NOT_OPENED
SH006,REC-SH006-202603-0436,2026-03-31,240.00,224.30,15.70,,,SKIPPED,PERIOD_NOT_OPENED
SH006,REC-SH006-202603-0437,2026-03-31,160.00,149.53,10.47,,,SKIPPED,PERIOD_NOT_OPENED
SH012,REC-SH012-202603-0185,2026-03-31,60.00,56.07,3.93,,,SKIPPED,PERIOD_NOT_OPENED
SH026,REC-SH026-202603-0289,2026-03-31,80.00,74.77,5.23,,,SKIPPED,PERIOD_NOT_OPENED
SH026,REC-SH026-202603-0290,2026-03-31,280.00,261.68,18.32,,,SKIPPED,PERIOD_NOT_OPENED
SH024,REC-SH024-202603-0202,2026-03-31,80.00,74.77,5.23,,,SKIPPED,PERIOD_NOT_OPENED
SH024,REC-SH024-202603-0203,2026-03-31,320.00,299.07,20.93,,,SKIPPED,PERIOD_NOT_OPENED
SH026,REC-SH026-202603-0291,2026-03-31,120.00,112.15,7.85,,,SKIPPED,PERIOD_NOT_OPENED
SH006,REC-SH006-202603-0438,2026-03-31,2020.00,1887.85,132.15,,,SKIPPED,PERIOD_NOT_OPENED
SH010,REC-SH010-202603-0302,2026-03-31,2760.00,2579.44,180.56,,,SKIPPED,PERIOD_NOT_OPENED
SH006,REC-SH006-202603-0439,2026-03-31,120.00,112.15,7.85,,,SKIPPED,PERIOD_NOT_OPENED
SH006,REC-SH006-202603-0440,2026-03-31,330.00,308.41,21.59,,,SKIPPED,PERIOD_NOT_OPENED
SH012,REC-SH012-202603-0186,2026-03-31,320.00,299.07,20.93,,,SKIPPED,PERIOD_NOT_OPENED
SH028,REC-SH028-202603-0085,2026-03-31,720.00,672.90,47.10,,,SKIPPED,PERIOD_NOT_OPENED
SH025,REC-SH025-202603-0225,2026-03-31,840.00,785.05,54.95,,,SKIPPED,PERIOD_NOT_OPENED
SH006,REC-SH006-202603-0441,2026-03-31,120.00,112.15,7.85,,,SKIPPED,PERIOD_NOT_OPENED
SH012,REC-SH012-202603-0187,2026-03-31,120.00,112.15,7.85,,,SKIPPED,PERIOD_NOT_OPENED
SH010,REC-SH010-202603-0303,2026-03-31,2460.00,2299.07,160.93,,,SKIPPED,PERIOD_NOT_OPENED
SH001,REC-SH001-202603-0285,2026-03-31,1250.00,1168.22,81.78,,,SKIPPED,PERIOD_NOT_OPENED
SH006,REC-SH006-202603-0442,2026-03-31,700.00,654.21,45.79,,,SKIPPED,PERIOD_NOT_OPENED
SH010,REC-SH010-202603-0304,2026-03-31,160.00,149.53,10.47,,,SKIPPED,PERIOD_NOT_OPENED
SH006,REC-SH006-202603-0443,2026-03-31,160.00,149.53,10.47,,,SKIPPED,PERIOD_NOT_OPENED
SH006,REC-SH006-202603-0444,2026-03-31,1580.00,1476.64,103.36,,,SKIPPED,PERIOD_NOT_OPENED
SH012,REC-SH012-202603-0188,2026-03-31,120.00,112.15,7.85,,,SKIPPED,PERIOD_NOT_OPENED
SH006,REC-SH006-202603-0445,2026-03-31,60.00,56.07,3.93,,,SKIPPED,PERIOD_NOT_OPENED
SH026,REC-SH026-202603-0292,2026-03-31,460.00,429.91,30.09,,,SKIPPED,PERIOD_NOT_OPENED
SH006,REC-SH006-202603-0446,2026-03-31,325.00,303.74,21.26,,,SKIPPED,PERIOD_NOT_OPENED
SH012,REC-SH012-202603-0189,2026-03-31,80.00,74.77,5.23,,,SKIPPED,PERIOD_NOT_OPENED
SH024,REC-SH024-202603-0204,2026-03-31,1230.00,1149.53,80.47,,,SKIPPED,PERIOD_NOT_OPENED
SH006,REC-SH006-202603-0447,2026-03-31,160.00,149.53,10.47,,,SKIPPED,PERIOD_NOT_OPENED
SH001,REC-SH001-202603-0286,2026-03-31,80.00,74.77,5.23,,,SKIPPED,PERIOD_NOT_OPENED
SH006,REC-SH006-202603-0448,2026-03-31,450.00,420.56,29.44,,,SKIPPED,PERIOD_NOT_OPENED
SH006,REC-SH006-202603-0449,2026-03-31,2460.00,2299.07,160.93,,,SKIPPED,PERIOD_NOT_OPENED
SH001,REC-SH001-202603-0287,2026-03-31,610.00,570.09,39.91,,,SKIPPED,PERIOD_NOT_OPENED
SH026,REC-SH026-202603-0293,2026-03-31,200.00,186.92,13.08,,,SKIPPED,PERIOD_NOT_OPENED
SH010,REC-SH010-202603-0305,2026-03-31,1560.00,1457.94,102.06,,,SKIPPED,PERIOD_NOT_OPENED
SH026,REC-SH026-202603-0294,2026-03-31,120.00,112.15,7.85,,,SKIPPED,PERIOD_NOT_OPENED
SH006,REC-SH006-202603-0450,2026-03-31,785.00,733.64,51.36,,,SKIPPED,PERIOD_NOT_OPENED
SH001,REC-SH001-202603-0288,2026-03-31,3120.00,2915.89,204.11,,,SKIPPED,PERIOD_NOT_OPENED
SH006,REC-SH006-202603-0451,2026-03-31,60.00,56.07,3.93,,,SKIPPED,PERIOD_NOT_OPENED
